[08Jun2026 11:30:33.988] [main/INFO] [cpw.mods.modlauncher.Launcher/MODLAUNCHER]: ModLauncher running: args [--username, Re_Construction, --version, 1.20.1, --gameDir, E:/PrismLauncher/instances/Create-Infinity Mechanism/minecraft, --assetsDir, C:/Users/Re_Construction/AppData/Roaming/PrismLauncher/assets, --assetIndex, 5, --uuid, e67e0d71cf0b4ae7b861db0b86222c31, --accessToken, ????????, --userType, msa, --versionType, release, --launchTarget, forgeclient, --fml.forgeVersion, 47.4.0, --fml.mcVersion, 1.20.1, --fml.forgeGroup, net.minecraftforge, --fml.mcpVersion, 20230612.114412, --width, 854, --height, 480]
[08Jun2026 11:30:33.997] [main/INFO] [cpw.mods.modlauncher.Launcher/MODLAUNCHER]: ModLauncher 10.0.9+10.0.9+main.dcd20f30 starting: java version 17.0.15 by Microsoft; OS Windows 11 arch amd64 version 10.0
[08Jun2026 11:30:35.982] [main/INFO] [net.minecraftforge.fml.loading.ImmediateWindowHandler/]: Loading ImmediateWindowProvider fmlearlywindow
[08Jun2026 11:30:36.093] [main/INFO] [EARLYDISPLAY/]: Trying GL version 4.6
[08Jun2026 11:30:36.200] [main/INFO] [EARLYDISPLAY/]: Requested GL version 4.6 got version 4.6
[08Jun2026 11:30:36.253] [main/INFO] [com.teampotato.redirector.Redirector/]: Redirector CoreMod initialized successfully!
[08Jun2026 11:30:36.336] [main/INFO] [mixin/]: SpongePowered MIXIN Subsystem Version=0.8.5 Source=union:/C:/Users/Re_Construction/AppData/Roaming/PrismLauncher/libraries/org/spongepowered/mixin/0.8.5/mixin-0.8.5.jar%23150!/ Service=ModLauncher Env=CLIENT
[08Jun2026 11:30:36.345] [pool-2-thread-1/INFO] [EARLYDISPLAY/]: GL info: Intel(R) UHD Graphics 630 GL version 4.6.0 - Build 27.20.100.9365, Intel
[08Jun2026 11:30:37.438] [main/WARN] [net.minecraftforge.fml.loading.moddiscovery.ModFileParser/LOADING]: Mod file C:\Users\Re_Construction\AppData\Roaming\PrismLauncher\libraries\net\minecraftforge\fmlcore\1.20.1-47.4.0\fmlcore-1.20.1-47.4.0.jar is missing mods.toml file
[08Jun2026 11:30:37.443] [main/WARN] [net.minecraftforge.fml.loading.moddiscovery.ModFileParser/LOADING]: Mod file C:\Users\Re_Construction\AppData\Roaming\PrismLauncher\libraries\net\minecraftforge\javafmllanguage\1.20.1-47.4.0\javafmllanguage-1.20.1-47.4.0.jar is missing mods.toml file
[08Jun2026 11:30:37.448] [main/WARN] [net.minecraftforge.fml.loading.moddiscovery.ModFileParser/LOADING]: Mod file C:\Users\Re_Construction\AppData\Roaming\PrismLauncher\libraries\net\minecraftforge\lowcodelanguage\1.20.1-47.4.0\lowcodelanguage-1.20.1-47.4.0.jar is missing mods.toml file
[08Jun2026 11:30:37.454] [main/WARN] [net.minecraftforge.fml.loading.moddiscovery.ModFileParser/LOADING]: Mod file C:\Users\Re_Construction\AppData\Roaming\PrismLauncher\libraries\net\minecraftforge\mclanguage\1.20.1-47.4.0\mclanguage-1.20.1-47.4.0.jar is missing mods.toml file
[08Jun2026 11:30:38.161] [main/INFO] [net.minecraftforge.fml.loading.moddiscovery.JarInJarDependencyLocator/]: Found 22 dependencies adding them to mods collection
[08Jun2026 11:30:43.802] [main/INFO] [mixin/]: Compatibility level set to JAVA_17
[08Jun2026 11:30:44.204] [main/INFO] [mixin/]: Successfully loaded Mixin Connector [com.leobeliik.extremesoundmuffler.MixinConnector]
[08Jun2026 11:30:44.204] [main/INFO] [cpw.mods.modlauncher.LaunchServiceHandler/MODLAUNCHER]: Launching target 'forgeclient' with arguments [--version, 1.20.1, --gameDir, E:\PrismLauncher\instances\Create-Infinity Mechanism\minecraft, --assetsDir, C:\Users\Re_Construction\AppData\Roaming\PrismLauncher\assets, --uuid, e67e0d71cf0b4ae7b861db0b86222c31, --username, Re_Construction, --assetIndex, 5, --accessToken, ????????, --userType, msa, --versionType, release, --width, 854, --height, 480]
[08Jun2026 11:30:44.237] [main/WARN] [mixin/]: Reference map 'cookingforblockheads.refmap.json' for cookingforblockheads.mixins.json could not be read. If this is a development environment you can ignore this message
[08Jun2026 11:30:44.344] [main/INFO] [ModernFix/]: Loaded configuration file for ModernFix 5.19.7+mc1.20.1: 84 options available, 1 override(s) found
[08Jun2026 11:30:44.355] [main/WARN] [ModernFix/]: Option 'mixin.perf.thread_priorities' overriden (by mods [smoothboot]) to 'false'
[08Jun2026 11:30:44.356] [main/INFO] [ModernFix/]: Applying Nashorn fix
[08Jun2026 11:30:44.378] [main/INFO] [ModernFix/]: Applied Forge config corruption patch
[08Jun2026 11:30:44.428] [main/INFO] [Embeddium/]: Loaded configuration file for Embeddium: 190 options available, 3 override(s) found
[08Jun2026 11:30:44.431] [main/INFO] [Embeddium-GraphicsAdapterProbe/]: Searching for graphics cards...
[08Jun2026 11:30:44.433] [main/INFO] [com.teampotato.redirector.Redirector/]: Redirecting me/jellysquid/mods/sodium/client/compatibility/environment/OSInfo$OS
[08Jun2026 11:30:44.829] [main/INFO] [com.teampotato.redirector.Redirector/]: Redirecting me/jellysquid/mods/sodium/client/compatibility/environment/probe/GraphicsAdapterVendor
[08Jun2026 11:30:44.834] [main/INFO] [Embeddium-GraphicsAdapterProbe/]: Found graphics card: GraphicsAdapterInfo[vendor=INTEL, name=Intel(R) UHD Graphics 630, version=DriverVersion=27.20.100.9365]
[08Jun2026 11:30:44.834] [main/INFO] [Embeddium-GraphicsAdapterProbe/]: Found graphics card: GraphicsAdapterInfo[vendor=NVIDIA, name=NVIDIA GeForce RTX 2060, version=DriverVersion=27.21.14.5720]
[08Jun2026 11:30:44.840] [main/INFO] [com.teampotato.redirector.Redirector/]: Redirecting me/jellysquid/mods/sodium/client/compatibility/workarounds/Workarounds$Reference
[08Jun2026 11:30:44.841] [main/WARN] [Embeddium-Workarounds/]: Embeddium has applied one or more workarounds to prevent crashes or other issues on your system: [NVIDIA_THREADED_OPTIMIZATIONS]
[08Jun2026 11:30:44.842] [main/WARN] [Embeddium-Workarounds/]: This is not necessarily an issue, but it may result in certain features or optimizations being disabled. You can sometimes fix these issues by upgrading your graphics driver.
[08Jun2026 11:30:44.845] [main/INFO] [com.teampotato.redirector.Redirector/]: Redirecting org/embeddedt/embeddium_integrity/MixinTaintDetector$EnforceLevel
[08Jun2026 11:30:44.879] [main/INFO] [com.teampotato.redirector.Redirector/]: Redirecting com/llamalad7/mixinextras/service/MixinExtrasVersion
[08Jun2026 11:30:44.892] [main/INFO] [com.teampotato.redirector.Redirector/]: Redirecting com/llamalad7/mixinextras/lib/semver/VersionParser$CharType
[08Jun2026 11:30:45.319] [main/WARN] [mixin/]: Reference map 'appliedcreate.refmap.json' for appliedcreate.mixins.json could not be read. If this is a development environment you can ignore this message
[08Jun2026 11:30:45.347] [main/WARN] [mixin/]: Reference map 'industrial_platform.refmap.json' for industrial_platform.mixins.json could not be read. If this is a development environment you can ignore this message
[08Jun2026 11:30:45.353] [main/INFO] [com.teampotato.redirector.Redirector/]: Redirecting com/illusivesoulworks/polymorph/common/integration/PolymorphIntegrations$Mod
[08Jun2026 11:30:45.355] [main/INFO] [com.teampotato.redirector.Redirector/]: Redirecting com/illusivesoulworks/polymorph/common/integration/PolymorphIntegrations$Loader
[08Jun2026 11:30:45.393] [main/INFO] [Canary/]: Loaded configuration file for Canary: 116 options available, 0 override(s) found
[08Jun2026 11:30:45.414] [main/WARN] [mixin/]: Reference map 'coroutil.refmap.json' for coroutil.mixins.json could not be read. If this is a development environment you can ignore this message
[08Jun2026 11:30:45.446] [main/INFO] [com.teampotato.redirector.Redirector/]: Redirecting malte0811/ferritecore/mixin/config/FerriteMixinConfig$LithiumSupportState
[08Jun2026 11:30:45.500] [main/WARN] [mixin/]: Reference map 'chiselsandbits.refmap.json' for chisels-and-bits.mixins.json could not be read. If this is a development environment you can ignore this message
[08Jun2026 11:30:46.613] [main/INFO] [com.teampotato.redirector.Redirector/]: Redirecting com/railwayteam/railways/compat/Mods
[08Jun2026 11:30:47.438] [main/WARN] [mixin/]: Error loading class: me/jellysquid/mods/lithium/common/ai/pathing/PathNodeDefaults (java.lang.ClassNotFoundException: me.jellysquid.mods.lithium.common.ai.pathing.PathNodeDefaults)
[08Jun2026 11:30:47.714] [main/WARN] [IMixinConfigPlugin/]: Inventory Profiles Next: Doing our own dependency resolving! Because Forge is being Forge....: https://github.com/MinecraftForge/MinecraftForge/issues/9088
[08Jun2026 11:30:47.728] [main/WARN] [mixin/]: Error loading class: de/maxhenkel/easyvillagers/blocks/tileentity/TraderTileentityBase (java.lang.ClassNotFoundException: de.maxhenkel.easyvillagers.blocks.tileentity.TraderTileentityBase)
[08Jun2026 11:30:47.728] [main/WARN] [mixin/]: @Mixin target de.maxhenkel.easyvillagers.blocks.tileentity.TraderTileentityBase was not found mixins.ipnext.json:MixinTraderTileEntityBase
[08Jun2026 11:30:48.073] [main/INFO] [com.teampotato.redirector.Redirector/]: Redirecting com/copycatsplus/copycats/compat/Mods
[08Jun2026 11:30:48.444] [main/WARN] [mixin/]: Error loading class: com/simibubi/create/foundation/ponder/PonderWorld (java.lang.ClassNotFoundException: com.simibubi.create.foundation.ponder.PonderWorld)
[08Jun2026 11:30:48.494] [main/INFO] [dev.uncandango.alltheleaks.AllTheLeaks/]: Skipping issue ItemStackCreationStatistics from mod jei as it's dev only!
[08Jun2026 11:30:48.496] [main/INFO] [dev.uncandango.alltheleaks.AllTheLeaks/]: Class dev.uncandango.alltheleaks.leaks.common.mods.travelersbackpack.UntrackedIssue001 will NOT be loaded as mod travelersbackpack is not present
[08Jun2026 11:30:48.497] [main/INFO] [dev.uncandango.alltheleaks.AllTheLeaks/]: Class dev.uncandango.alltheleaks.leaks.common.mods.toolbelt.UntrackedIssue001 will NOT be loaded as mod toolbelt is not present
[08Jun2026 11:30:48.497] [main/INFO] [dev.uncandango.alltheleaks.AllTheLeaks/]: Class dev.uncandango.alltheleaks.leaks.common.mods.tfcthermaldeposits.UntrackedIssue001 will NOT be loaded as mod tfcthermaldeposits is not present
[08Jun2026 11:30:48.497] [main/INFO] [dev.uncandango.alltheleaks.AllTheLeaks/]: Class dev.uncandango.alltheleaks.leaks.common.mods.smallships.UntrackedIssue001 will NOT be loaded as mod smallships is not present
[08Jun2026 11:30:48.497] [main/INFO] [dev.uncandango.alltheleaks.AllTheLeaks/]: Class dev.uncandango.alltheleaks.leaks.common.mods.railcraft.UntrackedIssue001 will NOT be loaded as mod railcraft is not present
[08Jun2026 11:30:48.497] [main/INFO] [dev.uncandango.alltheleaks.AllTheLeaks/]: Class dev.uncandango.alltheleaks.leaks.common.mods.pneumaticcraft.UntrackedIssue001 will NOT be loaded as mod pneumaticcraft is not present
[08Jun2026 11:30:48.498] [main/INFO] [dev.uncandango.alltheleaks.AllTheLeaks/]: Class dev.uncandango.alltheleaks.leaks.common.mods.occultism.UntrackedIssue001 will NOT be loaded as mod occultism is not present
[08Jun2026 11:30:48.498] [main/INFO] [dev.uncandango.alltheleaks.AllTheLeaks/]: Class dev.uncandango.alltheleaks.leaks.common.mods.minecraft.UntrackedIssue002 will be loaded as it matches versions: 1.20.1 in 1.20.1
[08Jun2026 11:30:48.499] [main/INFO] [dev.uncandango.alltheleaks.AllTheLeaks/]: Mixins added to allowed list: [main.EntityTickListMixin]
[08Jun2026 11:30:48.499] [main/INFO] [dev.uncandango.alltheleaks.AllTheLeaks/]: Class dev.uncandango.alltheleaks.leaks.common.mods.minecraft.UntrackedIssue001 will be loaded as it matches versions: 1.20.1 in 1.20.1
[08Jun2026 11:30:48.500] [main/INFO] [dev.uncandango.alltheleaks.AllTheLeaks/]: Class dev.uncandango.alltheleaks.leaks.common.mods.irons_spellbooks.UntrackedIssue001 will NOT be loaded as mod irons_spellbooks is not present
[08Jun2026 11:30:48.500] [main/INFO] [dev.uncandango.alltheleaks.AllTheLeaks/]: Class dev.uncandango.alltheleaks.leaks.common.mods.forge.UntrackedIssue003 will be loaded as it matches versions: 47.4.0 in [47.2,)
[08Jun2026 11:30:48.500] [main/INFO] [dev.uncandango.alltheleaks.AllTheLeaks/]: Class dev.uncandango.alltheleaks.leaks.common.mods.forge.UntrackedIssue002 will be loaded as it matches versions: 47.4.0 in [47.2,)
[08Jun2026 11:30:48.501] [main/INFO] [dev.uncandango.alltheleaks.AllTheLeaks/]: Mixins added to allowed list: [accessor.FakePlayerNetHandlerAccessor, accessor.ConnectionAccessor]
[08Jun2026 11:30:48.501] [main/INFO] [dev.uncandango.alltheleaks.AllTheLeaks/]: Class dev.uncandango.alltheleaks.leaks.common.mods.forge.UntrackedIssue001 will be loaded as it matches versions: 47.4.0 in [47.2,)
[08Jun2026 11:30:48.502] [main/INFO] [dev.uncandango.alltheleaks.AllTheLeaks/]: Mixins added to allowed list: [main.ServerPlayerMixin, main.PlayerListMixin]
[08Jun2026 11:30:48.502] [main/INFO] [dev.uncandango.alltheleaks.AllTheLeaks/]: Class dev.uncandango.alltheleaks.leaks.common.mods.forbidden_arcanus.UntrackedIssue001 will NOT be loaded as mod forbidden_arcanus is not present
[08Jun2026 11:30:48.503] [main/INFO] [dev.uncandango.alltheleaks.AllTheLeaks/]: Class dev.uncandango.alltheleaks.leaks.common.mods.curios.UntrackedIssue001 will be loaded as it matches versions: 5.11.1+1.20.1 in [5.9.1,)
[08Jun2026 11:30:48.504] [main/INFO] [dev.uncandango.alltheleaks.AllTheLeaks/]: Mixins added to allowed list: [main.CuriosEventHandlerMixin]
[08Jun2026 11:30:48.504] [main/INFO] [dev.uncandango.alltheleaks.AllTheLeaks/]: Class dev.uncandango.alltheleaks.leaks.common.mods.createaddition.UntrackedIssue001 will NOT be loaded as mod createaddition does not match versions: 1.20.1-1.3.3 in [1.20.1-1.0.0b,1.20.1-1.2.3]
[08Jun2026 11:30:48.504] [main/INFO] [dev.uncandango.alltheleaks.AllTheLeaks/]: Class dev.uncandango.alltheleaks.leaks.common.mods.create.UntrackedIssue001 will be loaded as it matches versions: 6.0.8 in [0.5.1.c,)
[08Jun2026 11:30:48.504] [main/INFO] [dev.uncandango.alltheleaks.AllTheLeaks/]: Mixins added to allowed list: [accessor.ExtendoGripItemAccessor]
[08Jun2026 11:30:48.505] [main/INFO] [dev.uncandango.alltheleaks.AllTheLeaks/]: Class dev.uncandango.alltheleaks.leaks.common.mods.citadel.UntrackedIssue001 will NOT be loaded as mod citadel is not present
[08Jun2026 11:30:48.505] [main/INFO] [dev.uncandango.alltheleaks.AllTheLeaks/]: Class dev.uncandango.alltheleaks.leaks.common.mods.betterf3.UntrackedIssue001 will NOT be loaded as mod betterf3 is not present
[08Jun2026 11:30:48.506] [main/INFO] [dev.uncandango.alltheleaks.AllTheLeaks/]: Class dev.uncandango.alltheleaks.leaks.common.mods.badpackets.UntrackedIssue001 will be loaded as it matches versions: 0.4.3 in [0.4.1,)
[08Jun2026 11:30:48.506] [main/INFO] [dev.uncandango.alltheleaks.AllTheLeaks/]: Class dev.uncandango.alltheleaks.leaks.common.mods.ars_nouveau.UntrackedIssue002 will NOT be loaded as mod ars_nouveau is not present
[08Jun2026 11:30:48.506] [main/INFO] [dev.uncandango.alltheleaks.AllTheLeaks/]: Class dev.uncandango.alltheleaks.leaks.common.mods.ars_nouveau.UntrackedIssue001 will NOT be loaded as mod ars_nouveau is not present
[08Jun2026 11:30:48.506] [main/INFO] [dev.uncandango.alltheleaks.AllTheLeaks/]: Class dev.uncandango.alltheleaks.leaks.common.mods.architectury.UntrackedIssue001 will be loaded as it matches versions: 9.2.14 in [9.0.8,)
[08Jun2026 11:30:48.506] [main/INFO] [dev.uncandango.alltheleaks.AllTheLeaks/]: Class dev.uncandango.alltheleaks.leaks.common.mods.aether.UntrackedIssue001 will NOT be loaded as mod aether is not present
[08Jun2026 11:30:48.507] [main/INFO] [dev.uncandango.alltheleaks.AllTheLeaks/]: Class dev.uncandango.alltheleaks.leaks.common.mods.ae2wtlib.UntrackedIssue001 will be loaded as it matches versions: 15.2.3-forge in [15.2.3,)
[08Jun2026 11:30:48.507] [main/INFO] [dev.uncandango.alltheleaks.AllTheLeaks/]: Class dev.uncandango.alltheleaks.leaks.client.mods.twilightforest.UntrackedIssue001 will NOT be loaded as mod twilightforest is not present
[08Jun2026 11:30:48.507] [main/INFO] [dev.uncandango.alltheleaks.AllTheLeaks/]: Class dev.uncandango.alltheleaks.leaks.client.mods.travelersbackpack.UntrackedIssue001 will NOT be loaded as mod travelersbackpack is not present
[08Jun2026 11:30:48.507] [main/INFO] [dev.uncandango.alltheleaks.AllTheLeaks/]: Class dev.uncandango.alltheleaks.leaks.client.mods.tombstone.UntrackedIssue001 will NOT be loaded as mod tombstone is not present
[08Jun2026 11:30:48.508] [main/INFO] [dev.uncandango.alltheleaks.AllTheLeaks/]: Class dev.uncandango.alltheleaks.leaks.client.mods.pneumaticcraft.UntrackedIssue001 will NOT be loaded as mod pneumaticcraft is not present
[08Jun2026 11:30:48.508] [main/INFO] [dev.uncandango.alltheleaks.AllTheLeaks/]: Class dev.uncandango.alltheleaks.leaks.client.mods.nuclearcraft.UntrackedIssue001 will NOT be loaded as mod nuclearcraft is not present
[08Jun2026 11:30:48.508] [main/INFO] [dev.uncandango.alltheleaks.AllTheLeaks/]: Class dev.uncandango.alltheleaks.leaks.client.mods.mousetweaks.UntrackedIssue001 will be loaded as it matches versions: 2.25.1 in [2.25.1,)
[08Jun2026 11:30:48.508] [main/INFO] [dev.uncandango.alltheleaks.AllTheLeaks/]: Class dev.uncandango.alltheleaks.leaks.client.mods.minecraft.UntrackedIssue001 will be loaded as it matches versions: 1.20.1 in 1.20.1
[08Jun2026 11:30:48.509] [main/INFO] [dev.uncandango.alltheleaks.AllTheLeaks/]: Mixins added to allowed list: [main.ATLItemStackMixin, main.MinecraftMixin, main.SynchedEntityDataMixin]
[08Jun2026 11:30:48.509] [main/INFO] [dev.uncandango.alltheleaks.AllTheLeaks/]: Skipping issue [untracked] from mod minecraft as mod modernfix is present!
[08Jun2026 11:30:48.509] [main/INFO] [dev.uncandango.alltheleaks.AllTheLeaks/]: Class dev.uncandango.alltheleaks.leaks.client.mods.minecolonies.UntrackedIssue001 will NOT be loaded as mod minecolonies is not present
[08Jun2026 11:30:48.509] [main/INFO] [dev.uncandango.alltheleaks.AllTheLeaks/]: Class dev.uncandango.alltheleaks.leaks.client.mods.ldlib.UntrackedIssue001 will NOT be loaded as mod ldlib is not present
[08Jun2026 11:30:48.509] [main/INFO] [dev.uncandango.alltheleaks.AllTheLeaks/]: Class dev.uncandango.alltheleaks.leaks.client.mods.journeymap.UntrackedIssue001 will NOT be loaded as mod journeymap is not present
[08Jun2026 11:30:48.510] [main/INFO] [dev.uncandango.alltheleaks.AllTheLeaks/]: Class dev.uncandango.alltheleaks.leaks.client.mods.jeresources.UntrackedIssue001 will NOT be loaded as mod jeresources is not present
[08Jun2026 11:30:48.510] [main/INFO] [dev.uncandango.alltheleaks.AllTheLeaks/]: Class dev.uncandango.alltheleaks.leaks.client.mods.jei.UntrackedIssue002 will NOT be loaded as mod jei does not match versions: 15.20.0.105 in [15.4,15.5)
[08Jun2026 11:30:48.510] [main/INFO] [dev.uncandango.alltheleaks.AllTheLeaks/]: Class dev.uncandango.alltheleaks.leaks.client.mods.jei.UntrackedIssue001 will be loaded as it matches versions: 15.20.0.105 in [15.8.2.24,)
[08Jun2026 11:30:48.510] [main/INFO] [dev.uncandango.alltheleaks.AllTheLeaks/]: Mixins added to allowed list: [main.RecipeTransferButtonMixin, main.LazySortedRecipeLayoutListMixin]
[08Jun2026 11:30:48.511] [main/INFO] [dev.uncandango.alltheleaks.AllTheLeaks/]: Class dev.uncandango.alltheleaks.leaks.client.mods.irons_spellbooks.UntrackedIssue001 will NOT be loaded as mod irons_spellbooks is not present
[08Jun2026 11:30:48.511] [main/INFO] [dev.uncandango.alltheleaks.AllTheLeaks/]: Class dev.uncandango.alltheleaks.leaks.client.mods.iceberg.UntrackedIssue003 will NOT be loaded as mod iceberg is not present
[08Jun2026 11:30:48.511] [main/INFO] [dev.uncandango.alltheleaks.AllTheLeaks/]: Class dev.uncandango.alltheleaks.leaks.client.mods.iceberg.UntrackedIssue002 will NOT be loaded as mod iceberg is not present
[08Jun2026 11:30:48.511] [main/INFO] [dev.uncandango.alltheleaks.AllTheLeaks/]: Class dev.uncandango.alltheleaks.leaks.client.mods.iceberg.UntrackedIssue001 will NOT be loaded as mod iceberg is not present
[08Jun2026 11:30:48.511] [main/INFO] [dev.uncandango.alltheleaks.AllTheLeaks/]: Class dev.uncandango.alltheleaks.leaks.client.mods.geckolib.UntrackedIssue001 will NOT be loaded as mod geckolib is not present
[08Jun2026 11:30:48.511] [main/INFO] [dev.uncandango.alltheleaks.AllTheLeaks/]: Class dev.uncandango.alltheleaks.leaks.client.mods.ftblibrary.UntrackedIssue001 will be loaded as it matches versions: 2001.2.6 in [2001.2.2,)
[08Jun2026 11:30:48.511] [main/INFO] [dev.uncandango.alltheleaks.AllTheLeaks/]: Mixins added to allowed list: [accessor.BaseScreenAccessor]
[08Jun2026 11:30:48.512] [main/INFO] [dev.uncandango.alltheleaks.AllTheLeaks/]: Class dev.uncandango.alltheleaks.leaks.client.mods.flywheel.UntrackedIssue001 will be loaded as it matches versions: 1.0.5 in [0.6.9-4,)
[08Jun2026 11:30:48.512] [main/INFO] [dev.uncandango.alltheleaks.AllTheLeaks/]: Mixins added to allowed list: [main.WorldAttachedMixin]
[08Jun2026 11:30:48.512] [main/INFO] [dev.uncandango.alltheleaks.AllTheLeaks/]: Class dev.uncandango.alltheleaks.leaks.client.mods.findme.UntrackedIssue001 will NOT be loaded as mod findme is not present
[08Jun2026 11:30:48.512] [main/INFO] [dev.uncandango.alltheleaks.AllTheLeaks/]: Class dev.uncandango.alltheleaks.leaks.client.mods.emi_loot.UntrackedIssue001 will NOT be loaded as mod emi_loot is not present
[08Jun2026 11:30:48.512] [main/INFO] [dev.uncandango.alltheleaks.AllTheLeaks/]: Class dev.uncandango.alltheleaks.leaks.client.mods.emi.UntrackedIssue001 will be loaded as it matches versions: 1.1.19+1.20.1+forge in [1.0.21,)
[08Jun2026 11:30:48.513] [main/INFO] [dev.uncandango.alltheleaks.AllTheLeaks/]: Class dev.uncandango.alltheleaks.leaks.client.mods.easy_villagers.UntrackedIssue001 will NOT be loaded as mod easy_villagers is not present
[08Jun2026 11:30:48.513] [main/INFO] [dev.uncandango.alltheleaks.AllTheLeaks/]: Class dev.uncandango.alltheleaks.leaks.client.mods.difficultylock.UntrackedIssue001 will NOT be loaded as mod difficultylock is not present
[08Jun2026 11:30:48.513] [main/INFO] [dev.uncandango.alltheleaks.AllTheLeaks/]: Class dev.uncandango.alltheleaks.leaks.client.mods.cyclopscore.UntrackedIssue001 will NOT be loaded as mod cyclopscore is not present
[08Jun2026 11:30:48.513] [main/INFO] [dev.uncandango.alltheleaks.AllTheLeaks/]: Class dev.uncandango.alltheleaks.leaks.client.mods.corpse.UntrackedIssue001 will be loaded as it matches versions: 1.20.1-1.0.19 in [1.20.1-1.0.3,)
[08Jun2026 11:30:48.513] [main/INFO] [dev.uncandango.alltheleaks.AllTheLeaks/]: Mixins added to allowed list: [main.CorpseRendererMixin]
[08Jun2026 11:30:48.513] [main/INFO] [dev.uncandango.alltheleaks.AllTheLeaks/]: Class dev.uncandango.alltheleaks.leaks.client.mods.blue_skies.UntrackedIssue001 will NOT be loaded as mod blue_skies is not present
[08Jun2026 11:30:48.514] [main/INFO] [dev.uncandango.alltheleaks.AllTheLeaks/]: Class dev.uncandango.alltheleaks.leaks.client.mods.badpackets.UntrackedIssue001 will be loaded as it matches versions: 0.4.3 in [0.4.1,)
[08Jun2026 11:30:48.514] [main/INFO] [dev.uncandango.alltheleaks.AllTheLeaks/]: Mixins added to allowed list: [main.ClientPacketListenerMixin]
[08Jun2026 11:30:48.514] [main/INFO] [dev.uncandango.alltheleaks.AllTheLeaks/]: Class dev.uncandango.alltheleaks.leaks.client.mods.ae2wtlib.UntrackedIssue002 will be loaded as it matches versions: 15.2.3-forge in [15.2.3,)
[08Jun2026 11:30:48.514] [main/INFO] [dev.uncandango.alltheleaks.AllTheLeaks/]: Mixins added to allowed list: [main.AE2wtlibForgeMixin]
[08Jun2026 11:30:48.514] [main/INFO] [dev.uncandango.alltheleaks.AllTheLeaks/]: Class dev.uncandango.alltheleaks.leaks.client.mods.ae2wtlib.UntrackedIssue001 will be loaded as it matches versions: 15.2.3-forge in [15.2.3,)
[08Jun2026 11:30:48.516] [main/INFO] [dev.uncandango.alltheleaks.AllTheLeaks/]: Class dev.uncandango.alltheleaks.fix.common.mods.modernfix.CancelRLMixin will be loaded as it matches versions: 5.19.7+mc1.20.1 in [5.0.0,)
[08Jun2026 11:30:48.516] [main/INFO] [dev.uncandango.alltheleaks.AllTheLeaks/]: Mixins added to cancel list: [org.embeddedt.modernfix.common.mixin.perf.deduplicate_location.MixinResourceLocation]
[08Jun2026 11:30:48.527] [main/INFO] [dev.uncandango.alltheleaks.AllTheLeaks/]: Skipping feature ResourceLocation Deduplication from mod minecraft as it's feature flag is not activated!
[08Jun2026 11:30:48.528] [main/INFO] [dev.uncandango.alltheleaks.AllTheLeaks/]: Skipping feature Ingredient Deduplication from mod minecraft as it's feature flag is not activated!
[08Jun2026 11:30:48.529] [main/INFO] [dev.uncandango.alltheleaks.AllTheLeaks/]: Skipping feature Prevent Search Ignored Items from mod jei as it's feature flag is not activated!
[08Jun2026 11:30:48.587] [main/WARN] [mixin/]: Error loading class: com/jozufozu/flywheel/util/WorldAttached (java.lang.ClassNotFoundException: com.jozufozu.flywheel.util.WorldAttached)
[08Jun2026 11:30:48.588] [main/WARN] [mixin/]: @Mixin target com.jozufozu.flywheel.util.WorldAttached was not found alltheleaks.mixins.json:main.WorldAttachedMixin
[08Jun2026 11:30:48.866] [main/WARN] [mixin/]: Error loading class: net/raphimc/immediatelyfast/feature/map_atlas_generation/MapAtlasTexture (java.lang.ClassNotFoundException: net.raphimc.immediatelyfast.feature.map_atlas_generation.MapAtlasTexture)
[08Jun2026 11:30:49.316] [main/INFO] [com.teampotato.redirector.Redirector/]: Redirecting com/simibubi/create/compat/Mods
[08Jun2026 11:30:49.324] [main/WARN] [mixin/]: Error loading class: xaero/map/gui/GuiMap (java.lang.ClassNotFoundException: xaero.map.gui.GuiMap)
[08Jun2026 11:30:49.324] [main/WARN] [mixin/]: @Mixin target xaero.map.gui.GuiMap was not found create.mixins.json:compat.xaeros.XaeroFullscreenMapAccessor
[08Jun2026 11:30:49.329] [main/WARN] [mixin/]: Error loading class: xaero/map/gui/GuiMap (java.lang.ClassNotFoundException: xaero.map.gui.GuiMap)
[08Jun2026 11:30:49.330] [main/WARN] [mixin/]: @Mixin target xaero.map.gui.GuiMap was not found create.mixins.json:compat.xaeros.XaeroFullscreenMapMixin
[08Jun2026 11:30:49.523] [main/WARN] [Embeddium/]: Force-disabling mixin 'features.render.world.sky.WorldRendererMixin' as rule 'mixin.features.render.world.sky' (added by mods [oculus]) disables it and children
[08Jun2026 11:30:49.525] [main/WARN] [Embeddium/]: Force-disabling mixin 'features.render.world.sky.ClientWorldMixin' as rule 'mixin.features.render.world.sky' (added by mods [oculus]) disables it and children
[08Jun2026 11:30:49.526] [main/WARN] [Embeddium/]: Force-disabling mixin 'features.render.world.sky.BackgroundRendererMixin' as rule 'mixin.features.render.world.sky' (added by mods [oculus]) disables it and children
[08Jun2026 11:30:49.529] [main/WARN] [Embeddium/]: Force-disabling mixin 'features.render.gui.font.GlyphRendererMixin' as rule 'mixin.features.render.gui.font' (added by mods [oculus]) disables it and children
[08Jun2026 11:30:49.530] [main/WARN] [Embeddium/]: Force-disabling mixin 'features.render.gui.font.FontSetMixin' as rule 'mixin.features.render.gui.font' (added by mods [oculus]) disables it and children
[08Jun2026 11:30:49.531] [main/WARN] [Embeddium/]: Force-disabling mixin 'features.render.entity.shadows.EntityRenderDispatcherMixin' as rule 'mixin.features.render.entity' (added by mods [oculus]) disables it and children
[08Jun2026 11:30:49.532] [main/WARN] [Embeddium/]: Force-disabling mixin 'features.render.entity.remove_streams.ModelPartMixin' as rule 'mixin.features.render.entity' (added by mods [oculus]) disables it and children
[08Jun2026 11:30:49.532] [main/WARN] [Embeddium/]: Force-disabling mixin 'features.render.entity.remove_streams.HierarchicalModelMixin' as rule 'mixin.features.render.entity' (added by mods [oculus]) disables it and children
[08Jun2026 11:30:49.533] [main/WARN] [Embeddium/]: Force-disabling mixin 'features.render.entity.fast_render.ModelPartMixin' as rule 'mixin.features.render.entity' (added by mods [oculus]) disables it and children
[08Jun2026 11:30:49.533] [main/WARN] [Embeddium/]: Force-disabling mixin 'features.render.entity.fast_render.CuboidMixin' as rule 'mixin.features.render.entity' (added by mods [oculus]) disables it and children
[08Jun2026 11:30:49.534] [main/WARN] [Embeddium/]: Force-disabling mixin 'features.render.entity.cull.EntityRendererMixin' as rule 'mixin.features.render.entity' (added by mods [oculus]) disables it and children
[08Jun2026 11:30:49.852] [main/INFO] [com.teampotato.redirector.Redirector/]: Redirecting com/bawnorton/mixinsquared/adjuster/tools/AdjustableAnnotationNode$KnownAnnotations
[08Jun2026 11:30:49.883] [main/INFO] [MixinExtras|Service/]: Initializing MixinExtras via com.llamalad7.mixinextras.service.MixinExtrasServiceImpl(version=0.5.3).
[08Jun2026 11:30:50.678] [main/INFO] [com.teampotato.redirector.Redirector/]: Redirecting org/redlance/dima_dencep/mods/rrls/utils/OverlayHelper$State
[08Jun2026 11:30:51.262] [main/INFO] [Smooth Boot (Reloaded)/]: Smooth Boot (Reloaded) config initialized
[08Jun2026 11:30:51.315] [main/INFO] [com.teampotato.redirector.Redirector/]: Redirecting net/minecraft/client/telemetry/TelemetryProperty$ServerType
[08Jun2026 11:30:51.425] [main/INFO] [com.teampotato.redirector.Redirector/]: Redirecting net/minecraft/client/telemetry/TelemetryProperty$GameMode
[08Jun2026 11:30:51.477] [main/INFO] [com.teampotato.redirector.Redirector/]: Redirecting net/minecraft/util/Unit
[08Jun2026 11:30:51.486] [main/INFO] [com.teampotato.redirector.Redirector/]: Redirecting net/minecraft/ChatFormatting
[08Jun2026 11:30:51.551] [main/INFO] [com.teampotato.redirector.Redirector/]: Redirecting net/minecraft/util/datafix/DataFixTypes
[08Jun2026 11:30:51.566] [main/INFO] [com.teampotato.redirector.Redirector/]: Redirecting net/minecraft/client/User$Type
[08Jun2026 11:30:53.607] [main/INFO] [com.teampotato.redirector.Redirector/]: Redirecting net/minecraft/Util$OS
[08Jun2026 11:30:53.772] [pool-4-thread-1/INFO] [net.minecraft.server.Bootstrap/]: ModernFix reached bootstrap stage (25.01 s after launch)
[08Jun2026 11:30:53.850] [pool-4-thread-1/INFO] [com.teampotato.redirector.Redirector/]: Redirecting net/minecraft/Util$IdentityStrategy
[08Jun2026 11:30:53.872] [pool-4-thread-1/INFO] [com.teampotato.redirector.Redirector/]: Redirecting net/minecraft/core/Holder$Reference$Type
[08Jun2026 11:30:53.908] [pool-4-thread-1/WARN] [mixin/]: @Final field delegatesByName:Ljava/util/Map; in modernfix-forge.mixins.json:perf.forge_registry_alloc.ForgeRegistryMixin should be final
[08Jun2026 11:30:53.908] [pool-4-thread-1/WARN] [mixin/]: @Final field delegatesByValue:Ljava/util/Map; in modernfix-forge.mixins.json:perf.forge_registry_alloc.ForgeRegistryMixin should be final
[08Jun2026 11:30:54.018] [pool-4-thread-1/INFO] [ModernFix/]: Injecting BlockStateBase cache population hook into getNeighborPathNodeType from com.abdelaziz.canary.mixin.ai.pathing.BlockStateBaseMixin
[08Jun2026 11:30:54.018] [pool-4-thread-1/INFO] [ModernFix/]: Injecting BlockStateBase cache population hook into getPathNodeType from com.abdelaziz.canary.mixin.ai.pathing.BlockStateBaseMixin
[08Jun2026 11:30:54.563] [pool-4-thread-1/INFO] [com.teampotato.redirector.Redirector/]: Redirecting net/minecraft/core/Direction
[08Jun2026 11:30:54.566] [pool-4-thread-1/INFO] [com.teampotato.redirector.Redirector/]: Redirecting net/minecraft/core/Direction$AxisDirection
[08Jun2026 11:30:54.567] [pool-4-thread-1/INFO] [com.teampotato.redirector.Redirector/]: Redirecting net/minecraft/core/Direction$Axis
[08Jun2026 11:30:54.675] [pool-4-thread-1/INFO] [com.teampotato.redirector.Redirector/]: Redirecting net/minecraft/core/Direction$Plane
[08Jun2026 11:30:54.678] [pool-4-thread-1/INFO] [com.teampotato.redirector.Redirector/]: Redirecting net/minecraft/core/FrontAndTop
[08Jun2026 11:30:54.687] [pool-4-thread-1/INFO] [com.teampotato.redirector.Redirector/]: Redirecting net/minecraft/world/level/block/state/properties/AttachFace
[08Jun2026 11:30:54.688] [pool-4-thread-1/INFO] [com.teampotato.redirector.Redirector/]: Redirecting net/minecraft/world/level/block/state/properties/BellAttachType
[08Jun2026 11:30:54.690] [pool-4-thread-1/INFO] [com.teampotato.redirector.Redirector/]: Redirecting net/minecraft/world/level/block/state/properties/WallSide
[08Jun2026 11:30:54.691] [pool-4-thread-1/INFO] [com.teampotato.redirector.Redirector/]: Redirecting net/minecraft/world/level/block/state/properties/RedstoneSide
[08Jun2026 11:30:54.693] [pool-4-thread-1/INFO] [com.teampotato.redirector.Redirector/]: Redirecting net/minecraft/world/level/block/state/properties/DoubleBlockHalf
[08Jun2026 11:30:54.694] [pool-4-thread-1/INFO] [com.teampotato.redirector.Redirector/]: Redirecting net/minecraft/world/level/block/state/properties/Half
[08Jun2026 11:30:54.696] [pool-4-thread-1/INFO] [com.teampotato.redirector.Redirector/]: Redirecting net/minecraft/world/level/block/state/properties/RailShape
[08Jun2026 11:30:54.701] [pool-4-thread-1/INFO] [com.teampotato.redirector.Redirector/]: Redirecting net/minecraft/world/level/block/state/properties/BedPart
[08Jun2026 11:30:54.702] [pool-4-thread-1/INFO] [com.teampotato.redirector.Redirector/]: Redirecting net/minecraft/world/level/block/state/properties/ChestType
[08Jun2026 11:30:54.703] [pool-4-thread-1/INFO] [com.teampotato.redirector.Redirector/]: Redirecting net/minecraft/world/level/block/state/properties/ComparatorMode
[08Jun2026 11:30:54.704] [pool-4-thread-1/INFO] [com.teampotato.redirector.Redirector/]: Redirecting net/minecraft/world/level/block/state/properties/DoorHingeSide
[08Jun2026 11:30:54.706] [pool-4-thread-1/INFO] [com.teampotato.redirector.Redirector/]: Redirecting net/minecraft/world/level/block/state/properties/NoteBlockInstrument
[08Jun2026 11:30:54.763] [pool-4-thread-1/INFO] [com.teampotato.redirector.Redirector/]: Redirecting net/minecraft/world/level/block/state/properties/NoteBlockInstrument$Type
[08Jun2026 11:30:54.766] [pool-4-thread-1/INFO] [com.teampotato.redirector.Redirector/]: Redirecting net/minecraft/world/level/block/state/properties/PistonType
[08Jun2026 11:30:54.767] [pool-4-thread-1/INFO] [com.teampotato.redirector.Redirector/]: Redirecting net/minecraft/world/level/block/state/properties/SlabType
[08Jun2026 11:30:54.768] [pool-4-thread-1/INFO] [com.teampotato.redirector.Redirector/]: Redirecting net/minecraft/world/level/block/state/properties/StairsShape
[08Jun2026 11:30:54.770] [pool-4-thread-1/INFO] [com.teampotato.redirector.Redirector/]: Redirecting net/minecraft/world/level/block/state/properties/StructureMode
[08Jun2026 11:30:54.771] [pool-4-thread-1/INFO] [com.teampotato.redirector.Redirector/]: Redirecting net/minecraft/world/level/block/state/properties/BambooLeaves
[08Jun2026 11:30:54.773] [pool-4-thread-1/INFO] [com.teampotato.redirector.Redirector/]: Redirecting net/minecraft/world/level/block/state/properties/Tilt
[08Jun2026 11:30:54.774] [pool-4-thread-1/INFO] [com.teampotato.redirector.Redirector/]: Redirecting net/minecraft/world/level/block/state/properties/DripstoneThickness
[08Jun2026 11:30:54.775] [pool-4-thread-1/INFO] [com.teampotato.redirector.Redirector/]: Redirecting net/minecraft/world/level/block/state/properties/SculkSensorPhase
[08Jun2026 11:30:55.292] [pool-4-thread-1/INFO] [com.teampotato.redirector.Redirector/]: Redirecting net/minecraft/world/level/material/PushReaction
[08Jun2026 11:30:55.396] [pool-4-thread-1/INFO] [com.teampotato.redirector.Redirector/]: Redirecting net/minecraft/world/level/block/state/BlockBehaviour$OffsetType
[08Jun2026 11:30:55.398] [pool-4-thread-1/INFO] [com.teampotato.redirector.Redirector/]: Redirecting net/minecraft/world/level/pathfinder/PathComputationType
[08Jun2026 11:30:55.405] [pool-4-thread-1/INFO] [net.minecraft.server.Bootstrap/]: Vanilla bootstrap took 1628 milliseconds
[08Jun2026 11:30:55.476] [pool-4-thread-1/INFO] [com.teampotato.redirector.Redirector/]: Redirecting net/minecraftforge/network/NetworkDirection
[08Jun2026 11:30:55.548] [pool-4-thread-1/INFO] [com.teampotato.redirector.Redirector/]: Redirecting net/minecraft/world/item/DyeColor
[08Jun2026 11:30:55.550] [pool-4-thread-1/INFO] [com.teampotato.redirector.Redirector/]: Redirecting net/minecraft/util/ByIdMap$OutOfBoundsStrategy
[08Jun2026 11:30:55.650] [pool-4-thread-1/INFO] [com.teampotato.redirector.Redirector/]: Redirecting net/minecraft/core/AxisCycle
[08Jun2026 11:30:55.733] [pool-4-thread-1/INFO] [com.teampotato.redirector.Redirector/]: Redirecting net/minecraft/world/effect/MobEffectCategory
[08Jun2026 11:30:55.736] [pool-4-thread-1/INFO] [com.teampotato.redirector.Redirector/]: Redirecting net/minecraft/world/entity/ai/attributes/AttributeModifier$Operation
[08Jun2026 11:30:55.959] [pool-4-thread-1/INFO] [com.teampotato.redirector.Redirector/]: Redirecting net/minecraft/world/level/block/PressurePlateBlock$Sensitivity
[08Jun2026 11:30:56.042] [pool-4-thread-1/INFO] [com.teampotato.redirector.Redirector/]: Redirecting net/minecraft/world/level/block/MultifaceSpreader$SpreadType
[08Jun2026 11:30:56.068] [pool-4-thread-1/INFO] [com.teampotato.redirector.Redirector/]: Redirecting net/minecraft/world/InteractionHand
[08Jun2026 11:30:56.069] [pool-4-thread-1/INFO] [com.teampotato.redirector.Redirector/]: Redirecting net/minecraft/world/InteractionResult
[08Jun2026 11:30:56.072] [pool-4-thread-1/INFO] [com.teampotato.redirector.Redirector/]: Redirecting net/minecraft/world/level/biome/Biome$Precipitation
[08Jun2026 11:30:56.078] [pool-4-thread-1/INFO] [com.teampotato.redirector.Redirector/]: Redirecting net/mehvahdjukaar/amendments/reg/ModBlockProperties$SignAttachment
[08Jun2026 11:30:56.079] [pool-4-thread-1/INFO] [com.teampotato.redirector.Redirector/]: Redirecting net/mehvahdjukaar/amendments/reg/ModBlockProperties$BlockAttachment
[08Jun2026 11:30:56.122] [pool-4-thread-1/INFO] [com.teampotato.redirector.Redirector/]: Redirecting net/minecraft/world/level/block/SkullBlock$Types
[08Jun2026 11:30:56.495] [pool-4-thread-1/INFO] [com.teampotato.redirector.Redirector/]: Redirecting net/minecraft/world/level/block/WeatheringCopper$WeatherState
[08Jun2026 11:30:56.732] [pool-4-thread-1/INFO] [com.teampotato.redirector.Redirector/]: Redirecting net/minecraft/world/item/Rarity
[08Jun2026 11:30:56.764] [pool-4-thread-1/INFO] [com.teampotato.redirector.Redirector/]: Redirecting net/minecraft/world/entity/vehicle/AbstractMinecart$Type
[08Jun2026 11:30:56.800] [pool-4-thread-1/INFO] [com.teampotato.redirector.Redirector/]: Redirecting net/minecraft/world/entity/MobCategory
[08Jun2026 11:30:57.161] [pool-4-thread-1/INFO] [com.teampotato.redirector.Redirector/]: Redirecting net/minecraft/world/entity/ai/goal/Goal$Flag
[08Jun2026 11:30:57.545] [pool-4-thread-1/INFO] [com.teampotato.redirector.Redirector/]: Redirecting net/minecraft/world/entity/Pose
[08Jun2026 11:30:57.546] [pool-4-thread-1/INFO] [com.teampotato.redirector.Redirector/]: Redirecting net/minecraft/world/entity/animal/sniffer/Sniffer$State
[08Jun2026 11:30:57.777] [pool-4-thread-1/INFO] [com.teampotato.redirector.Redirector/]: Redirecting net/minecraft/world/item/ArmorItem$Type
[08Jun2026 11:30:57.778] [pool-4-thread-1/INFO] [com.teampotato.redirector.Redirector/]: Redirecting net/minecraft/world/entity/EquipmentSlot
[08Jun2026 11:30:57.779] [pool-4-thread-1/INFO] [com.teampotato.redirector.Redirector/]: Redirecting net/minecraft/world/entity/EquipmentSlot$Type
[08Jun2026 11:30:57.785] [pool-4-thread-1/INFO] [com.teampotato.redirector.Redirector/]: Redirecting net/minecraft/world/entity/vehicle/Boat$Type
[08Jun2026 11:30:57.787] [pool-4-thread-1/INFO] [com.teampotato.redirector.Redirector/]: Redirecting net/minecraft/world/item/ArmorMaterials
[08Jun2026 11:30:57.809] [pool-4-thread-1/INFO] [com.teampotato.redirector.Redirector/]: Redirecting net/minecraft/world/item/Tiers
[08Jun2026 11:30:57.865] [pool-4-thread-1/INFO] [com.teampotato.redirector.Redirector/]: Redirecting net/minecraft/network/protocol/game/ClientboundPlayerInfoUpdatePacket$Action
[08Jun2026 11:30:57.953] [pool-4-thread-1/INFO] [com.teampotato.redirector.Redirector/]: Redirecting net/minecraft/world/item/enchantment/Enchantment$Rarity
[08Jun2026 11:30:57.954] [pool-4-thread-1/INFO] [com.teampotato.redirector.Redirector/]: Redirecting net/minecraft/world/item/enchantment/ProtectionEnchantment$Type
[08Jun2026 11:30:57.954] [pool-4-thread-1/INFO] [com.teampotato.redirector.Redirector/]: Redirecting net/minecraft/world/item/enchantment/EnchantmentCategory
[08Jun2026 11:30:58.004] [pool-4-thread-1/INFO] [com.teampotato.redirector.Redirector/]: Redirecting net/minecraft/world/scores/criteria/ObjectiveCriteria$RenderType
[08Jun2026 11:30:58.007] [pool-4-thread-1/INFO] [com.teampotato.redirector.Redirector/]: Redirecting net/minecraft/world/level/levelgen/Heightmap$Types
[08Jun2026 11:30:58.013] [pool-4-thread-1/INFO] [com.teampotato.redirector.Redirector/]: Redirecting net/minecraft/world/level/levelgen/Heightmap$Usage
[08Jun2026 11:30:58.025] [pool-4-thread-1/INFO] [com.teampotato.redirector.Redirector/]: Redirecting net/minecraft/world/level/chunk/ChunkStatus$ChunkType
[08Jun2026 11:30:58.111] [pool-4-thread-1/INFO] [com.teampotato.redirector.Redirector/]: Redirecting net/minecraft/world/item/crafting/CraftingBookCategory
[08Jun2026 11:30:58.137] [pool-4-thread-1/INFO] [com.teampotato.redirector.Redirector/]: Redirecting net/minecraft/world/item/crafting/CookingBookCategory
[08Jun2026 11:30:58.377] [pool-4-thread-1/INFO] [com.teampotato.redirector.Redirector/]: Redirecting net/minecraft/core/Holder$Kind
[08Jun2026 11:30:58.514] [pool-4-thread-1/INFO] [com.teampotato.redirector.Redirector/]: Redirecting net/minecraft/world/level/levelgen/placement/CaveSurface
[08Jun2026 11:30:58.601] [pool-4-thread-1/INFO] [com.teampotato.redirector.Redirector/]: Redirecting net/minecraft/world/level/levelgen/structure/placement/StructurePlacement$FrequencyReductionMethod
[08Jun2026 11:30:58.617] [pool-4-thread-1/INFO] [com.teampotato.redirector.Redirector/]: Redirecting net/minecraft/world/level/levelgen/structure/placement/RandomSpreadType
[08Jun2026 11:30:58.742] [pool-4-thread-1/INFO] [com.teampotato.redirector.Redirector/]: Redirecting net/minecraft/world/level/levelgen/structure/StructureSpawnOverride$BoundingBoxType
[08Jun2026 11:30:58.752] [pool-4-thread-1/INFO] [com.teampotato.redirector.Redirector/]: Redirecting net/minecraft/world/level/levelgen/GenerationStep$Decoration
[08Jun2026 11:30:58.753] [pool-4-thread-1/INFO] [com.teampotato.redirector.Redirector/]: Redirecting net/minecraft/world/level/levelgen/structure/TerrainAdjustment
[08Jun2026 11:30:58.775] [pool-4-thread-1/INFO] [com.teampotato.redirector.Redirector/]: Redirecting net/minecraft/world/level/levelgen/structure/structures/MineshaftStructure$Type
[08Jun2026 11:30:58.782] [pool-4-thread-1/INFO] [com.teampotato.redirector.Redirector/]: Redirecting net/minecraft/world/level/levelgen/structure/structures/OceanRuinStructure$Type
[08Jun2026 11:30:58.786] [pool-4-thread-1/INFO] [com.teampotato.redirector.Redirector/]: Redirecting net/minecraft/world/level/levelgen/structure/structures/RuinedPortalPiece$VerticalPlacement
[08Jun2026 11:30:58.817] [pool-4-thread-1/INFO] [com.teampotato.redirector.Redirector/]: Redirecting net/minecraft/world/level/levelgen/GenerationStep$Carving
[08Jun2026 11:30:58.889] [pool-4-thread-1/WARN] [mixin/]: Static binding violation: PRIVATE @Overwrite method m_47505_ in modernfix-common.mixins.json:perf.remove_biome_temperature_cache.BiomeMixin cannot reduce visibiliy of PUBLIC target method, visibility will be upgraded.
[08Jun2026 11:30:58.903] [pool-4-thread-1/INFO] [com.teampotato.redirector.Redirector/]: Redirecting net/minecraft/world/level/biome/Biome$TemperatureModifier
[08Jun2026 11:30:58.909] [pool-4-thread-1/INFO] [com.teampotato.redirector.Redirector/]: Redirecting net/minecraft/world/level/biome/BiomeSpecialEffects$GrassColorModifier
[08Jun2026 11:30:59.043] [pool-4-thread-1/INFO] [com.teampotato.redirector.Redirector/]: Redirecting net/minecraft/world/level/levelgen/SurfaceRules$Temperature
[08Jun2026 11:30:59.045] [pool-4-thread-1/INFO] [com.teampotato.redirector.Redirector/]: Redirecting net/minecraft/world/level/levelgen/SurfaceRules$Steep
[08Jun2026 11:30:59.047] [pool-4-thread-1/INFO] [com.teampotato.redirector.Redirector/]: Redirecting net/minecraft/world/level/levelgen/SurfaceRules$Hole
[08Jun2026 11:30:59.048] [pool-4-thread-1/INFO] [com.teampotato.redirector.Redirector/]: Redirecting net/minecraft/world/level/levelgen/SurfaceRules$AbovePreliminarySurface
[08Jun2026 11:30:59.049] [pool-4-thread-1/INFO] [com.teampotato.redirector.Redirector/]: Redirecting net/minecraft/world/level/levelgen/SurfaceRules$Bandlands
[08Jun2026 11:30:59.053] [pool-4-thread-1/INFO] [com.teampotato.redirector.Redirector/]: Redirecting net/minecraft/world/level/levelgen/DensityFunctions$BlendAlpha
[08Jun2026 11:30:59.055] [pool-4-thread-1/INFO] [com.teampotato.redirector.Redirector/]: Redirecting net/minecraft/world/level/levelgen/DensityFunctions$BlendOffset
[08Jun2026 11:30:59.056] [pool-4-thread-1/INFO] [com.teampotato.redirector.Redirector/]: Redirecting net/minecraft/world/level/levelgen/DensityFunctions$BeardifierMarker
[08Jun2026 11:30:59.060] [pool-4-thread-1/INFO] [com.teampotato.redirector.Redirector/]: Redirecting net/minecraft/world/level/levelgen/DensityFunctions$Marker$Type
[08Jun2026 11:30:59.068] [pool-4-thread-1/INFO] [com.teampotato.redirector.Redirector/]: Redirecting net/minecraft/world/level/levelgen/DensityFunctions$WeirdScaledSampler$RarityValueMapper
[08Jun2026 11:30:59.083] [pool-4-thread-1/INFO] [com.teampotato.redirector.Redirector/]: Redirecting net/minecraft/world/level/levelgen/DensityFunctions$Mapped$Type
[08Jun2026 11:30:59.085] [pool-4-thread-1/INFO] [com.teampotato.redirector.Redirector/]: Redirecting net/minecraft/world/level/levelgen/DensityFunctions$TwoArgumentSimpleFunction$Type
[08Jun2026 11:30:59.103] [pool-4-thread-1/INFO] [com.teampotato.redirector.Redirector/]: Redirecting net/minecraft/world/level/levelgen/structure/pools/StructureTemplatePool$Projection
[08Jun2026 11:30:59.111] [pool-4-thread-1/INFO] [com.teampotato.redirector.Redirector/]: Redirecting net/minecraft/world/item/CreativeModeTab$Row
[08Jun2026 11:30:59.115] [pool-4-thread-1/INFO] [com.teampotato.redirector.Redirector/]: Redirecting net/minecraft/world/item/CreativeModeTab$Type
[08Jun2026 11:30:59.191] [pool-4-thread-1/INFO] [com.teampotato.redirector.Redirector/]: Redirecting appeng/api/config/PowerUnits
[08Jun2026 11:30:59.192] [pool-4-thread-1/INFO] [com.teampotato.redirector.Redirector/]: Redirecting appeng/api/config/TerminalStyle
[08Jun2026 11:30:59.193] [pool-4-thread-1/INFO] [com.teampotato.redirector.Redirector/]: Redirecting appeng/api/networking/pathing/ChannelMode
[08Jun2026 11:30:59.211] [pool-4-thread-1/WARN] [AE2:C/]: Unable to find class com.simibubi.create.foundation.ponder.PonderWorld. Integration with PonderJS disabled.
[08Jun2026 11:30:59.211] [pool-4-thread-1/INFO] [com.teampotato.redirector.Redirector/]: Redirecting appeng/core/settings/TickRates
[08Jun2026 11:30:59.216] [pool-4-thread-1/INFO] [com.teampotato.redirector.Redirector/]: Redirecting appeng/api/config/PowerMultiplier
[08Jun2026 11:30:59.217] [pool-4-thread-1/INFO] [com.teampotato.redirector.Redirector/]: Redirecting appeng/api/config/CondenserOutput
[08Jun2026 11:30:59.226] [pool-4-thread-1/INFO] [com.teampotato.redirector.Redirector/]: Redirecting appeng/api/networking/pathing/ControllerState
[08Jun2026 11:30:59.226] [pool-4-thread-1/INFO] [com.teampotato.redirector.Redirector/]: Redirecting appeng/me/service/AdHocNetworkError
[08Jun2026 11:30:59.229] [pool-4-thread-1/INFO] [com.teampotato.redirector.Redirector/]: Redirecting appeng/api/config/Actionable
[08Jun2026 11:30:59.253] [pool-4-thread-1/INFO] [com.teampotato.redirector.Redirector/]: Redirecting appeng/api/networking/crafting/CalculationStrategy
[08Jun2026 11:30:59.257] [pool-4-thread-1/INFO] [com.teampotato.redirector.Redirector/]: Redirecting appeng/core/stats/AeStats
[08Jun2026 11:30:59.311] [pool-4-thread-1/INFO] [com.teampotato.redirector.Redirector/]: Redirecting appeng/api/util/AEColor
[08Jun2026 11:30:59.313] [pool-4-thread-1/INFO] [com.teampotato.redirector.Redirector/]: Redirecting appeng/items/tools/quartz/QuartzToolType
[08Jun2026 11:30:59.321] [pool-4-thread-1/INFO] [com.teampotato.redirector.Redirector/]: Redirecting appeng/core/localization/GuiText
[08Jun2026 11:30:59.327] [pool-4-thread-1/INFO] [com.teampotato.redirector.Redirector/]: Redirecting appeng/items/tools/fluix/FluixToolType
[08Jun2026 11:30:59.340] [pool-4-thread-1/INFO] [com.teampotato.redirector.Redirector/]: Redirecting appeng/api/config/SortOrder
[08Jun2026 11:30:59.340] [pool-4-thread-1/INFO] [com.teampotato.redirector.Redirector/]: Redirecting appeng/api/config/ViewItems
[08Jun2026 11:30:59.341] [pool-4-thread-1/INFO] [com.teampotato.redirector.Redirector/]: Redirecting appeng/api/config/TypeFilter
[08Jun2026 11:30:59.341] [pool-4-thread-1/INFO] [com.teampotato.redirector.Redirector/]: Redirecting appeng/api/config/SortDir
[08Jun2026 11:30:59.447] [pool-4-thread-1/INFO] [com.teampotato.redirector.Redirector/]: Redirecting appeng/block/storage/SkyChestBlock$SkyChestType
[08Jun2026 11:30:59.461] [pool-4-thread-1/INFO] [com.teampotato.redirector.Redirector/]: Redirecting appeng/block/networking/WirelessAccessPointBlock$State
[08Jun2026 11:30:59.478] [pool-4-thread-1/INFO] [com.teampotato.redirector.Redirector/]: Redirecting appeng/block/networking/ControllerBlock$ControllerBlockState
[08Jun2026 11:30:59.479] [pool-4-thread-1/INFO] [com.teampotato.redirector.Redirector/]: Redirecting appeng/block/networking/ControllerBlock$ControllerRenderType
[08Jun2026 11:30:59.501] [pool-4-thread-1/INFO] [com.teampotato.redirector.Redirector/]: Redirecting appeng/block/crafting/CraftingUnitType
[08Jun2026 11:30:59.508] [pool-4-thread-1/INFO] [com.teampotato.redirector.Redirector/]: Redirecting appeng/block/crafting/PushDirection
[08Jun2026 11:30:59.584] [pool-4-thread-1/INFO] [com.teampotato.redirector.Redirector/]: Redirecting appeng/api/networking/IGridNodeListener$State
[08Jun2026 11:30:59.585] [pool-4-thread-1/INFO] [com.teampotato.redirector.Redirector/]: Redirecting appeng/api/util/AECableType
[08Jun2026 11:30:59.585] [pool-4-thread-1/INFO] [com.teampotato.redirector.Redirector/]: Redirecting appeng/api/parts/BusSupport
[08Jun2026 11:30:59.586] [pool-4-thread-1/INFO] [com.teampotato.redirector.Redirector/]: Redirecting appeng/util/SettingsFrom
[08Jun2026 11:30:59.609] [pool-4-thread-1/INFO] [com.teampotato.redirector.Redirector/]: Redirecting appeng/api/config/AccessRestriction
[08Jun2026 11:30:59.610] [pool-4-thread-1/INFO] [com.teampotato.redirector.Redirector/]: Redirecting appeng/api/config/FuzzyMode
[08Jun2026 11:30:59.611] [pool-4-thread-1/INFO] [com.teampotato.redirector.Redirector/]: Redirecting appeng/api/config/StorageFilter
[08Jun2026 11:30:59.611] [pool-4-thread-1/INFO] [com.teampotato.redirector.Redirector/]: Redirecting appeng/api/config/YesNo
[08Jun2026 11:30:59.617] [pool-4-thread-1/INFO] [com.teampotato.redirector.Redirector/]: Redirecting appeng/parts/storagebus/StorageBusPart$PendingUpdateStatus
[08Jun2026 11:30:59.618] [pool-4-thread-1/INFO] [com.teampotato.redirector.Redirector/]: Redirecting appeng/api/networking/ticking/TickRateModulation
[08Jun2026 11:30:59.620] [pool-4-thread-1/INFO] [com.teampotato.redirector.Redirector/]: Redirecting appeng/api/config/RedstoneMode
[08Jun2026 11:30:59.624] [pool-4-thread-1/INFO] [com.teampotato.redirector.Redirector/]: Redirecting appeng/api/config/SchedulingMode
[08Jun2026 11:30:59.639] [pool-4-thread-1/INFO] [com.teampotato.redirector.Redirector/]: Redirecting appeng/api/config/IncludeExclude
[08Jun2026 11:30:59.672] [pool-4-thread-1/INFO] [com.teampotato.redirector.Redirector/]: Redirecting appeng/api/config/ShowPatternProviders
[08Jun2026 11:30:59.677] [pool-4-thread-1/INFO] [com.teampotato.redirector.Redirector/]: Redirecting appeng/parts/p2p/MEP2PTunnelPart$ConnectionUpdate
[08Jun2026 11:30:59.913] [main/INFO] [com.teampotato.redirector.Redirector/]: Redirecting com/mojang/blaze3d/vertex/VertexFormatElement$Type
[08Jun2026 11:30:59.915] [main/INFO] [com.teampotato.redirector.Redirector/]: Redirecting com/mojang/blaze3d/vertex/VertexFormatElement$Usage
[08Jun2026 11:30:59.930] [main/INFO] [com.teampotato.redirector.Redirector/]: Redirecting com/mojang/blaze3d/vertex/VertexFormat$Mode
[08Jun2026 11:30:59.934] [main/INFO] [com.teampotato.redirector.Redirector/]: Redirecting net/minecraft/client/renderer/RenderType$OutlineProperty
[08Jun2026 11:30:59.937] [main/INFO] [com.teampotato.redirector.Redirector/]: Redirecting net/irisshaders/batchedentityrendering/impl/TransparencyType
[08Jun2026 11:31:00.044] [Render thread/WARN] [mixin/]: Static binding violation: PRIVATE @Overwrite method m_166786_ in embeddium.mixins.json:features.render.immediate.buffer_builder.sorting.BufferBuilderMixin cannot reduce visibiliy of PUBLIC target method, visibility will be upgraded.
[08Jun2026 11:31:00.084] [Render thread/INFO] [com.teampotato.redirector.Redirector/]: Redirecting com/mojang/blaze3d/vertex/VertexFormat$IndexType
[08Jun2026 11:31:00.207] [Render thread/INFO] [com.teampotato.redirector.Redirector/]: Redirecting com/mojang/blaze3d/shaders/FogShape
[08Jun2026 11:31:00.214] [Render thread/INFO] [com.teampotato.redirector.Redirector/]: Redirecting net/minecraft/client/InputType
[08Jun2026 11:31:00.233] [Render thread/INFO] [com.teampotato.redirector.Redirector/]: Redirecting net/minecraft/server/packs/PackType
[08Jun2026 11:31:00.283] [Render thread/WARN] [net.minecraft.server.packs.VanillaPackResourcesBuilder/]: Assets URL 'union:/C:/Users/Re_Construction/AppData/Roaming/PrismLauncher/libraries/net/minecraft/client/1.20.1-20230612.114412/client-1.20.1-20230612.114412-srg.jar%23426!/assets/.mcassetsroot' uses unexpected schema
[08Jun2026 11:31:00.284] [Render thread/WARN] [net.minecraft.server.packs.VanillaPackResourcesBuilder/]: Assets URL 'union:/C:/Users/Re_Construction/AppData/Roaming/PrismLauncher/libraries/net/minecraft/client/1.20.1-20230612.114412/client-1.20.1-20230612.114412-srg.jar%23426!/data/.mcassetsroot' uses unexpected schema
[08Jun2026 11:31:00.310] [Render thread/INFO] [com.mojang.authlib.yggdrasil.YggdrasilAuthenticationService/]: Environment: authHost='https://authserver.mojang.com', accountsHost='https://api.mojang.com', sessionHost='https://sessionserver.mojang.com', servicesHost='https://api.minecraftservices.com', name='PROD'
[08Jun2026 11:31:01.183] [Render thread/INFO] [net.minecraft.client.Minecraft/]: Setting user: Re_Construction
[08Jun2026 11:31:01.291] [Render thread/INFO] [ModernFix/]: Bypassed Mojang DFU
[08Jun2026 11:31:01.312] [Render thread/INFO] [com.teampotato.redirector.Redirector/]: Redirecting net/minecraft/sounds/SoundSource
[08Jun2026 11:31:01.353] [Render thread/INFO] [com.teampotato.redirector.Redirector/]: Redirecting net/minecraft/client/OptionInstance$UnitDouble
[08Jun2026 11:31:01.370] [Render thread/INFO] [com.teampotato.redirector.Redirector/]: Redirecting net/minecraft/client/CloudStatus
[08Jun2026 11:31:01.371] [Render thread/INFO] [com.teampotato.redirector.Redirector/]: Redirecting net/minecraft/client/GraphicsStatus
[08Jun2026 11:31:01.374] [Render thread/INFO] [com.teampotato.redirector.Redirector/]: Redirecting net/minecraft/client/PrioritizeChunkUpdates
[08Jun2026 11:31:01.377] [Render thread/INFO] [com.teampotato.redirector.Redirector/]: Redirecting net/minecraft/world/entity/player/ChatVisiblity
[08Jun2026 11:31:01.380] [Render thread/INFO] [com.teampotato.redirector.Redirector/]: Redirecting net/minecraft/world/entity/player/PlayerModelPart
[08Jun2026 11:31:01.381] [Render thread/INFO] [com.teampotato.redirector.Redirector/]: Redirecting net/minecraft/world/entity/HumanoidArm
[08Jun2026 11:31:01.387] [Render thread/INFO] [com.teampotato.redirector.Redirector/]: Redirecting net/minecraft/client/AttackIndicatorStatus
[08Jun2026 11:31:01.389] [Render thread/INFO] [com.teampotato.redirector.Redirector/]: Redirecting net/minecraft/client/tutorial/TutorialSteps
[08Jun2026 11:31:01.400] [Render thread/INFO] [com.teampotato.redirector.Redirector/]: Redirecting net/minecraftforge/client/settings/KeyModifier
[08Jun2026 11:31:01.405] [Render thread/INFO] [com.teampotato.redirector.Redirector/]: Redirecting com/mojang/blaze3d/platform/InputConstants$Type
[08Jun2026 11:31:01.410] [Render thread/INFO] [com.teampotato.redirector.Redirector/]: Redirecting net/minecraftforge/client/settings/KeyConflictContext
[08Jun2026 11:31:01.418] [Render thread/INFO] [com.teampotato.redirector.Redirector/]: Redirecting net/minecraft/client/CameraType
[08Jun2026 11:31:01.425] [Render thread/INFO] [com.teampotato.redirector.Redirector/]: Redirecting net/minecraft/client/ParticleStatus
[08Jun2026 11:31:01.426] [Render thread/INFO] [com.teampotato.redirector.Redirector/]: Redirecting net/minecraft/client/NarratorStatus
[08Jun2026 11:31:01.434] [Render thread/INFO] [com.teampotato.redirector.Redirector/]: Redirecting net/irisshaders/iris/pathways/colorspace/ColorSpace
[08Jun2026 11:31:01.449] [Render thread/INFO] [ModernFix/]: Instantiating Mojang DFU
[08Jun2026 11:31:01.981] [Render thread/INFO] [net.minecraft.client.Minecraft/]: Backend library: LWJGL version 3.3.1 build 7
[08Jun2026 11:31:02.106] [Render thread/INFO] [com.teampotato.redirector.Redirector/]: Redirecting de/keksuccino/konkrete/config/ConfigEntry$EntryType
[08Jun2026 11:31:02.128] [Render thread/WARN] [Embeddium-NvidiaWorkarounds/]: Applying workaround: Prevent the NVIDIA OpenGL driver from using broken optimizations (NVIDIA_THREADED_OPTIMIZATIONS)
[08Jun2026 11:31:02.136] [Render thread/ERROR] [Embeddium-MixinTaintDetector/]: Mod mixin into Embeddium internals detected. This instance is now tainted. The Embeddium team does not provide any guarantee of support for issues encountered while such mods are installed.
[08Jun2026 11:31:02.136] [Render thread/WARN] [Embeddium-MixinTaintDetector/]: Mod(s) [oculus] are modifying Embeddium class me.jellysquid.mods.sodium.client.gui.SodiumGameOptions, which may cause instability.
[08Jun2026 11:31:02.143] [Render thread/INFO] [com.teampotato.redirector.Redirector/]: Redirecting me/jellysquid/mods/sodium/client/gui/SodiumGameOptions$GraphicsQuality
[08Jun2026 11:31:02.155] [Datafixer Bootstrap/INFO] [com.mojang.datafixers.DataFixerBuilder/]: 188 Datafixer optimizations took 200 milliseconds
[08Jun2026 11:31:02.174] [Render thread/INFO] [Embeddium-PostlaunchChecks/]: OpenGL Vendor: Intel
[08Jun2026 11:31:02.174] [Render thread/INFO] [Embeddium-PostlaunchChecks/]: OpenGL Renderer: Intel(R) UHD Graphics 630
[08Jun2026 11:31:02.175] [Render thread/INFO] [Embeddium-PostlaunchChecks/]: OpenGL Version: 4.6.0 - Build 27.20.100.9365
[08Jun2026 11:31:02.266] [Render thread/INFO] [com.teampotato.redirector.Redirector/]: Redirecting com/mojang/blaze3d/platform/IconSet
[08Jun2026 11:31:02.282] [Render thread/INFO] [com.teampotato.redirector.Redirector/]: Redirecting com/mojang/blaze3d/platform/NativeImage$Format
[08Jun2026 11:31:02.448] [Render thread/INFO] [Oculus/]: Debug functionality is disabled.
[08Jun2026 11:31:02.452] [Render thread/INFO] [Oculus/]: OpenGL 4.5 detected, enabling DSA.
[08Jun2026 11:31:02.470] [Render thread/INFO] [com.teampotato.redirector.Redirector/]: Redirecting net/irisshaders/iris/texture/pbr/PBRType
[08Jun2026 11:31:02.472] [Render thread/INFO] [com.teampotato.redirector.Redirector/]: Redirecting com/mojang/blaze3d/platform/NativeImage$InternalGlFormat
[08Jun2026 11:31:02.479] [Render thread/INFO] [com.teampotato.redirector.Redirector/]: Redirecting net/mehvahdjukaar/moonlight/core/ClientConfigs$ShadeFix
[08Jun2026 11:31:02.483] [Render thread/INFO] [Oculus/]: Shaders are disabled because enableShaders is set to false in iris.properties
[08Jun2026 11:31:02.483] [Render thread/INFO] [Oculus/]: Shaders are disabled
[08Jun2026 11:31:02.485] [Render thread/INFO] [com.teampotato.redirector.Redirector/]: Redirecting dev/engine_room/flywheel/backend/gl/Driver
[08Jun2026 11:31:02.486] [Render thread/INFO] [com.teampotato.redirector.Redirector/]: Redirecting dev/engine_room/flywheel/backend/glsl/GlslVersion
[08Jun2026 11:31:02.498] [Render thread/INFO] [com.teampotato.redirector.Redirector/]: Redirecting com/mojang/blaze3d/pipeline/MainTarget$AttachmentState
[08Jun2026 11:31:02.503] [Render thread/INFO] [com.teampotato.redirector.Redirector/]: Redirecting com/mojang/blaze3d/platform/GlStateManager$Viewport
[08Jun2026 11:31:02.852] [modloading-worker-0/INFO] [com.teampotato.redirector.Redirector/]: Redirecting dev/tr7zw/paperdoll/PaperDollSettings$PaperDollLocation
[08Jun2026 11:31:02.852] [modloading-worker-0/INFO] [scena-forge/]: Initialized scena-forge
[08Jun2026 11:31:02.855] [modloading-worker-0/INFO] [com.teampotato.redirector.Redirector/]: Redirecting dev/tr7zw/paperdoll/PaperDollSettings$DollHeadMode
[08Jun2026 11:31:02.856] [modloading-worker-0/INFO] [PaperDoll/]: Loading PaperDoll!
[08Jun2026 11:31:02.874] [modloading-worker-0/INFO] [com.teampotato.redirector.Redirector/]: Redirecting team/chisel/ctm/client/util/TextureMetadataHandler
[08Jun2026 11:31:02.877] [modloading-worker-0/INFO] [com.teampotato.redirector.Redirector/]: Redirecting net/minecraftforge/event/TickEvent$Phase
[08Jun2026 11:31:02.890] [modloading-worker-0/INFO] [com.teampotato.redirector.Redirector/]: Redirecting io/github/forgestove/create_cyber_goggles/core/factory/TooltipFlagType
[08Jun2026 11:31:02.894] [modloading-worker-0/INFO] [com.teampotato.redirector.Redirector/]: Redirecting net/p3pp3rf1y/sophisticatedcore/client/gui/SortButtonsPosition
[08Jun2026 11:31:02.896] [modloading-worker-0/INFO] [com.teampotato.redirector.Redirector/]: Redirecting io/github/forgestove/create_cyber_goggles/core/factory/TooltipTheme
[08Jun2026 11:31:02.898] [modloading-worker-0/INFO] [com.teampotato.redirector.Redirector/]: Redirecting net/minecraftforge/common/capabilities/CapabilityManager
[08Jun2026 11:31:02.900] [modloading-worker-0/INFO] [com.teampotato.redirector.Redirector/]: Redirecting dev/ftb/mods/ftbessentials/util/FTBEPlayerData$RecordingStatus
[08Jun2026 11:31:02.910] [modloading-worker-0/INFO] [com.teampotato.redirector.Redirector/]: Redirecting net/minecraftforge/event/TickEvent$Type
[08Jun2026 11:31:02.918] [modloading-worker-0/INFO] [com.teampotato.redirector.Redirector/]: Redirecting dev/architectury/networking/NetworkManager$Side
[08Jun2026 11:31:02.931] [modloading-worker-0/INFO] [com.teampotato.redirector.Redirector/]: Redirecting dev/architectury/utils/Env
[08Jun2026 11:31:02.931] [modloading-worker-0/INFO] [com.teampotato.redirector.Redirector/]: Redirecting net/minecraft/commands/Commands$CommandSelection
[08Jun2026 11:31:02.943] [modloading-worker-0/INFO] [com.teampotato.redirector.Redirector/]: Redirecting com/communi/suggestu/scena/core/client/key/KeyModifier
[08Jun2026 11:31:02.966] [modloading-worker-0/INFO] [dev.architectury.networking.forge.NetworkManagerImpl/]: Registering S2C receiver with id architectury:sync_ids
[08Jun2026 11:31:02.974] [modloading-worker-0/INFO] [com.teampotato.redirector.Redirector/]: Redirecting net/minecraftforge/common/world/BiomeModifier$Phase
[08Jun2026 11:31:02.974] [modloading-worker-0/INFO] [dev.architectury.networking.forge.NetworkManagerImpl/]: Registering C2S receiver with id architectury:sync_ids
[08Jun2026 11:31:02.974] [modloading-worker-0/INFO] [dev.architectury.networking.forge.NetworkManagerImpl/]: Registering S2C receiver with id ftbessentials:update_tab_name
[08Jun2026 11:31:03.005] [modloading-worker-0/INFO] [com.teampotato.redirector.Redirector/]: Redirecting com/railwayteam/railways/multiloader/Loader
[08Jun2026 11:31:03.009] [modloading-worker-0/INFO] [com.teampotato.redirector.Redirector/]: Redirecting io/github/forgestove/create_cyber_goggles/core/event/CCGKey
[08Jun2026 11:31:03.014] [modloading-worker-0/INFO] [Railways/]: Steam 'n' Rails v1.7.2 initializing! Commit hash: 7c1a21e3a4edbd6b5f1301f82a8bfbeb5fdb1444 on Create version: 6.0.8 on platform: Forge
[08Jun2026 11:31:03.021] [modloading-worker-0/INFO] [com.teampotato.redirector.Redirector/]: Redirecting team/chisel/ctm/client/texture/render/TextureMap$MapType
[08Jun2026 11:31:03.043] [modloading-worker-0/INFO] [com.teampotato.redirector.Redirector/]: Redirecting team/chisel/ctm/client/texture/type/TextureTypeNormal
[08Jun2026 11:31:03.051] [modloading-worker-0/INFO] [com.teampotato.redirector.Redirector/]: Redirecting com/simibubi/create/foundation/data/recipe/CommonMetal
[08Jun2026 11:31:03.062] [modloading-worker-0/INFO] [com.teampotato.redirector.Redirector/]: Redirecting com/simibubi/create/foundation/data/recipe/Mods
[08Jun2026 11:31:03.082] [modloading-worker-0/INFO] [de.keksuccino.melody.Melody/]: [MELODY] Loading Melody background audio library..
[08Jun2026 11:31:03.115] [modloading-worker-0/INFO] [com.teampotato.redirector.Redirector/]: Redirecting net/blay09/mods/balm/api/event/TickPhase
[08Jun2026 11:31:03.163] [modloading-worker-0/INFO] [com.teampotato.redirector.Redirector/]: Redirecting net/blay09/mods/balm/api/event/EventPriority
[08Jun2026 11:31:03.173] [modloading-worker-0/INFO] [com.teampotato.redirector.Redirector/]: Redirecting com/simibubi/create/AllTags$AllItemTags
[08Jun2026 11:31:03.176] [modloading-worker-0/INFO] [com.teampotato.redirector.Redirector/]: Redirecting com/simibubi/create/AllTags$NameSpace
[08Jun2026 11:31:03.176] [modloading-worker-0/INFO] [com.teampotato.redirector.Redirector/]: Redirecting net/minecraftforge/event/entity/player/PlayerInteractEvent$LeftClickBlock$Action
[08Jun2026 11:31:03.190] [modloading-worker-0/WARN] [Embeddium-MixinTaintDetector/]: Mod(s) [oculus] are modifying Embeddium class me.jellysquid.mods.sodium.client.gui.SodiumOptionsGUI, which may cause instability.
[08Jun2026 11:31:03.196] [modloading-worker-0/INFO] [com.teampotato.redirector.Redirector/]: Redirecting net/minecraft/world/level/block/Rotation
[08Jun2026 11:31:03.205] [modloading-worker-0/INFO] [com.teampotato.redirector.Redirector/]: Redirecting com/mojang/math/OctahedralGroup
[08Jun2026 11:31:03.208] [modloading-worker-0/INFO] [com.teampotato.redirector.Redirector/]: Redirecting net/minecraft/world/inventory/RecipeBookType
[08Jun2026 11:31:03.214] [modloading-worker-0/INFO] [com.teampotato.redirector.Redirector/]: Redirecting com/mojang/math/SymmetricGroup3
[08Jun2026 11:31:03.252] [modloading-worker-0/INFO] [com.teampotato.redirector.Redirector/]: Redirecting com/simibubi/create/content/fluids/FluidTransportBehaviour$AttachmentTypes$ComponentPartials
[08Jun2026 11:31:03.255] [modloading-worker-0/INFO] [de.keksuccino.konkrete.Konkrete/]: [KONKRETE] Successfully initialized!
[08Jun2026 11:31:03.255] [modloading-worker-0/INFO] [de.keksuccino.konkrete.Konkrete/]: [KONKRETE] Server-side libs ready to use!
[08Jun2026 11:31:03.257] [modloading-worker-0/INFO] [com.teampotato.redirector.Redirector/]: Redirecting net/blay09/mods/balm/config/ExampleConfigData$ExampleEnum
[08Jun2026 11:31:03.283] [modloading-worker-0/INFO] [com.teampotato.redirector.Redirector/]: Redirecting top/theillusivec4/curios/client/CuriosClientConfig$Client$ButtonCorner
[08Jun2026 11:31:03.294] [modloading-worker-0/INFO] [com.teampotato.redirector.Redirector/]: Redirecting com/simibubi/create/content/kinetics/gantry/GantryShaftBlock$Part
[08Jun2026 11:31:03.294] [modloading-worker-0/INFO] [com.teampotato.redirector.Redirector/]: Redirecting alpvax/mc/goprone/network/packets/ServerBoundPackets
[08Jun2026 11:31:03.294] [modloading-worker-0/INFO] [com.teampotato.redirector.Redirector/]: Redirecting top/theillusivec4/curios/common/CuriosConfig$KeepCurios
[08Jun2026 11:31:03.305] [modloading-worker-0/INFO] [com.teampotato.redirector.Redirector/]: Redirecting vazkii/patchouli/api/PatchouliConfigAccess$TextOverflowMode
[08Jun2026 11:31:03.329] [modloading-worker-0/INFO] [dev.architectury.networking.forge.NetworkManagerImpl/]: Registering S2C receiver with id ftbultimine:send_shape
[08Jun2026 11:31:03.335] [modloading-worker-0/INFO] [dev.architectury.networking.forge.NetworkManagerImpl/]: Registering C2S receiver with id ftbultimine:key_pressed
[08Jun2026 11:31:03.340] [modloading-worker-0/INFO] [dev.architectury.networking.forge.NetworkManagerImpl/]: Registering C2S receiver with id ftbultimine:mode_changed
[08Jun2026 11:31:03.344] [modloading-worker-0/INFO] [dev.architectury.networking.forge.NetworkManagerImpl/]: Registering S2C receiver with id ftbultimine:sync_config_from_server
[08Jun2026 11:31:03.347] [modloading-worker-0/INFO] [com.teampotato.redirector.Redirector/]: Redirecting com/simibubi/create/content/trains/track/TrackShape
[08Jun2026 11:31:03.348] [modloading-worker-0/INFO] [dev.architectury.networking.forge.NetworkManagerImpl/]: Registering C2S receiver with id ftbultimine:sync_config_to_server
[08Jun2026 11:31:03.349] [modloading-worker-0/INFO] [com.teampotato.redirector.Redirector/]: Redirecting net/minecraft/world/level/block/Mirror
[08Jun2026 11:31:03.352] [modloading-worker-0/INFO] [dev.architectury.networking.forge.NetworkManagerImpl/]: Registering S2C receiver with id ftbultimine:edit_config
[08Jun2026 11:31:03.356] [modloading-worker-0/INFO] [com.teampotato.redirector.Redirector/]: Redirecting dev/ftb/mods/ftbultimine/net/SyncUltimineTimePacket$TimeType
[08Jun2026 11:31:03.356] [modloading-worker-0/INFO] [com.teampotato.redirector.Redirector/]: Redirecting com/supermartijn642/core/CoreSide
[08Jun2026 11:31:03.357] [modloading-worker-0/INFO] [dev.architectury.networking.forge.NetworkManagerImpl/]: Registering S2C receiver with id ftbultimine:sync_ultimine_time
[08Jun2026 11:31:03.367] [modloading-worker-0/INFO] [com.teampotato.redirector.Redirector/]: Redirecting com/supermartijn642/core/registry/RegistryEntryAcceptor$Registry
[08Jun2026 11:31:03.369] [modloading-worker-0/INFO] [com.teampotato.redirector.Redirector/]: Redirecting com/railwayteam/railways/content/palettes/PalettesColor
[08Jun2026 11:31:03.380] [modloading-worker-0/INFO] [com.teampotato.redirector.Redirector/]: Redirecting com/simibubi/create/content/decoration/palettes/AllPaletteStoneTypes
[08Jun2026 11:31:03.404] [modloading-worker-0/INFO] [com.cupboard.Cupboard/]: Loaded config for: cupboard.json
[08Jun2026 11:31:03.407] [modloading-worker-0/INFO] [com.teampotato.redirector.Redirector/]: Redirecting com/simibubi/create/content/decoration/palettes/PaletteBlockPattern$PatternNameType
[08Jun2026 11:31:03.414] [modloading-worker-0/INFO] [com.teampotato.redirector.Redirector/]: Redirecting com/hlysine/create_connected/config/FeatureCategory
[08Jun2026 11:31:03.441] [modloading-worker-0/INFO] [com.teampotato.redirector.Redirector/]: Redirecting net/p3pp3rf1y/sophisticatedcore/upgrades/feeding/HungerLevel
[08Jun2026 11:31:03.591] [modloading-worker-0/INFO] [com.teampotato.redirector.Redirector/]: Redirecting com/simibubi/create/AllTags$AllBlockTags
[08Jun2026 11:31:03.598] [modloading-worker-0/INFO] [com.teampotato.redirector.Redirector/]: Redirecting net/p3pp3rf1y/sophisticatedbackpacks/upgrades/refill/RefillUpgradeWrapper$TargetSlot
[08Jun2026 11:31:03.619] [modloading-worker-0/INFO] [com.teampotato.redirector.Redirector/]: Redirecting com/possible_triangle/flightlib/api/FlightKey
[08Jun2026 11:31:03.624] [modloading-worker-0/INFO] [com.teampotato.redirector.Redirector/]: Redirecting snownee/kiwi/Kiwi$LoadingStage
[08Jun2026 11:31:03.627] [modloading-worker-0/INFO] [com.teampotato.redirector.Redirector/]: Redirecting com/possible_triangle/flightlib/api/ControlType
[08Jun2026 11:31:03.640] [modloading-worker-0/INFO] [snownee.kiwi.Kiwi/]: Kiwi Customization is enabled
[08Jun2026 11:31:03.652] [modloading-worker-0/INFO] [dev.architectury.networking.forge.NetworkManagerImpl/]: Registering S2C receiver with id ftblibrary:edit_nbt
[08Jun2026 11:31:03.661] [modloading-worker-0/INFO] [dev.architectury.networking.forge.NetworkManagerImpl/]: Registering C2S receiver with id ftblibrary:edit_nbt_response
[08Jun2026 11:31:03.668] [modloading-worker-0/INFO] [com.teampotato.redirector.Redirector/]: Redirecting net/p3pp3rf1y/sophisticatedbackpacks/upgrades/inception/InventoryOrder
[08Jun2026 11:31:03.673] [modloading-worker-0/INFO] [dev.architectury.networking.forge.NetworkManagerImpl/]: Registering S2C receiver with id ftblibrary:sync_known_server_registries
[08Jun2026 11:31:03.676] [modloading-worker-0/INFO] [dev.architectury.networking.forge.NetworkManagerImpl/]: Registering S2C receiver with id ftblibrary:edit_config
[08Jun2026 11:31:03.710] [modloading-worker-0/INFO] [com.teampotato.redirector.Redirector/]: Redirecting dev/ftb/mods/ftbteams/FTBTeamsAPIImpl
[08Jun2026 11:31:03.719] [modloading-worker-0/INFO] [com.teampotato.redirector.Redirector/]: Redirecting net/p3pp3rf1y/sophisticatedbackpacks/upgrades/toolswapper/ToolSwapMode
[08Jun2026 11:31:03.732] [modloading-worker-0/INFO] [dev.architectury.networking.forge.NetworkManagerImpl/]: Registering S2C receiver with id polylib:container_to_client
[08Jun2026 11:31:03.733] [modloading-worker-0/INFO] [dev.architectury.networking.forge.NetworkManagerImpl/]: Registering S2C receiver with id polylib:tile_to_client
[08Jun2026 11:31:03.733] [modloading-worker-0/INFO] [dev.architectury.networking.forge.NetworkManagerImpl/]: Registering C2S receiver with id polylib:container_packet_server
[08Jun2026 11:31:03.733] [modloading-worker-0/INFO] [dev.architectury.networking.forge.NetworkManagerImpl/]: Registering C2S receiver with id polylib:tile_data_server
[08Jun2026 11:31:03.734] [modloading-worker-0/INFO] [dev.architectury.networking.forge.NetworkManagerImpl/]: Registering C2S receiver with id polylib:tile_packet_server
[08Jun2026 11:31:03.792] [modloading-worker-0/INFO] [dev.architectury.networking.forge.NetworkManagerImpl/]: Registering S2C receiver with id ftbteams:sync_teams
[08Jun2026 11:31:03.799] [modloading-worker-0/INFO] [com.teampotato.redirector.Redirector/]: Redirecting net/p3pp3rf1y/sophisticatedcore/upgrades/xppump/AutomationDirection
[08Jun2026 11:31:03.802] [modloading-worker-0/INFO] [dev.architectury.networking.forge.NetworkManagerImpl/]: Registering S2C receiver with id ftbteams:sync_message_history
[08Jun2026 11:31:03.810] [modloading-worker-0/INFO] [dev.architectury.networking.forge.NetworkManagerImpl/]: Registering C2S receiver with id ftbteams:open_gui
[08Jun2026 11:31:03.814] [modloading-worker-0/INFO] [dev.architectury.networking.forge.NetworkManagerImpl/]: Registering S2C receiver with id ftbteams:open_my_team_gui
[08Jun2026 11:31:03.817] [modloading-worker-0/INFO] [dev.architectury.networking.forge.NetworkManagerImpl/]: Registering C2S receiver with id ftbteams:update_settings
[08Jun2026 11:31:03.822] [modloading-worker-0/INFO] [dev.architectury.networking.forge.NetworkManagerImpl/]: Registering S2C receiver with id ftbteams:update_settings_response
[08Jun2026 11:31:03.826] [modloading-worker-0/INFO] [dev.architectury.networking.forge.NetworkManagerImpl/]: Registering C2S receiver with id ftbteams:send_message
[08Jun2026 11:31:03.831] [modloading-worker-0/INFO] [com.teampotato.redirector.Redirector/]: Redirecting dev/ftb/mods/ftblibrary/sidebar/SidebarButtonManager
[08Jun2026 11:31:03.832] [modloading-worker-0/INFO] [dev.architectury.networking.forge.NetworkManagerImpl/]: Registering S2C receiver with id ftbteams:send_message_response
[08Jun2026 11:31:03.835] [modloading-worker-0/INFO] [dev.architectury.networking.forge.NetworkManagerImpl/]: Registering S2C receiver with id ftbteams:update_presence
[08Jun2026 11:31:03.835] [modloading-worker-0/INFO] [com.teampotato.redirector.Redirector/]: Redirecting dev/ftb/mods/ftblibrary/config/ui/SelectImageResourceScreen$ResourceListener
[08Jun2026 11:31:03.840] [modloading-worker-0/INFO] [dev.architectury.networking.forge.NetworkManagerImpl/]: Registering C2S receiver with id ftbteams:create_party
[08Jun2026 11:31:03.846] [modloading-worker-0/INFO] [com.teampotato.redirector.Redirector/]: Redirecting dev/ftb/mods/ftbteams/net/PlayerGUIOperationMessage$Operation
[08Jun2026 11:31:03.848] [modloading-worker-0/INFO] [dev.architectury.networking.forge.NetworkManagerImpl/]: Registering C2S receiver with id ftbteams:player_gui_operation
[08Jun2026 11:31:03.848] [modloading-worker-0/INFO] [com.teampotato.redirector.Redirector/]: Redirecting com/chaosthedude/naturescompass/client/OverlaySide
[08Jun2026 11:31:03.868] [modloading-worker-0/INFO] [com.teampotato.redirector.Redirector/]: Redirecting snownee/kiwi/config/KiwiConfig$ConfigType
[08Jun2026 11:31:03.873] [modloading-worker-0/INFO] [com.teampotato.redirector.Redirector/]: Redirecting net/minecraft/world/entity/MobSpawnType
[08Jun2026 11:31:03.919] [modloading-worker-0/INFO] [com.teampotato.redirector.Redirector/]: Redirecting snownee/kiwi/network/KiwiPacket$Direction
[08Jun2026 11:31:03.948] [modloading-worker-0/INFO] [com.teampotato.redirector.Redirector/]: Redirecting com/copycatsplus/copycats/utility/Platform$Environment
[08Jun2026 11:31:03.963] [modloading-worker-0/INFO] [com.teampotato.redirector.Redirector/]: Redirecting lilypuree/decorative_blocks/blocks/types/VanillaWoodTypes
[08Jun2026 11:31:03.963] [modloading-worker-0/INFO] [com.teampotato.redirector.Redirector/]: Redirecting com/copycatsplus/copycats/foundation/tooltip/CopycatCharacteristics
[08Jun2026 11:31:03.969] [modloading-worker-0/INFO] [com.teampotato.redirector.Redirector/]: Redirecting com/copycatsplus/copycats/CCKeys
[08Jun2026 11:31:03.980] [modloading-worker-0/INFO] [com.teampotato.redirector.Redirector/]: Redirecting com/copycatsplus/copycats/CCTags$Items
[08Jun2026 11:31:03.985] [modloading-worker-0/INFO] [com.teampotato.redirector.Redirector/]: Redirecting com/copycatsplus/copycats/CCTags$NameSpace
[08Jun2026 11:31:03.997] [modloading-worker-0/INFO] [com.teampotato.redirector.Redirector/]: Redirecting lilypuree/decorative_blocks/blocks/types/WoodDecorativeBlockTypes
[08Jun2026 11:31:04.010] [modloading-worker-0/INFO] [com.teampotato.redirector.Redirector/]: Redirecting com/hlysine/create_connected/compat/Mods
[08Jun2026 11:31:04.017] [modloading-worker-0/INFO] [coroutil/]: forge loader environment detected
[08Jun2026 11:31:04.027] [modloading-worker-0/INFO] [dev.architectury.networking.forge.NetworkManagerImpl/]: Registering C2S receiver with id itemfilters:main/14e7fa1454283aec8ae811ef844ada28
[08Jun2026 11:31:04.028] [modloading-worker-0/INFO] [dev.architectury.networking.forge.NetworkManagerImpl/]: Registering S2C receiver with id itemfilters:main/14e7fa1454283aec8ae811ef844ada28
[08Jun2026 11:31:04.033] [modloading-worker-0/INFO] [dev.architectury.networking.forge.NetworkManagerImpl/]: Registering C2S receiver with id itemfilters:main/8f6a899247753217b9d86ab427a2b279
[08Jun2026 11:31:04.033] [modloading-worker-0/INFO] [dev.architectury.networking.forge.NetworkManagerImpl/]: Registering S2C receiver with id itemfilters:main/8f6a899247753217b9d86ab427a2b279
[08Jun2026 11:31:04.045] [modloading-worker-0/INFO] [com.teampotato.redirector.Redirector/]: Redirecting com/copycatsplus/copycats/config/FeatureCategory
[08Jun2026 11:31:04.048] [modloading-worker-0/INFO] [com.teampotato.redirector.Redirector/]: Redirecting com/slaincow/factoryblocks/block/RegisterBlocks$Type
[08Jun2026 11:31:04.078] [modloading-worker-0/INFO] [com.teampotato.redirector.Redirector/]: Redirecting dev/ftb/mods/ftbchunks/FTBChunksAPIImpl
[08Jun2026 11:31:04.080] [modloading-worker-0/INFO] [com.teampotato.redirector.Redirector/]: Redirecting com/simibubi/create/impl/contraption/storage/MountedItemStorageFallbackProvider
[08Jun2026 11:31:04.089] [modloading-worker-0/INFO] [dev.architectury.networking.forge.NetworkManagerImpl/]: Registering C2S receiver with id ftbchunks:request_map_data
[08Jun2026 11:31:04.094] [modloading-worker-0/INFO] [com.teampotato.redirector.Redirector/]: Redirecting dev/ftb/mods/ftbchunks/net/ShareWaypointPacket$ShareType
[08Jun2026 11:31:04.096] [modloading-worker-0/INFO] [dev.architectury.networking.forge.NetworkManagerImpl/]: Registering C2S receiver with id ftbchunks:share_waypoint
[08Jun2026 11:31:04.098] [modloading-worker-0/INFO] [de.keksuccino.drippyloadingscreen.DrippyLoadingScreen/]: [DRIPPY LOADING SCREEN] Loading v3.0.9 in client-side mode on FORGE!
[08Jun2026 11:31:04.100] [modloading-worker-0/INFO] [dev.architectury.networking.forge.NetworkManagerImpl/]: Registering S2C receiver with id ftbchunks:send_all_chunks
[08Jun2026 11:31:04.105] [modloading-worker-0/INFO] [dev.architectury.networking.forge.NetworkManagerImpl/]: Registering S2C receiver with id ftbchunks:login_data
[08Jun2026 11:31:04.115] [modloading-worker-0/INFO] [com.teampotato.redirector.Redirector/]: Redirecting dev/ftb/mods/ftbchunks/net/RequestChunkChangePacket$ChunkChangeOp
[08Jun2026 11:31:04.116] [modloading-worker-0/INFO] [com.teampotato.redirector.Redirector/]: Redirecting net/creeperhost/ftbbackups/config/RetentionMode
[08Jun2026 11:31:04.116] [modloading-worker-0/INFO] [com.teampotato.redirector.Redirector/]: Redirecting dev/ftb/mods/ftbchunks/api/ClaimResult$StandardProblem
[08Jun2026 11:31:04.118] [modloading-worker-0/INFO] [com.teampotato.redirector.Redirector/]: Redirecting net/creeperhost/ftbbackups/config/Format
[08Jun2026 11:31:04.118] [modloading-worker-0/INFO] [dev.architectury.networking.forge.NetworkManagerImpl/]: Registering C2S receiver with id ftbchunks:request_chunk_change
[08Jun2026 11:31:04.122] [modloading-worker-0/INFO] [dev.architectury.networking.forge.NetworkManagerImpl/]: Registering S2C receiver with id ftbchunks:send_chunk
[08Jun2026 11:31:04.127] [modloading-worker-0/INFO] [dev.architectury.networking.forge.NetworkManagerImpl/]: Registering S2C receiver with id ftbchunks:send_general_data
[08Jun2026 11:31:04.127] [modloading-worker-0/INFO] [com.teampotato.redirector.Redirector/]: Redirecting net/blay09/mods/craftingtweaks/config/CraftingTweaksMode
[08Jun2026 11:31:04.131] [modloading-worker-0/INFO] [dev.architectury.networking.forge.NetworkManagerImpl/]: Registering C2S receiver with id ftbchunks:teleport_from_map
[08Jun2026 11:31:04.136] [modloading-worker-0/INFO] [dev.architectury.networking.forge.NetworkManagerImpl/]: Registering S2C receiver with id ftbchunks:player_death
[08Jun2026 11:31:04.146] [modloading-worker-0/INFO] [dev.architectury.networking.forge.NetworkManagerImpl/]: Registering S2C receiver with id ftbchunks:send_visible_player_list
[08Jun2026 11:31:04.150] [modloading-worker-0/INFO] [com.teampotato.redirector.Redirector/]: Redirecting slimeknights/tconstruct/library/utils/Orientation2D
[08Jun2026 11:31:04.151] [modloading-worker-0/INFO] [dev.architectury.networking.forge.NetworkManagerImpl/]: Registering C2S receiver with id ftbchunks:sync_tx
[08Jun2026 11:31:04.152] [modloading-worker-0/INFO] [com.teampotato.redirector.Redirector/]: Redirecting slimeknights/tconstruct/library/utils/Orientation2D$Orientation1D
[08Jun2026 11:31:04.156] [modloading-worker-0/INFO] [com.teampotato.redirector.Redirector/]: Redirecting com/copycatsplus/copycats/utility/Platform
[08Jun2026 11:31:04.156] [modloading-worker-0/INFO] [dev.architectury.networking.forge.NetworkManagerImpl/]: Registering S2C receiver with id ftbchunks:sync_rx
[08Jun2026 11:31:04.159] [modloading-worker-0/INFO] [com.teampotato.redirector.Redirector/]: Redirecting guideme/internal/shaded/lucene/index/IndexWriterConfig$OpenMode
[08Jun2026 11:31:04.160] [modloading-worker-0/INFO] [com.teampotato.redirector.Redirector/]: Redirecting net/minecraft/client/gui/narration/NarratableEntry$NarrationPriority
[08Jun2026 11:31:04.160] [modloading-worker-0/INFO] [com.teampotato.redirector.Redirector/]: Redirecting slimeknights/tconstruct/common/config/Config$ToolSyncType
[08Jun2026 11:31:04.160] [modloading-worker-0/INFO] [dev.architectury.networking.forge.NetworkManagerImpl/]: Registering S2C receiver with id ftbchunks:loaded_chunk_view
[08Jun2026 11:31:04.160] [modloading-worker-0/INFO] [com.teampotato.redirector.Redirector/]: Redirecting slimeknights/tconstruct/common/config/Config$Common$LogInvalidToolStack
[08Jun2026 11:31:04.165] [modloading-worker-0/INFO] [dev.architectury.networking.forge.NetworkManagerImpl/]: Registering S2C receiver with id ftbchunks:send_player_position
[08Jun2026 11:31:04.169] [modloading-worker-0/INFO] [dev.architectury.networking.forge.NetworkManagerImpl/]: Registering C2S receiver with id ftbchunks:update_force_load_expiry
[08Jun2026 11:31:04.176] [modloading-worker-0/INFO] [dev.architectury.networking.forge.NetworkManagerImpl/]: Registering C2S receiver with id ftbchunks:server_config_request
[08Jun2026 11:31:04.177] [modloading-worker-0/INFO] [com.teampotato.redirector.Redirector/]: Redirecting slimeknights/tconstruct/world/TinkerHeadType
[08Jun2026 11:31:04.181] [modloading-worker-0/INFO] [dev.architectury.networking.forge.NetworkManagerImpl/]: Registering S2C receiver with id ftbchunks:server_config_response
[08Jun2026 11:31:04.186] [modloading-worker-0/INFO] [dev.architectury.networking.forge.NetworkManagerImpl/]: Registering S2C receiver with id ftbchunks:chunk_change_response
[08Jun2026 11:31:04.190] [modloading-worker-0/INFO] [dev.architectury.networking.forge.NetworkManagerImpl/]: Registering S2C receiver with id ftbchunks:request_block_color
[08Jun2026 11:31:04.195] [modloading-worker-0/INFO] [dev.architectury.networking.forge.NetworkManagerImpl/]: Registering S2C receiver with id ftbchunks:add_waypoint
[08Jun2026 11:31:04.195] [modloading-worker-0/INFO] [com.teampotato.redirector.Redirector/]: Redirecting net/minecraft/world/item/ItemDisplayContext
[08Jun2026 11:31:04.253] [modloading-worker-0/INFO] [com.teampotato.redirector.Redirector/]: Redirecting com/hlysine/create_connected/CCTags$Items
[08Jun2026 11:31:04.258] [modloading-worker-0/INFO] [com.teampotato.redirector.Redirector/]: Redirecting com/hlysine/create_connected/CCTags$NameSpace
[08Jun2026 11:31:04.269] [modloading-worker-0/INFO] [com.teampotato.redirector.Redirector/]: Redirecting com/negodya1/vintageimprovements/foundation/data/recipe/VintageCompatMetals
[08Jun2026 11:31:04.273] [modloading-worker-0/INFO] [com.teampotato.redirector.Redirector/]: Redirecting com/negodya1/vintageimprovements/foundation/data/recipe/Mods
[08Jun2026 11:31:04.283] [modloading-worker-0/INFO] [snownee.kiwi.Kiwi/INIT]: Processing 6 KiwiModule annotations
[08Jun2026 11:31:04.298] [modloading-worker-0/INFO] [com.teampotato.redirector.Redirector/]: Redirecting dev/ftb/mods/ftbchunks/client/FTBChunksClient
[08Jun2026 11:31:04.308] [modloading-worker-0/INFO] [com.teampotato.redirector.Redirector/]: Redirecting net/blay09/mods/kuma/api/KeyModifier
[08Jun2026 11:31:04.318] [modloading-worker-0/INFO] [com.teampotato.redirector.Redirector/]: Redirecting net/blay09/mods/kuma/api/KeyConflictContext
[08Jun2026 11:31:04.351] [modloading-worker-0/INFO] [com.teampotato.redirector.Redirector/]: Redirecting dev/ftb/mods/ftbchunks/client/map/MapMode
[08Jun2026 11:31:04.381] [modloading-worker-0/INFO] [com.teampotato.redirector.Redirector/]: Redirecting dev/ftb/mods/ftbchunks/client/map/BiomeBlendMode
[08Jun2026 11:31:04.385] [modloading-worker-0/INFO] [com.teampotato.redirector.Redirector/]: Redirecting dev/ftb/mods/ftbchunks/client/MinimapPosition
[08Jun2026 11:31:04.386] [modloading-worker-0/INFO] [com.teampotato.redirector.Redirector/]: Redirecting snownee/kiwi/shadowed/org/yaml/snakeyaml/nodes/NodeId
[08Jun2026 11:31:04.388] [modloading-worker-0/INFO] [com.teampotato.redirector.Redirector/]: Redirecting dev/ftb/mods/ftbchunks/client/MinimapBlurMode
[08Jun2026 11:31:04.391] [modloading-worker-0/INFO] [com.teampotato.redirector.Redirector/]: Redirecting dev/ftb/mods/ftbchunks/client/MinimapPosition$MinimapOffsetConditional
[08Jun2026 11:31:04.413] [modloading-worker-0/INFO] [com.teampotato.redirector.Redirector/]: Redirecting net/creeperhost/ftbbackups/repack/org/quartz/Trigger$TriggerState
[08Jun2026 11:31:04.417] [modloading-worker-0/INFO] [com.teampotato.redirector.Redirector/]: Redirecting net/creeperhost/ftbbackups/repack/org/quartz/Trigger$CompletedExecutionInstruction
[08Jun2026 11:31:04.439] [modloading-worker-0/INFO] [com.teampotato.redirector.Redirector/]: Redirecting net/minecraft/world/level/storage/loot/LootContext$EntityTarget
[08Jun2026 11:31:04.442] [modloading-worker-0/INFO] [com.teampotato.redirector.Redirector/]: Redirecting snownee/kiwi/shadowed/org/yaml/snakeyaml/introspector/BeanAccess
[08Jun2026 11:31:04.457] [modloading-worker-0/INFO] [com.teampotato.redirector.Redirector/]: Redirecting slimeknights/mantle/data/loadable/primitive/IntLoadable$IntNetwork
[08Jun2026 11:31:04.468] [modloading-worker-0/INFO] [com.teampotato.redirector.Redirector/]: Redirecting snownee/kiwi/shadowed/org/yaml/snakeyaml/DumperOptions$ScalarStyle
[08Jun2026 11:31:04.471] [modloading-worker-0/INFO] [com.teampotato.redirector.Redirector/]: Redirecting snownee/kiwi/shadowed/org/yaml/snakeyaml/DumperOptions$FlowStyle
[08Jun2026 11:31:04.473] [modloading-worker-0/INFO] [com.teampotato.redirector.Redirector/]: Redirecting snownee/kiwi/shadowed/org/yaml/snakeyaml/DumperOptions$LineBreak
[08Jun2026 11:31:04.476] [modloading-worker-0/INFO] [com.teampotato.redirector.Redirector/]: Redirecting snownee/kiwi/shadowed/org/yaml/snakeyaml/DumperOptions$NonPrintableStyle
[08Jun2026 11:31:04.491] [modloading-worker-0/INFO] [net.creeperhost.ftbbackups.repack.org.quartz.impl.StdSchedulerFactory/]: Using default implementation for ThreadExecutor
[08Jun2026 11:31:04.512] [modloading-worker-0/INFO] [com.teampotato.redirector.Redirector/]: Redirecting mekanism/common/tile/interfaces/IFluidContainerManager$ContainerEditMode
[08Jun2026 11:31:04.514] [modloading-worker-0/INFO] [com.teampotato.redirector.Redirector/]: Redirecting guideme/internal/shaded/lucene/codecs/lucene912/Lucene912Codec$Mode
[08Jun2026 11:31:04.519] [modloading-worker-0/INFO] [com.teampotato.redirector.Redirector/]: Redirecting guideme/internal/shaded/lucene/codecs/lucene90/Lucene90StoredFieldsFormat$Mode
[08Jun2026 11:31:04.538] [modloading-worker-0/INFO] [com.teampotato.redirector.Redirector/]: Redirecting mezz/jei/common/input/keys/JeiKeyConflictContext
[08Jun2026 11:31:04.541] [modloading-worker-0/INFO] [com.teampotato.redirector.Redirector/]: Redirecting mekanism/common/lib/math/voxel/VoxelCuboid$CuboidSide
[08Jun2026 11:31:04.556] [modloading-worker-0/INFO] [com.teampotato.redirector.Redirector/]: Redirecting mezz/jei/common/input/keys/JeiKeyModifier
[08Jun2026 11:31:04.560] [modloading-worker-0/INFO] [com.teampotato.redirector.Redirector/]: Redirecting guideme/internal/shaded/lucene/index/VectorSimilarityFunction
[08Jun2026 11:31:04.560] [modloading-worker-0/INFO] [com.teampotato.redirector.Redirector/]: Redirecting slimeknights/mantle/data/loadable/primitive/BooleanLoadable
[08Jun2026 11:31:04.572] [modloading-worker-0/INFO] [com.teampotato.redirector.Redirector/]: Redirecting mezz/jei/forge/input/JeiForgeKeyConflictContexts
[08Jun2026 11:31:04.592] [modloading-worker-0/INFO] [net.creeperhost.ftbbackups.repack.org.quartz.core.SchedulerSignalerImpl/]: Initialized Scheduler Signaller of type: class net.creeperhost.ftbbackups.repack.org.quartz.core.SchedulerSignalerImpl
[08Jun2026 11:31:04.595] [modloading-worker-0/INFO] [com.teampotato.redirector.Redirector/]: Redirecting com/hlysine/create_connected/content/fluidvessel/FluidVesselBlock$WindowType
[08Jun2026 11:31:04.595] [modloading-worker-0/INFO] [com.teampotato.redirector.Redirector/]: Redirecting mekanism/common/inventory/container/QIOItemViewerContainer$ListSortType
[08Jun2026 11:31:04.597] [modloading-worker-0/INFO] [com.teampotato.redirector.Redirector/]: Redirecting mekanism/common/inventory/container/QIOItemViewerContainer$SortDirection
[08Jun2026 11:31:04.597] [modloading-worker-0/INFO] [com.teampotato.redirector.Redirector/]: Redirecting mezz/jei/common/network/PacketIdClient
[08Jun2026 11:31:04.597] [modloading-worker-0/INFO] [net.creeperhost.ftbbackups.repack.org.quartz.core.QuartzScheduler/]: Quartz Scheduler v.2.0.2 created.
[08Jun2026 11:31:04.612] [modloading-worker-0/INFO] [net.creeperhost.ftbbackups.repack.org.quartz.simpl.RAMJobStore/]: RAMJobStore initialized.
[08Jun2026 11:31:04.616] [modloading-worker-0/INFO] [com.teampotato.redirector.Redirector/]: Redirecting snownee/kiwi/shadowed/org/yaml/snakeyaml/comments/CommentType
[08Jun2026 11:31:04.620] [modloading-worker-0/INFO] [net.creeperhost.ftbbackups.repack.org.quartz.core.QuartzScheduler/]: Scheduler meta-data: Quartz Scheduler (v2.0.2) 'ftbbackups2' with instanceId 'NON_CLUSTERED'
  Scheduler class: 'net.creeperhost.ftbbackups.repack.org.quartz.core.QuartzScheduler' - running locally.
  NOT STARTED.
  Currently in standby mode.
  Number of jobs executed: 0
  Using thread pool 'net.creeperhost.ftbbackups.repack.org.quartz.simpl.SimpleThreadPool' - with 1 threads.
  Using job-store 'net.creeperhost.ftbbackups.repack.org.quartz.simpl.RAMJobStore' - which does not support persistence. and is not clustered.

[08Jun2026 11:31:04.620] [modloading-worker-0/INFO] [com.teampotato.redirector.Redirector/]: Redirecting mekanism/common/inventory/container/SelectedWindowData$WindowType
[08Jun2026 11:31:04.620] [modloading-worker-0/INFO] [net.creeperhost.ftbbackups.repack.org.quartz.impl.StdSchedulerFactory/]: Quartz scheduler 'ftbbackups2' initialized from an externally provided properties instance.
[08Jun2026 11:31:04.621] [modloading-worker-0/INFO] [net.creeperhost.ftbbackups.repack.org.quartz.impl.StdSchedulerFactory/]: Quartz scheduler version: 2.0.2
[08Jun2026 11:31:04.624] [modloading-worker-0/INFO] [com.teampotato.redirector.Redirector/]: Redirecting snownee/kiwi/shadowed/org/yaml/snakeyaml/events/Event$ID
[08Jun2026 11:31:04.627] [modloading-worker-0/INFO] [com.teampotato.redirector.Redirector/]: Redirecting snownee/kiwi/shadowed/org/yaml/snakeyaml/tokens/Token$ID
[08Jun2026 11:31:04.631] [modloading-worker-0/INFO] [com.teampotato.redirector.Redirector/]: Redirecting mekanism/common/MekanismLang
[08Jun2026 11:31:04.635] [modloading-worker-0/INFO] [com.teampotato.redirector.Redirector/]: Redirecting com/negodya1/vintageimprovements/VintageRecipes
[08Jun2026 11:31:04.642] [modloading-worker-0/INFO] [com.teampotato.redirector.Redirector/]: Redirecting net/minecraft/world/level/LightLayer
[08Jun2026 11:31:04.644] [modloading-worker-0/INFO] [com.teampotato.redirector.Redirector/]: Redirecting slimeknights/tconstruct/library/modifiers/hook/interaction/InteractionSource
[08Jun2026 11:31:04.650] [modloading-worker-0/INFO] [net.creeperhost.ftbbackups.repack.org.quartz.core.QuartzScheduler/]: Scheduler ftbbackups2_$_NON_CLUSTERED started.
[08Jun2026 11:31:04.667] [modloading-worker-0/INFO] [com.teampotato.redirector.Redirector/]: Redirecting slimeknights/tconstruct/library/recipe/melting/IMeltingContainer$OreRateType
[08Jun2026 11:31:04.669] [modloading-worker-0/INFO] [com.teampotato.redirector.Redirector/]: Redirecting slimeknights/mantle/client/TooltipKey
[08Jun2026 11:31:04.677] [modloading-worker-0/INFO] [com.teampotato.redirector.Redirector/]: Redirecting mekanism/additions/common/entity/baby/BabyType
[08Jun2026 11:31:04.681] [modloading-worker-0/INFO] [com.teampotato.redirector.Redirector/]: Redirecting com/hlysine/create_connected/CCPackets
[08Jun2026 11:31:04.698] [modloading-worker-0/INFO] [com.teampotato.redirector.Redirector/]: Redirecting mekanism/common/util/MekanismUtils$ResourceType
[08Jun2026 11:31:04.722] [modloading-worker-0/INFO] [com.teampotato.redirector.Redirector/]: Redirecting mekanism/common/util/UnitDisplayUtils$EnergyUnit
[08Jun2026 11:31:04.725] [modloading-worker-0/INFO] [com.teampotato.redirector.Redirector/]: Redirecting mekanism/common/util/UnitDisplayUtils$TemperatureUnit
[08Jun2026 11:31:04.740] [modloading-worker-0/INFO] [com.teampotato.redirector.Redirector/]: Redirecting org/anti_ad/mc/ipnext/item/rule/parameter/Match
[08Jun2026 11:31:04.742] [modloading-worker-0/INFO] [com.teampotato.redirector.Redirector/]: Redirecting org/anti_ad/mc/ipnext/item/rule/parameter/StringCompare
[08Jun2026 11:31:04.743] [modloading-worker-0/INFO] [com.teampotato.redirector.Redirector/]: Redirecting org/anti_ad/mc/ipnext/item/rule/parameter/Strength
[08Jun2026 11:31:04.745] [modloading-worker-0/INFO] [com.teampotato.redirector.Redirector/]: Redirecting org/anti_ad/mc/ipnext/item/rule/parameter/NumberOrder
[08Jun2026 11:31:04.747] [modloading-worker-0/INFO] [com.teampotato.redirector.Redirector/]: Redirecting org/anti_ad/mc/ipnext/item/rule/parameter/RequireNbt
[08Jun2026 11:31:04.750] [modloading-worker-0/INFO] [com.teampotato.redirector.Redirector/]: Redirecting mekanism/api/text/EnumColor
[08Jun2026 11:31:04.783] [modloading-worker-0/INFO] [com.teampotato.redirector.Redirector/]: Redirecting slimeknights/tconstruct/smeltery/block/component/SearedTankBlock$TankType
[08Jun2026 11:31:04.787] [modloading-worker-0/INFO] [com.teampotato.redirector.Redirector/]: Redirecting mekanism/common/tier/EnergyCubeTier
[08Jun2026 11:31:04.792] [modloading-worker-0/INFO] [com.teampotato.redirector.Redirector/]: Redirecting mekanism/api/tier/BaseTier
[08Jun2026 11:31:04.797] [modloading-worker-0/INFO] [com.teampotato.redirector.Redirector/]: Redirecting mekanism/common/tier/FluidTankTier
[08Jun2026 11:31:04.801] [modloading-worker-0/INFO] [com.teampotato.redirector.Redirector/]: Redirecting mekanism/common/tier/ChemicalTankTier
[08Jun2026 11:31:04.825] [modloading-worker-0/INFO] [com.teampotato.redirector.Redirector/]: Redirecting mekanism/api/text/APILang
[08Jun2026 11:31:04.855] [modloading-worker-0/INFO] [com.teampotato.redirector.Redirector/]: Redirecting mekanism/api/RelativeSide
[08Jun2026 11:31:04.856] [modloading-worker-0/INFO] [com.teampotato.redirector.Redirector/]: Redirecting snownee/kiwi/KiwiModule$RenderLayer$Layer
[08Jun2026 11:31:04.858] [modloading-worker-0/INFO] [com.teampotato.redirector.Redirector/]: Redirecting mekanism/common/util/UnitDisplayUtils$MeasurementUnit
[08Jun2026 11:31:04.862] [modloading-worker-0/INFO] [com.teampotato.redirector.Redirector/]: Redirecting mekanism/common/util/UnitDisplayUtils$FloatingLongMeasurementUnit
[08Jun2026 11:31:04.865] [modloading-worker-0/INFO] [com.teampotato.redirector.Redirector/]: Redirecting mekanism/common/lib/transmitter/TransmissionType
[08Jun2026 11:31:04.869] [modloading-worker-0/INFO] [com.teampotato.redirector.Redirector/]: Redirecting mekanism/common/tier/CableTier
[08Jun2026 11:31:04.873] [modloading-worker-0/INFO] [com.teampotato.redirector.Redirector/]: Redirecting mekanism/common/tier/TransporterTier
[08Jun2026 11:31:04.876] [modloading-worker-0/INFO] [com.teampotato.redirector.Redirector/]: Redirecting mekanism/common/tier/ConductorTier
[08Jun2026 11:31:04.886] [modloading-worker-0/INFO] [com.teampotato.redirector.Redirector/]: Redirecting slimeknights/tconstruct/tools/stats/StatlessMaterialStats
[08Jun2026 11:31:04.890] [modloading-worker-0/INFO] [Inventory Profiles Next/]: [Inventory Profiles Next] Inventory Profiles Next - init in Kotlin
[08Jun2026 11:31:04.890] [modloading-worker-0/INFO] [com.teampotato.redirector.Redirector/]: Redirecting mekanism/common/tier/TubeTier
[08Jun2026 11:31:04.891] [modloading-worker-0/INFO] [com.teampotato.redirector.Redirector/]: Redirecting org/anti_ad/mc/common/LogBase$LogLevel
[08Jun2026 11:31:04.894] [modloading-worker-0/INFO] [com.teampotato.redirector.Redirector/]: Redirecting mekanism/common/tier/PipeTier
[08Jun2026 11:31:04.897] [modloading-worker-0/INFO] [com.teampotato.redirector.Redirector/]: Redirecting mekanism/common/tier/BinTier
[08Jun2026 11:31:04.901] [modloading-worker-0/INFO] [com.teampotato.redirector.Redirector/]: Redirecting mekanism/common/tier/InductionCellTier
[08Jun2026 11:31:04.903] [modloading-worker-0/INFO] [com.teampotato.redirector.Redirector/]: Redirecting mekanism/common/tier/InductionProviderTier
[08Jun2026 11:31:04.907] [modloading-worker-0/INFO] [com.teampotato.redirector.Redirector/]: Redirecting mekanism/common/tier/FactoryTier
[08Jun2026 11:31:04.916] [modloading-worker-0/INFO] [com.teampotato.redirector.Redirector/]: Redirecting mekanism/common/content/blocktype/FactoryType
[08Jun2026 11:31:04.920] [modloading-worker-0/INFO] [com.teampotato.redirector.Redirector/]: Redirecting mezz/jei/api/ingredients/subtypes/UidContext
[08Jun2026 11:31:04.933] [modloading-worker-0/INFO] [com.teampotato.redirector.Redirector/]: Redirecting net/mehvahdjukaar/moonlight/api/platform/configs/ConfigType
[08Jun2026 11:31:04.943] [modloading-worker-0/INFO] [com.teampotato.redirector.Redirector/]: Redirecting mekanism/api/Upgrade
[08Jun2026 11:31:04.949] [modloading-worker-0/INFO] [com.teampotato.redirector.Redirector/]: Redirecting mekanism/common/tile/base/SubstanceType
[08Jun2026 11:31:04.953] [modloading-worker-0/INFO] [com.teampotato.redirector.Redirector/]: Redirecting slimeknights/tconstruct/shared/block/ClearStainedGlassBlock$GlassColor
[08Jun2026 11:31:04.955] [modloading-worker-0/INFO] [com.teampotato.redirector.Redirector/]: Redirecting slimeknights/tconstruct/shared/block/SlimeType
[08Jun2026 11:31:05.004] [modloading-worker-0/INFO] [com.teampotato.redirector.Redirector/]: Redirecting guideme/internal/shaded/lucene/util/FileDeleter$MsgType
[08Jun2026 11:31:05.015] [modloading-worker-0/INFO] [com.teampotato.redirector.Redirector/]: Redirecting net/mehvahdjukaar/moonlight/api/platform/PlatHelper$Side
[08Jun2026 11:31:05.020] [modloading-worker-0/INFO] [com.teampotato.redirector.Redirector/]: Redirecting guideme/internal/shaded/lucene/index/MergeTrigger
[08Jun2026 11:31:05.025] [modloading-worker-0/INFO] [com.teampotato.redirector.Redirector/]: Redirecting mekanism/tools/common/ToolsLang
[08Jun2026 11:31:05.032] [modloading-worker-0/INFO] [com.teampotato.redirector.Redirector/]: Redirecting mekanism/common/resource/ore/OreType
[08Jun2026 11:31:05.036] [modloading-worker-0/INFO] [com.teampotato.redirector.Redirector/]: Redirecting guideme/internal/shaded/lucene/index/DocValuesType
[08Jun2026 11:31:05.036] [modloading-worker-0/INFO] [com.teampotato.redirector.Redirector/]: Redirecting mekanism/common/resource/PrimaryResource
[08Jun2026 11:31:05.040] [modloading-worker-0/INFO] [com.teampotato.redirector.Redirector/]: Redirecting guideme/internal/shaded/lucene/index/TieredMergePolicy$MERGE_TYPE
[08Jun2026 11:31:05.041] [modloading-worker-0/INFO] [com.teampotato.redirector.Redirector/]: Redirecting mekanism/common/resource/BlockResourceInfo
[08Jun2026 11:31:05.044] [modloading-worker-0/INFO] [com.teampotato.redirector.Redirector/]: Redirecting guideme/internal/shaded/lucene/store/IOContext$Context
[08Jun2026 11:31:05.056] [modloading-worker-0/INFO] [com.teampotato.redirector.Redirector/]: Redirecting yalter/mousetweaks/WheelSearchOrder
[08Jun2026 11:31:05.059] [modloading-worker-0/INFO] [com.teampotato.redirector.Redirector/]: Redirecting yalter/mousetweaks/WheelScrollDirection
[08Jun2026 11:31:05.060] [modloading-worker-0/INFO] [com.teampotato.redirector.Redirector/]: Redirecting mekanism/common/world/height/HeightShape
[08Jun2026 11:31:05.062] [modloading-worker-0/INFO] [com.teampotato.redirector.Redirector/]: Redirecting yalter/mousetweaks/ScrollItemScaling
[08Jun2026 11:31:05.066] [modloading-worker-0/INFO] [com.teampotato.redirector.Redirector/]: Redirecting mekanism/common/world/height/AnchorType
[08Jun2026 11:31:05.072] [modloading-worker-0/INFO] [com.teampotato.redirector.Redirector/]: Redirecting mekanism/common/resource/MiscResource
[08Jun2026 11:31:05.076] [modloading-worker-0/INFO] [com.teampotato.redirector.Redirector/]: Redirecting mekanism/common/resource/ResourceType
[08Jun2026 11:31:05.082] [modloading-worker-0/INFO] [com.teampotato.redirector.Redirector/]: Redirecting mekanism/api/chemical/ChemicalType
[08Jun2026 11:31:05.108] [modloading-worker-0/INFO] [com.teampotato.redirector.Redirector/]: Redirecting dev/ftb/mods/ftbquests/FTBQuestsAPIImpl
[08Jun2026 11:31:05.109] [modloading-worker-0/INFO] [com.teampotato.redirector.Redirector/]: Redirecting slimeknights/tconstruct/world/block/DirtType
[08Jun2026 11:31:05.112] [modloading-worker-0/INFO] [com.teampotato.redirector.Redirector/]: Redirecting slimeknights/tconstruct/world/block/FoliageType
[08Jun2026 11:31:05.117] [modloading-worker-0/INFO] [com.teampotato.redirector.Redirector/]: Redirecting org/anti_ad/mc/common/input/KeybindSettings$Context
[08Jun2026 11:31:05.119] [modloading-worker-0/INFO] [com.teampotato.redirector.Redirector/]: Redirecting org/anti_ad/mc/common/input/KeybindSettings$KeyAction
[08Jun2026 11:31:05.122] [modloading-worker-0/INFO] [com.teampotato.redirector.Redirector/]: Redirecting org/anti_ad/mc/common/input/KeybindSettings$ModifierKey
[08Jun2026 11:31:05.159] [modloading-worker-0/INFO] [com.teampotato.redirector.Redirector/]: Redirecting org/anti_ad/mc/common/config/IConfigOption$Importance
[08Jun2026 11:31:05.160] [modloading-worker-0/INFO] [com.teampotato.redirector.Redirector/]: Redirecting net/mehvahdjukaar/moonlight/api/platform/RegHelper$VariantType
[08Jun2026 11:31:05.170] [modloading-worker-0/INFO] [com.teampotato.redirector.Redirector/]: Redirecting slimeknights/tconstruct/shared/command/argument/ModifierTagSource
[08Jun2026 11:31:05.173] [modloading-worker-0/INFO] [com.teampotato.redirector.Redirector/]: Redirecting dev/ftb/mods/ftbxmodcompat/config/FTBXModConfig$StageSelector
[08Jun2026 11:31:05.175] [modloading-worker-0/INFO] [com.teampotato.redirector.Redirector/]: Redirecting mekanism/api/AutomationType
[08Jun2026 11:31:05.178] [modloading-worker-0/INFO] [com.teampotato.redirector.Redirector/]: Redirecting mekanism/common/tile/interfaces/IRedstoneControl$RedstoneControl
[08Jun2026 11:31:05.178] [modloading-worker-0/INFO] [com.teampotato.redirector.Redirector/]: Redirecting dev/ftb/mods/ftbxmodcompat/config/FTBXModConfig$PermSelector
[08Jun2026 11:31:05.195] [modloading-worker-0/INFO] [com.teampotato.redirector.Redirector/]: Redirecting mekanism/common/tile/TileEntityChemicalTank$GasMode
[08Jun2026 11:31:05.198] [modloading-worker-0/INFO] [com.teampotato.redirector.Redirector/]: Redirecting net/minecraft/world/item/CreativeModeTab$TabVisibility
[08Jun2026 11:31:05.199] [modloading-worker-0/INFO] [com.teampotato.redirector.Redirector/]: Redirecting dev/ftb/mods/ftbquests/integration/RecipeModHelper$Components
[08Jun2026 11:31:05.200] [modloading-worker-0/INFO] [com.teampotato.redirector.Redirector/]: Redirecting com/simibubi/create/content/kinetics/deployer/DeployerBlockEntity$Mode
[08Jun2026 11:31:05.223] [modloading-worker-0/INFO] [com.teampotato.redirector.Redirector/]: Redirecting net/mehvahdjukaar/moonlight/api/platform/network/NetworkDir
[08Jun2026 11:31:05.241] [modloading-worker-0/INFO] [com.teampotato.redirector.Redirector/]: Redirecting slimeknights/mantle/registration/deferred/PotionDeferredRegister$PotionType
[08Jun2026 11:31:05.254] [modloading-worker-0/INFO] [com.teampotato.redirector.Redirector/]: Redirecting team/creative/creativecore/common/config/sync/ConfigSynchronization
[08Jun2026 11:31:05.261] [modloading-worker-0/INFO] [com.teampotato.redirector.Redirector/]: Redirecting team/creative/creativecore/Side
[08Jun2026 11:31:05.287] [modloading-worker-0/INFO] [libIPN/]: [libIPN] libIPN - init in Kotlin
[08Jun2026 11:31:05.288] [modloading-worker-0/INFO] [com.teampotato.redirector.Redirector/]: Redirecting dev/ftb/mods/ftbquests/quest/task/ObservationTask$ObserveType
[08Jun2026 11:31:05.295] [modloading-worker-0/INFO] [com.teampotato.redirector.Redirector/]: Redirecting mekanism/common/item/ItemConfigurator$ConfiguratorMode
[08Jun2026 11:31:05.328] [modloading-worker-0/INFO] [com.teampotato.redirector.Redirector/]: Redirecting net/minecraft/world/level/GameType
[08Jun2026 11:31:05.332] [modloading-worker-0/INFO] [com.teampotato.redirector.Redirector/]: Redirecting mekanism/additions/common/AdditionsLang
[08Jun2026 11:31:05.335] [modloading-worker-0/INFO] [com.teampotato.redirector.Redirector/]: Redirecting slimeknights/tconstruct/gadgets/entity/FrameType
[08Jun2026 11:31:05.361] [modloading-worker-0/INFO] [com.teampotato.redirector.Redirector/]: Redirecting mezz/jei/common/config/GiveMode
[08Jun2026 11:31:05.373] [modloading-worker-0/INFO] [com.teampotato.redirector.Redirector/]: Redirecting mezz/jei/common/config/BookmarkTooltipFeature
[08Jun2026 11:31:05.376] [modloading-worker-0/INFO] [com.teampotato.redirector.Redirector/]: Redirecting mezz/jei/common/config/IngredientSortStage
[08Jun2026 11:31:05.380] [modloading-worker-0/INFO] [com.teampotato.redirector.Redirector/]: Redirecting mezz/jei/common/config/RecipeSorterStage
[08Jun2026 11:31:05.387] [modloading-worker-0/INFO] [com.teampotato.redirector.Redirector/]: Redirecting mezz/jei/core/search/SearchMode
[08Jun2026 11:31:05.393] [modloading-worker-0/INFO] [com.teampotato.redirector.Redirector/]: Redirecting mezz/jei/common/util/HorizontalAlignment
[08Jun2026 11:31:05.394] [modloading-worker-0/INFO] [com.teampotato.redirector.Redirector/]: Redirecting mezz/jei/common/util/VerticalAlignment
[08Jun2026 11:31:05.394] [modloading-worker-0/INFO] [com.teampotato.redirector.Redirector/]: Redirecting mezz/jei/common/util/NavigationVisibility
[08Jun2026 11:31:05.410] [modloading-worker-0/INFO] [com.teampotato.redirector.Redirector/]: Redirecting appeng/api/parts/CableRenderMode
[08Jun2026 11:31:05.410] [modloading-worker-0/INFO] [Ksyxis/]: Ksyxis: Booting... (platform: Forge, manual: false)
[08Jun2026 11:31:05.411] [modloading-worker-0/INFO] [Ksyxis/]: Ksyxis: Found Mixin library. (version: 0.8.5)
[08Jun2026 11:31:05.411] [modloading-worker-0/INFO] [Ksyxis/]: Ksyxis: Ready. As always, this mod will speed up your world loading and might or might not break it. (0 ms)
[08Jun2026 11:31:05.413] [modloading-worker-0/INFO] [thedarkcolour.kotlinforforge.test.KotlinForForge/]: Kotlin For Forge Enabled!
[08Jun2026 11:31:05.416] [modloading-worker-0/WARN] [mixin/]: @Inject(@At("INVOKE")) Shift.BY=2 on create_connected.mixins.json:sequencedgearshift.SequencedGearshiftScreenMixin::handler$bhp000$updateParamsOfRow exceeds the maximum allowed value: 0. Increase the value of maxShiftBy to suppress this warning.
[08Jun2026 11:31:05.418] [modloading-worker-0/INFO] [com.teampotato.redirector.Redirector/]: Redirecting mekanism/common/tier/QIODriveTier
[08Jun2026 11:31:05.439] [modloading-worker-0/INFO] [paintings/]: loading json file and contents for paintings.
[08Jun2026 11:31:05.439] [modloading-worker-0/INFO] [paintings/]: **Paintings++ no longer copies the base file outside if the mod. **
[08Jun2026 11:31:05.441] [modloading-worker-0/INFO] [com.teampotato.redirector.Redirector/]: Redirecting com/simibubi/create/foundation/block/connected/AllCTTypes
[08Jun2026 11:31:05.444] [modloading-worker-0/INFO] [paintings/]: Loaded json painting abstract_blue , 16 x 16
[08Jun2026 11:31:05.444] [modloading-worker-0/INFO] [paintings/]: Loaded json painting abstract_rainbow , 16 x 16
[08Jun2026 11:31:05.444] [modloading-worker-0/INFO] [paintings/]: Loaded json painting abstract_red , 16 x 16
[08Jun2026 11:31:05.444] [modloading-worker-0/INFO] [paintings/]: Loaded json painting abstract_sunset , 16 x 16
[08Jun2026 11:31:05.444] [modloading-worker-0/INFO] [paintings/]: Loaded json painting arachnophobe , 32 x 16
[08Jun2026 11:31:05.444] [modloading-worker-0/INFO] [paintings/]: Loaded json painting barn_owl , 32 x 16
[08Jun2026 11:31:05.445] [modloading-worker-0/INFO] [paintings/]: Loaded json painting big_z , 16 x 16
[08Jun2026 11:31:05.445] [modloading-worker-0/INFO] [paintings/]: Loaded json painting blue_bird , 32 x 16
[08Jun2026 11:31:05.445] [modloading-worker-0/INFO] [paintings/]: Loaded json painting bluesclues , 32 x 16
[08Jun2026 11:31:05.445] [modloading-worker-0/INFO] [paintings/]: Loaded json painting borgia , 16 x 32
[08Jun2026 11:31:05.445] [modloading-worker-0/INFO] [paintings/]: Loaded json painting cane , 16 x 32
[08Jun2026 11:31:05.445] [modloading-worker-0/INFO] [paintings/]: Loaded json painting cat_black , 16 x 16
[08Jun2026 11:31:05.445] [modloading-worker-0/INFO] [paintings/]: Loaded json painting cat_gray , 16 x 16
[08Jun2026 11:31:05.445] [modloading-worker-0/INFO] [paintings/]: Loaded json painting cat_orange , 16 x 16
[08Jun2026 11:31:05.445] [modloading-worker-0/INFO] [paintings/]: Loaded json painting cat , 32 x 16
[08Jun2026 11:31:05.445] [modloading-worker-0/INFO] [paintings/]: Loaded json painting colorful_squares , 32 x 16
[08Jun2026 11:31:05.446] [modloading-worker-0/INFO] [paintings/]: Loaded json painting crest , 32 x 16
[08Jun2026 11:31:05.446] [modloading-worker-0/INFO] [paintings/]: Loaded json painting danger_zone , 32 x 32
[08Jun2026 11:31:05.446] [modloading-worker-0/INFO] [paintings/]: Loaded json painting decorative_gun , 32 x 16
[08Jun2026 11:31:05.446] [modloading-worker-0/INFO] [com.teampotato.redirector.Redirector/]: Redirecting mekanism/common/item/gear/ItemAtomicDisassembler$DisassemblerMode
[08Jun2026 11:31:05.446] [modloading-worker-0/INFO] [com.teampotato.redirector.Redirector/]: Redirecting net/mehvahdjukaar/moonlight/api/util/DispenserHelper$Priority
[08Jun2026 11:31:05.446] [modloading-worker-0/INFO] [paintings/]: Loaded json painting exit_down , 32 x 16
[08Jun2026 11:31:05.446] [modloading-worker-0/INFO] [paintings/]: Loaded json painting exit_up , 32 x 16
[08Jun2026 11:31:05.446] [modloading-worker-0/INFO] [paintings/]: Loaded json painting exit_left , 32 x 16
[08Jun2026 11:31:05.446] [modloading-worker-0/INFO] [paintings/]: Loaded json painting exit_right , 32 x 16
[08Jun2026 11:31:05.447] [modloading-worker-0/INFO] [paintings/]: Loaded json painting face_bat , 16 x 16
[08Jun2026 11:31:05.447] [modloading-worker-0/INFO] [paintings/]: Loaded json painting face_chicken , 16 x 16
[08Jun2026 11:31:05.447] [modloading-worker-0/INFO] [paintings/]: Loaded json painting face_cow , 16 x 16
[08Jun2026 11:31:05.447] [modloading-worker-0/INFO] [paintings/]: Loaded json painting face_creeper , 16 x 16
[08Jun2026 11:31:05.447] [modloading-worker-0/INFO] [paintings/]: Loaded json painting face_dog , 16 x 16
[08Jun2026 11:31:05.447] [modloading-worker-0/INFO] [paintings/]: Loaded json painting face_enderman , 16 x 16
[08Jun2026 11:31:05.447] [modloading-worker-0/INFO] [paintings/]: Loaded json painting face_pig , 16 x 16
[08Jun2026 11:31:05.447] [modloading-worker-0/INFO] [paintings/]: Loaded json painting face_pigman , 16 x 16
[08Jun2026 11:31:05.447] [modloading-worker-0/INFO] [paintings/]: Loaded json painting face_silverfish , 16 x 16
[08Jun2026 11:31:05.448] [modloading-worker-0/INFO] [paintings/]: Loaded json painting face_skeleton , 16 x 16
[08Jun2026 11:31:05.448] [modloading-worker-0/INFO] [paintings/]: Loaded json painting face_squid , 16 x 16
[08Jun2026 11:31:05.448] [modloading-worker-0/INFO] [paintings/]: Loaded json painting face_zombie , 16 x 16
[08Jun2026 11:31:05.448] [modloading-worker-0/INFO] [paintings/]: Loaded json painting fishes , 32 x 16
[08Jun2026 11:31:05.448] [modloading-worker-0/INFO] [paintings/]: Loaded json painting flowers , 32 x 16
[08Jun2026 11:31:05.448] [modloading-worker-0/INFO] [paintings/]: Loaded json painting fruits , 32 x 16
[08Jun2026 11:31:05.448] [modloading-worker-0/INFO] [paintings/]: Loaded json painting ghost , 16 x 32
[08Jun2026 11:31:05.448] [modloading-worker-0/INFO] [paintings/]: Loaded json painting glowlamp , 32 x 32
[08Jun2026 11:31:05.448] [modloading-worker-0/INFO] [paintings/]: Loaded json painting glowstone_hourglass , 16 x 32
[08Jun2026 11:31:05.448] [modloading-worker-0/INFO] [paintings/]: Loaded json painting iluvmc , 32 x 16
[08Jun2026 11:31:05.448] [modloading-worker-0/INFO] [paintings/]: Loaded json painting link , 32 x 16
[08Jun2026 11:31:05.448] [modloading-worker-0/INFO] [paintings/]: Loaded json painting mine_prosperity , 32 x 16
[08Jun2026 11:31:05.452] [modloading-worker-0/INFO] [paintings/]: Loaded json painting no_trespassing_for_mobs , 32 x 16
[08Jun2026 11:31:05.456] [modloading-worker-0/INFO] [paintings/]: Loaded json painting ocelot , 16 x 16
[08Jun2026 11:31:05.457] [modloading-worker-0/INFO] [paintings/]: Loaded json painting penguin , 32 x 16
[08Jun2026 11:31:05.457] [modloading-worker-0/INFO] [paintings/]: Loaded json painting pig_on_a_cliff , 32 x 32
[08Jun2026 11:31:05.457] [modloading-worker-0/INFO] [paintings/]: Loaded json painting pkmn_blue , 32 x 16
[08Jun2026 11:31:05.457] [modloading-worker-0/INFO] [paintings/]: Loaded json painting pkmn_red , 32 x 16
[08Jun2026 11:31:05.457] [modloading-worker-0/INFO] [paintings/]: Loaded json painting pkmn_green , 32 x 16
[08Jun2026 11:31:05.457] [modloading-worker-0/INFO] [paintings/]: Loaded json painting plains_hut , 32 x 16
[08Jun2026 11:31:05.457] [modloading-worker-0/INFO] [paintings/]: Loaded json painting portrait_2 , 16 x 16
[08Jun2026 11:31:05.458] [modloading-worker-0/INFO] [paintings/]: Loaded json painting portrait , 32 x 32
[08Jun2026 11:31:05.458] [modloading-worker-0/INFO] [paintings/]: Loaded json painting prison , 16 x 32
[08Jun2026 11:31:05.458] [modloading-worker-0/INFO] [paintings/]: Loaded json painting prosperity , 16 x 32
[08Jun2026 11:31:05.458] [modloading-worker-0/INFO] [paintings/]: Loaded json painting rest , 32 x 16
[08Jun2026 11:31:05.458] [modloading-worker-0/INFO] [paintings/]: Loaded json painting skeleton , 16 x 32
[08Jun2026 11:31:05.458] [modloading-worker-0/INFO] [paintings/]: Loaded json painting sky , 32 x 32
[08Jun2026 11:31:05.458] [modloading-worker-0/INFO] [paintings/]: Loaded json painting skyblock , 32 x 32
[08Jun2026 11:31:05.459] [modloading-worker-0/INFO] [paintings/]: Loaded json painting snake , 16 x 32
[08Jun2026 11:31:05.459] [modloading-worker-0/INFO] [paintings/]: Loaded json painting snow_landscape , 32 x 16
[08Jun2026 11:31:05.459] [modloading-worker-0/INFO] [paintings/]: Loaded json painting subaraki , 32 x 16
[08Jun2026 11:31:05.459] [modloading-worker-0/INFO] [paintings/]: Loaded json painting synth_city , 16 x 16
[08Jun2026 11:31:05.459] [modloading-worker-0/INFO] [paintings/]: Loaded json painting tapistry_a , 32 x 16
[08Jun2026 11:31:05.459] [modloading-worker-0/INFO] [paintings/]: Loaded json painting tapistry_b , 16 x 32
[08Jun2026 11:31:05.459] [modloading-worker-0/INFO] [paintings/]: Loaded json painting tapistry_purple , 16 x 32
[08Jun2026 11:31:05.459] [modloading-worker-0/INFO] [paintings/]: Loaded json painting torched , 32 x 16
[08Jun2026 11:31:05.459] [modloading-worker-0/INFO] [paintings/]: Loaded json painting waterfall , 32 x 16
[08Jun2026 11:31:05.460] [modloading-worker-0/INFO] [paintings/]: Loaded json painting whale , 32 x 16
[08Jun2026 11:31:05.460] [modloading-worker-0/INFO] [paintings/]: Loaded json painting wheat_field , 32 x 16
[08Jun2026 11:31:05.460] [modloading-worker-0/INFO] [paintings/]: Loaded json painting wolf_in_wheat , 32 x 16
[08Jun2026 11:31:05.494] [modloading-worker-0/INFO] [mezz.jei.library.load.PluginCaller/]: Sending ConfigManager...
[08Jun2026 11:31:05.514] [modloading-worker-0/INFO] [dev.architectury.networking.forge.NetworkManagerImpl/]: Registering S2C receiver with id ftbquests:sync_quests
[08Jun2026 11:31:05.525] [modloading-worker-0/INFO] [dev.architectury.networking.forge.NetworkManagerImpl/]: Registering S2C receiver with id ftbquests:sync_team_data
[08Jun2026 11:31:05.533] [modloading-worker-0/INFO] [dev.architectury.networking.forge.NetworkManagerImpl/]: Registering S2C receiver with id ftbquests:update_task_progress
[08Jun2026 11:31:05.540] [modloading-worker-0/INFO] [dev.architectury.networking.forge.NetworkManagerImpl/]: Registering C2S receiver with id ftbquests:submit_task
[08Jun2026 11:31:05.546] [modloading-worker-0/INFO] [dev.architectury.networking.forge.NetworkManagerImpl/]: Registering C2S receiver with id ftbquests:claim_reward
[08Jun2026 11:31:05.550] [modloading-worker-0/INFO] [net.minecraftforge.common.ForgeMod/FORGEMOD]: Forge mod loading, version 47.4.0, for MC 1.20.1 with MCP 20230612.114412
[08Jun2026 11:31:05.550] [modloading-worker-0/INFO] [net.minecraftforge.common.MinecraftForge/FORGE]: MinecraftForge v47.4.0 Initialized
[08Jun2026 11:31:05.551] [modloading-worker-0/INFO] [com.teampotato.redirector.Redirector/]: Redirecting slimeknights/mantle/registration/object/WoodBlockObject$WoodVariant
[08Jun2026 11:31:05.552] [modloading-worker-0/INFO] [dev.architectury.networking.forge.NetworkManagerImpl/]: Registering S2C receiver with id ftbquests:claim_reward_response
[08Jun2026 11:31:05.559] [modloading-worker-0/INFO] [dev.architectury.networking.forge.NetworkManagerImpl/]: Registering S2C receiver with id ftbquests:sync_editing_mode
[08Jun2026 11:31:05.595] [modloading-worker-0/INFO] [dev.architectury.networking.forge.NetworkManagerImpl/]: Registering C2S receiver with id ftbquests:get_emergency_items
[08Jun2026 11:31:05.600] [modloading-worker-0/INFO] [dev.architectury.networking.forge.NetworkManagerImpl/]: Registering S2C receiver with id ftbquests:create_other_team_data
[08Jun2026 11:31:05.605] [modloading-worker-0/INFO] [dev.architectury.networking.forge.NetworkManagerImpl/]: Registering C2S receiver with id ftbquests:claim_all_rewards
[08Jun2026 11:31:05.610] [modloading-worker-0/INFO] [com.teampotato.redirector.Redirector/]: Redirecting net/minecraft/world/level/pathfinder/BlockPathTypes
[08Jun2026 11:31:05.611] [modloading-worker-0/INFO] [dev.architectury.networking.forge.NetworkManagerImpl/]: Registering C2S receiver with id ftbquests:claim_choice_reward
[08Jun2026 11:31:05.616] [modloading-worker-0/INFO] [dev.architectury.networking.forge.NetworkManagerImpl/]: Registering S2C receiver with id ftbquests:display_completion_toast
[08Jun2026 11:31:05.622] [modloading-worker-0/INFO] [dev.architectury.networking.forge.NetworkManagerImpl/]: Registering S2C receiver with id ftbquests:display_reward_toast
[08Jun2026 11:31:05.629] [modloading-worker-0/INFO] [dev.architectury.networking.forge.NetworkManagerImpl/]: Registering S2C receiver with id ftbquests:display_item_reward_toast
[08Jun2026 11:31:05.632] [modloading-worker-0/INFO] [dev.architectury.networking.forge.NetworkManagerImpl/]: Registering C2S receiver with id ftbquests:toggle_pinned
[08Jun2026 11:31:05.646] [modloading-worker-0/INFO] [dev.architectury.networking.forge.NetworkManagerImpl/]: Registering S2C receiver with id ftbquests:toggle_pinned_response
[08Jun2026 11:31:05.647] [modloading-worker-0/INFO] [com.teampotato.redirector.Redirector/]: Redirecting net/minecraft/server/packs/repository/Pack$Position
[08Jun2026 11:31:05.651] [modloading-worker-0/INFO] [dev.architectury.networking.forge.NetworkManagerImpl/]: Registering C2S receiver with id ftbquests:toggle_chapter_pinned
[08Jun2026 11:31:05.656] [modloading-worker-0/INFO] [com.teampotato.redirector.Redirector/]: Redirecting mekanism/generators/common/GeneratorsChemicalConstants
[08Jun2026 11:31:05.661] [modloading-worker-0/INFO] [dev.architectury.networking.forge.NetworkManagerImpl/]: Registering S2C receiver with id ftbquests:toggle_chapter_pinned_response
[08Jun2026 11:31:05.673] [modloading-worker-0/INFO] [mezz.jei.library.load.PluginCaller/]: Sending ConfigManager took 178.4 ms
[08Jun2026 11:31:05.682] [modloading-worker-0/INFO] [dev.architectury.networking.forge.NetworkManagerImpl/]: Registering C2S receiver with id ftbquests:toggle_editing_mode
[08Jun2026 11:31:05.686] [modloading-worker-0/INFO] [com.teampotato.redirector.Redirector/]: Redirecting mekanism/generators/common/GeneratorsLang
[08Jun2026 11:31:05.690] [modloading-worker-0/INFO] [dev.architectury.networking.forge.NetworkManagerImpl/]: Registering C2S receiver with id ftbquests:force_save
[08Jun2026 11:31:05.693] [modloading-worker-0/INFO] [com.teampotato.redirector.Redirector/]: Redirecting mezz/jei/forge/startup/StartEventObserver$State
[08Jun2026 11:31:05.696] [modloading-worker-0/INFO] [dev.architectury.networking.forge.NetworkManagerImpl/]: Registering S2C receiver with id ftbquests:update_team_data
[08Jun2026 11:31:05.702] [modloading-worker-0/INFO] [dev.architectury.networking.forge.NetworkManagerImpl/]: Registering C2S receiver with id ftbquests:set_custom_image
[08Jun2026 11:31:05.708] [modloading-worker-0/INFO] [dev.architectury.networking.forge.NetworkManagerImpl/]: Registering S2C receiver with id ftbquests:object_started
[08Jun2026 11:31:05.708] [modloading-worker-0/INFO] [com.teampotato.redirector.Redirector/]: Redirecting com/simibubi/create/content/trains/signal/SignalBlock$SignalType
[08Jun2026 11:31:05.709] [modloading-worker-0/INFO] [com.teampotato.redirector.Redirector/]: Redirecting com/simibubi/create/content/trains/signal/SignalBlockEntity$SignalState
[08Jun2026 11:31:05.713] [modloading-worker-0/INFO] [dev.architectury.networking.forge.NetworkManagerImpl/]: Registering S2C receiver with id ftbquests:object_completed
[08Jun2026 11:31:05.723] [modloading-worker-0/INFO] [dev.architectury.networking.forge.NetworkManagerImpl/]: Registering S2C receiver with id ftbquests:object_started_reset
[08Jun2026 11:31:05.729] [modloading-worker-0/INFO] [dev.architectury.networking.forge.NetworkManagerImpl/]: Registering S2C receiver with id ftbquests:object_completed_reset
[08Jun2026 11:31:05.734] [modloading-worker-0/INFO] [dev.architectury.networking.forge.NetworkManagerImpl/]: Registering S2C receiver with id ftbquests:sync_lock
[08Jun2026 11:31:05.738] [modloading-worker-0/INFO] [dev.architectury.networking.forge.NetworkManagerImpl/]: Registering S2C receiver with id ftbquests:reset_reward
[08Jun2026 11:31:05.738] [modloading-worker-0/INFO] [com.teampotato.redirector.Redirector/]: Redirecting slimeknights/tconstruct/common/Sounds
[08Jun2026 11:31:05.739] [modloading-worker-0/INFO] [com.teampotato.redirector.Redirector/]: Redirecting mekanism/common/content/gear/mekatool/ModuleExcavationEscalationUnit$ExcavationMode
[08Jun2026 11:31:05.743] [modloading-worker-0/INFO] [com.teampotato.redirector.Redirector/]: Redirecting slimeknights/tconstruct/common/registration/GeodeItemObject$BudSize
[08Jun2026 11:31:05.743] [modloading-worker-0/INFO] [dev.architectury.networking.forge.NetworkManagerImpl/]: Registering S2C receiver with id ftbquests:team_data_changed
[08Jun2026 11:31:05.749] [modloading-worker-0/INFO] [dev.architectury.networking.forge.NetworkManagerImpl/]: Registering S2C receiver with id ftbquests:task_screen_config_req
[08Jun2026 11:31:05.754] [modloading-worker-0/INFO] [com.teampotato.redirector.Redirector/]: Redirecting mekanism/common/content/gear/mekatool/ModuleAttackAmplificationUnit$AttackDamage
[08Jun2026 11:31:05.760] [modloading-worker-0/INFO] [dev.architectury.networking.forge.NetworkManagerImpl/]: Registering C2S receiver with id ftbquests:task_screen_config_resp
[08Jun2026 11:31:05.766] [modloading-worker-0/INFO] [dev.architectury.networking.forge.NetworkManagerImpl/]: Registering C2S receiver with id ftbquests:change_progress
[08Jun2026 11:31:05.767] [modloading-worker-0/INFO] [com.teampotato.redirector.Redirector/]: Redirecting mekanism/common/content/gear/mekatool/ModuleFarmingUnit$FarmingRadius
[08Jun2026 11:31:05.772] [modloading-worker-0/INFO] [dev.architectury.networking.forge.NetworkManagerImpl/]: Registering C2S receiver with id ftbquests:create_object
[08Jun2026 11:31:05.772] [modloading-worker-0/INFO] [com.teampotato.redirector.Redirector/]: Redirecting mekanism/api/gear/ModuleData$ExclusiveFlag
[08Jun2026 11:31:05.777] [modloading-worker-0/INFO] [dev.architectury.networking.forge.NetworkManagerImpl/]: Registering S2C receiver with id ftbquests:create_object_response
[08Jun2026 11:31:05.779] [modloading-worker-0/INFO] [com.teampotato.redirector.Redirector/]: Redirecting guideme/scene/PerspectivePreset
[08Jun2026 11:31:05.783] [modloading-worker-0/INFO] [dev.architectury.networking.forge.NetworkManagerImpl/]: Registering C2S receiver with id ftbquests:create_task_at
[08Jun2026 11:31:05.786] [modloading-worker-0/INFO] [com.teampotato.redirector.Redirector/]: Redirecting guideme/document/block/AlignItems
[08Jun2026 11:31:05.787] [modloading-worker-0/INFO] [dev.architectury.networking.forge.NetworkManagerImpl/]: Registering C2S receiver with id ftbquests:delete_object
[08Jun2026 11:31:05.788] [modloading-worker-0/INFO] [com.teampotato.redirector.Redirector/]: Redirecting guideme/compiler/tags/BoxFlowDirection
[08Jun2026 11:31:05.792] [modloading-worker-0/INFO] [dev.architectury.networking.forge.NetworkManagerImpl/]: Registering S2C receiver with id ftbquests:delete_object_response
[08Jun2026 11:31:05.804] [modloading-worker-0/INFO] [dev.architectury.networking.forge.NetworkManagerImpl/]: Registering C2S receiver with id ftbquests:edit_object
[08Jun2026 11:31:05.807] [modloading-worker-0/INFO] [com.teampotato.redirector.Redirector/]: Redirecting mekanism/common/content/gear/mekatool/ModuleBlastingUnit$BlastRadius
[08Jun2026 11:31:05.808] [modloading-worker-0/INFO] [dev.architectury.networking.forge.NetworkManagerImpl/]: Registering S2C receiver with id ftbquests:edit_object_response
[08Jun2026 11:31:05.814] [modloading-worker-0/INFO] [dev.architectury.networking.forge.NetworkManagerImpl/]: Registering C2S receiver with id ftbquests:move_chapter
[08Jun2026 11:31:05.818] [modloading-worker-0/INFO] [com.teampotato.redirector.Redirector/]: Redirecting mekanism/common/content/gear/mekatool/ModuleVeinMiningUnit$ExcavationRange
[08Jun2026 11:31:05.818] [modloading-worker-0/INFO] [dev.architectury.networking.forge.NetworkManagerImpl/]: Registering S2C receiver with id ftbquests:move_chapter_response
[08Jun2026 11:31:05.823] [modloading-worker-0/INFO] [dev.architectury.networking.forge.NetworkManagerImpl/]: Registering C2S receiver with id ftbquests:move_quest
[08Jun2026 11:31:05.828] [modloading-worker-0/INFO] [dev.architectury.networking.forge.NetworkManagerImpl/]: Registering S2C receiver with id ftbquests:move_quest_response
[08Jun2026 11:31:05.832] [modloading-worker-0/INFO] [dev.architectury.networking.forge.NetworkManagerImpl/]: Registering C2S receiver with id ftbquests:change_chapter_group
[08Jun2026 11:31:05.835] [modloading-worker-0/INFO] [dev.architectury.networking.forge.NetworkManagerImpl/]: Registering S2C receiver with id ftbquests:change_chapter_group_response
[08Jun2026 11:31:05.840] [modloading-worker-0/INFO] [dev.architectury.networking.forge.NetworkManagerImpl/]: Registering C2S receiver with id ftbquests:move_chapter_group
[08Jun2026 11:31:05.844] [modloading-worker-0/INFO] [dev.architectury.networking.forge.NetworkManagerImpl/]: Registering S2C receiver with id ftbquests:move_chapter_group_response
[08Jun2026 11:31:05.848] [modloading-worker-0/INFO] [dev.architectury.networking.forge.NetworkManagerImpl/]: Registering S2C receiver with id ftbquests:sync_reward_blocking
[08Jun2026 11:31:05.854] [modloading-worker-0/INFO] [dev.architectury.networking.forge.NetworkManagerImpl/]: Registering C2S receiver with id ftbquests:copy_quest
[08Jun2026 11:31:05.862] [modloading-worker-0/INFO] [dev.architectury.networking.forge.NetworkManagerImpl/]: Registering C2S receiver with id ftbquests:copy_chapter_image
[08Jun2026 11:31:05.866] [modloading-worker-0/INFO] [dev.architectury.networking.forge.NetworkManagerImpl/]: Registering C2S receiver with id ftbquests:sync_structures_request
[08Jun2026 11:31:05.867] [modloading-worker-0/INFO] [com.teampotato.redirector.Redirector/]: Redirecting mekanism/common/item/interfaces/IJetpackItem$JetpackMode
[08Jun2026 11:31:05.871] [modloading-worker-0/INFO] [dev.architectury.networking.forge.NetworkManagerImpl/]: Registering S2C receiver with id ftbquests:sync_structures_response
[08Jun2026 11:31:05.873] [modloading-worker-0/INFO] [com.teampotato.redirector.Redirector/]: Redirecting dev/engine_room/flywheel/backend/compile/LightSmoothness
[08Jun2026 11:31:05.875] [modloading-worker-0/INFO] [dev.architectury.networking.forge.NetworkManagerImpl/]: Registering C2S receiver with id ftbquests:request_team_data
[08Jun2026 11:31:05.879] [modloading-worker-0/INFO] [dev.architectury.networking.forge.NetworkManagerImpl/]: Registering S2C receiver with id ftbquests:sync_editor_permission
[08Jun2026 11:31:05.881] [modloading-worker-0/INFO] [com.teampotato.redirector.Redirector/]: Redirecting mekanism/common/content/gear/mekasuit/ModuleLocomotiveBoostingUnit$SprintBoost
[08Jun2026 11:31:05.883] [modloading-worker-0/INFO] [dev.architectury.networking.forge.NetworkManagerImpl/]: Registering S2C receiver with id ftbquests:open_quest_book
[08Jun2026 11:31:05.888] [modloading-worker-0/INFO] [dev.architectury.networking.forge.NetworkManagerImpl/]: Registering S2C receiver with id ftbquests:clear_display_cache
[08Jun2026 11:31:05.889] [modloading-worker-0/INFO] [com.teampotato.redirector.Redirector/]: Redirecting dev/ftb/mods/ftbquests/FTBQuestsEventHandler
[08Jun2026 11:31:05.891] [modloading-worker-0/INFO] [com.teampotato.redirector.Redirector/]: Redirecting net/createmod/ponder/config/CClient$PlacementIndicatorSetting
[08Jun2026 11:31:05.910] [modloading-worker-0/INFO] [com.teampotato.redirector.Redirector/]: Redirecting mekanism/common/content/gear/mekasuit/ModuleHydraulicPropulsionUnit$JumpBoost
[08Jun2026 11:31:05.911] [modloading-worker-0/INFO] [com.teampotato.redirector.Redirector/]: Redirecting mekanism/common/content/gear/mekasuit/ModuleHydraulicPropulsionUnit$StepAssist
[08Jun2026 11:31:05.913] [modloading-worker-0/INFO] [com.simibubi.create.Create/]: Create 6.0.8 initializing! Commit hash: 1a1a9a2819b4f89f78caec41b55ed8cb222fa24b
[08Jun2026 11:31:05.918] [modloading-worker-0/INFO] [com.teampotato.redirector.Redirector/]: Redirecting mekanism/common/content/gear/mekasuit/ModuleMagneticAttractionUnit$Range
[08Jun2026 11:31:05.928] [modloading-worker-0/INFO] [Create Deco/]: Registering items for Create Deco
[08Jun2026 11:31:05.933] [modloading-worker-0/INFO] [com.teampotato.redirector.Redirector/]: Redirecting mekanism/api/tier/AlloyTier
[08Jun2026 11:31:05.938] [modloading-worker-0/INFO] [com.teampotato.redirector.Redirector/]: Redirecting com/github/talrey/createdeco/api/CDTags$Material
[08Jun2026 11:31:05.941] [modloading-worker-0/INFO] [com.teampotato.redirector.Redirector/]: Redirecting com/github/talrey/createdeco/api/CDTags$Form
[08Jun2026 11:31:06.023] [modloading-worker-0/INFO] [com.teampotato.redirector.Redirector/]: Redirecting mekanism/generators/common/tile/fission/TileEntityFissionReactorLogicAdapter$FissionReactorLogic
[08Jun2026 11:31:06.026] [modloading-worker-0/INFO] [com.teampotato.redirector.Redirector/]: Redirecting mekanism/generators/common/tile/fission/TileEntityFissionReactorLogicAdapter$RedstoneStatus
[08Jun2026 11:31:06.035] [modloading-worker-0/INFO] [appliedcreate/]: Applied Create loaded (commit: fc383de)
[08Jun2026 11:31:06.040] [modloading-worker-0/INFO] [com.teampotato.redirector.Redirector/]: Redirecting mekanism/common/block/attribute/AttributeStateFacing$FacePlacementType
[08Jun2026 11:31:06.043] [modloading-worker-0/INFO] [Create Deco/]: Registering blocks for Create Deco
[08Jun2026 11:31:06.052] [modloading-worker-0/INFO] [com.teampotato.redirector.Redirector/]: Redirecting slimeknights/tconstruct/tools/stats/ToolType
[08Jun2026 11:31:06.056] [modloading-worker-0/INFO] [com.teampotato.redirector.Redirector/]: Redirecting dev/ftb/mods/ftblibrary/util/PanelPositioning
[08Jun2026 11:31:06.057] [modloading-worker-0/INFO] [com.teampotato.redirector.Redirector/]: Redirecting net/createmod/catnip/config/ui/ConfigAnnotations$RequiresRestart
[08Jun2026 11:31:06.091] [modloading-worker-0/INFO] [irisflw/]: IrisFLW backends initialized: dev.engine_room.flywheel.lib.backend.SimpleBackend@28eb22f3
[08Jun2026 11:31:06.103] [modloading-worker-0/INFO] [com.teampotato.redirector.Redirector/]: Redirecting dev/ftb/mods/ftblibrary/config/Tristate
[08Jun2026 11:31:06.105] [modloading-worker-0/INFO] [com.teampotato.redirector.Redirector/]: Redirecting dev/engine_room/flywheel/impl/compat/CompatMod
[08Jun2026 11:31:06.126] [modloading-worker-0/INFO] [com.teampotato.redirector.Redirector/]: Redirecting net/mehvahdjukaar/amendments/configs/CommonConfigs$MixingMode
[08Jun2026 11:31:06.126] [modloading-worker-0/INFO] [com.teampotato.redirector.Redirector/]: Redirecting net/mehvahdjukaar/amendments/common/entity/FallingLanternEntity$FallMode
[08Jun2026 11:31:06.143] [modloading-worker-0/INFO] [com.teampotato.redirector.Redirector/]: Redirecting net/mehvahdjukaar/supplementaries/configs/CommonConfigs$ReplaceTableMode
[08Jun2026 11:31:06.144] [modloading-worker-0/INFO] [com.teampotato.redirector.Redirector/]: Redirecting net/mehvahdjukaar/supplementaries/configs/CommonConfigs$TNTMode
[08Jun2026 11:31:06.149] [modloading-worker-0/INFO] [com.teampotato.redirector.Redirector/]: Redirecting net/mehvahdjukaar/moonlight/api/platform/PlatHelper$Platform
[08Jun2026 11:31:06.163] [modloading-worker-0/INFO] [com.teampotato.redirector.Redirector/]: Redirecting net/mehvahdjukaar/supplementaries/common/block/blocks/BlackboardBlock$UseMode
[08Jun2026 11:31:06.169] [modloading-worker-0/INFO] [com.teampotato.redirector.Redirector/]: Redirecting net/mehvahdjukaar/supplementaries/configs/CommonConfigs$Hands
[08Jun2026 11:31:06.169] [modloading-worker-0/INFO] [com.teampotato.redirector.Redirector/]: Redirecting mekanism/generators/common/tile/fusion/TileEntityFusionReactorLogicAdapter$FusionReactorLogic
[08Jun2026 11:31:06.171] [modloading-worker-0/INFO] [com.teampotato.redirector.Redirector/]: Redirecting net/mehvahdjukaar/supplementaries/common/entities/BombEntity$BreakingMode
[08Jun2026 11:31:06.180] [modloading-worker-0/INFO] [com.teampotato.redirector.Redirector/]: Redirecting net/mehvahdjukaar/supplementaries/configs/CommonConfigs$DeathMarkerMode
[08Jun2026 11:31:06.181] [modloading-worker-0/INFO] [com.teampotato.redirector.Redirector/]: Redirecting net/mehvahdjukaar/supplementaries/configs/CommonConfigs$SlimedJumpMode
[08Jun2026 11:31:06.254] [modloading-worker-0/INFO] [com.teampotato.redirector.Redirector/]: Redirecting net/mehvahdjukaar/supplementaries/configs/ClientConfigs$GraphicsFanciness
[08Jun2026 11:31:06.269] [modloading-worker-0/INFO] [com.teampotato.redirector.Redirector/]: Redirecting slimeknights/mantle/config/Config$HeartRenderer
[08Jun2026 11:31:06.303] [modloading-worker-0/INFO] [com.teampotato.redirector.Redirector/]: Redirecting net/mehvahdjukaar/every_compat/api/TabAddMode
[08Jun2026 11:31:06.307] [modloading-worker-0/INFO] [com.teampotato.redirector.Redirector/]: Redirecting net/mehvahdjukaar/every_compat/api/SimpleEntrySet$LootTableMode
[08Jun2026 11:31:06.314] [modloading-worker-0/INFO] [com.teampotato.redirector.Redirector/]: Redirecting plus/dragons/createcentralkitchen/entry/network/FDNetworkEntries
[08Jun2026 11:31:06.326] [modloading-worker-0/INFO] [com.teampotato.redirector.Redirector/]: Redirecting plus/dragons/createcentralkitchen/entry/recipe/FDRecipeEntries
[08Jun2026 11:31:06.335] [modloading-worker-0/INFO] [com.teampotato.redirector.Redirector/]: Redirecting net/mehvahdjukaar/supplementaries/common/block/ModBlockProperties$Topping
[08Jun2026 11:31:06.347] [modloading-worker-0/INFO] [com.teampotato.redirector.Redirector/]: Redirecting net/mehvahdjukaar/supplementaries/common/block/ModBlockProperties$Winding
[08Jun2026 11:31:06.349] [modloading-worker-0/INFO] [com.teampotato.redirector.Redirector/]: Redirecting net/mehvahdjukaar/supplementaries/common/block/ModBlockProperties$PostType
[08Jun2026 11:31:06.353] [modloading-worker-0/INFO] [com.teampotato.redirector.Redirector/]: Redirecting net/mehvahdjukaar/supplementaries/common/block/ModBlockProperties$RakeDirection
[08Jun2026 11:31:06.357] [modloading-worker-0/INFO] [com.teampotato.redirector.Redirector/]: Redirecting net/mehvahdjukaar/supplementaries/common/block/ModBlockProperties$DisplayStatus
[08Jun2026 11:31:06.362] [modloading-worker-0/INFO] [com.teampotato.redirector.Redirector/]: Redirecting net/mehvahdjukaar/supplementaries/common/block/ModBlockProperties$Rune
[08Jun2026 11:31:06.366] [modloading-worker-0/INFO] [com.teampotato.redirector.Redirector/]: Redirecting net/mehvahdjukaar/supplementaries/common/block/ModBlockProperties$Bunting
[08Jun2026 11:31:06.371] [modloading-worker-0/INFO] [com.teampotato.redirector.Redirector/]: Redirecting plus/dragons/createcentralkitchen/foundation/resource/condition/ConfigBoolCondition
[08Jun2026 11:31:06.376] [modloading-worker-0/INFO] [com.teampotato.redirector.Redirector/]: Redirecting plus/dragons/createcentralkitchen/foundation/resource/BuiltinResource
[08Jun2026 11:31:06.387] [modloading-worker-0/INFO] [com.teampotato.redirector.Redirector/]: Redirecting net/mehvahdjukaar/supplementaries/client/renderers/entities/layers/QuiverLayer$QuiverMode
[08Jun2026 11:31:06.447] [modloading-worker-0/INFO] [com.teampotato.redirector.Redirector/]: Redirecting net/minecraft/world/level/block/RenderShape
[08Jun2026 11:31:06.451] [modloading-worker-0/INFO] [com.teampotato.redirector.Redirector/]: Redirecting net/minecraft/world/entity/SpawnPlacements$Type
[08Jun2026 11:31:06.451] [modloading-worker-0/INFO] [com.teampotato.redirector.Redirector/]: Redirecting net/mehvahdjukaar/supplementaries/common/network/ClientBoundParticlePacket$Type
[08Jun2026 11:31:06.455] [modloading-worker-0/INFO] [com.teampotato.redirector.Redirector/]: Redirecting net/mehvahdjukaar/every_compat/api/RenderLayer
[08Jun2026 11:31:06.459] [modloading-worker-0/INFO] [com.teampotato.redirector.Redirector/]: Redirecting dev/celestiacraft/industrialplatform/block/state/properties/platform/PlatformMode
[08Jun2026 11:31:06.473] [modloading-worker-0/INFO] [com.teampotato.redirector.Redirector/]: Redirecting net/mehvahdjukaar/supplementaries/common/network/ClientBoundExplosionPacket$Type
[08Jun2026 11:31:06.486] [modloading-worker-0/INFO] [JustEnoughCharacters/]: Good to see you, Snownee
[08Jun2026 11:31:06.487] [modloading-worker-0/INFO] [de.keksuccino.fancymenu.FancyMenu/]: [FANCYMENU] Loading v3.3.2 in client-side mode on FORGE!
[08Jun2026 11:31:06.491] [modloading-worker-0/INFO] [com.teampotato.redirector.Redirector/]: Redirecting me/towdium/jecharacters/JechConfig$Spell
[08Jun2026 11:31:06.507] [modloading-worker-0/INFO] [com.teampotato.redirector.Redirector/]: Redirecting de/keksuccino/fancymenu/util/file/type/FileMediaType
[08Jun2026 11:31:06.512] [modloading-worker-0/INFO] [com.teampotato.redirector.Redirector/]: Redirecting com/texelsaurus/minecraft/chameleon/service/ChameleonConfig$Type
[08Jun2026 11:31:06.541] [modloading-worker-0/INFO] [com.teampotato.redirector.Redirector/]: Redirecting com/jaquadro/minecraft/storagedrawers/config/ModCommonConfig$DropMode
[08Jun2026 11:31:06.560] [modloading-worker-0/INFO] [com.teampotato.redirector.Redirector/]: Redirecting com/simibubi/create/content/equipment/zapper/PlacementPatterns
[08Jun2026 11:31:06.563] [modloading-worker-0/INFO] [com.teampotato.redirector.Redirector/]: Redirecting com/simibubi/create/content/equipment/zapper/terrainzapper/TerrainBrushes
[08Jun2026 11:31:06.565] [modloading-worker-0/INFO] [com.teampotato.redirector.Redirector/]: Redirecting com/simibubi/create/content/equipment/zapper/terrainzapper/TerrainTools
[08Jun2026 11:31:06.568] [modloading-worker-0/INFO] [com.teampotato.redirector.Redirector/]: Redirecting com/simibubi/create/content/equipment/zapper/terrainzapper/PlacementOptions
[08Jun2026 11:31:06.584] [modloading-worker-0/INFO] [com.teampotato.redirector.Redirector/]: Redirecting com/teammetallurgy/aquaculture/entity/FishType
[08Jun2026 11:31:06.585] [modloading-worker-0/INFO] [com.teampotato.redirector.Redirector/]: Redirecting slimeknights/mantle/data/loadable/common/NBTLoadable
[08Jun2026 11:31:06.607] [modloading-worker-0/INFO] [com.teampotato.redirector.Redirector/]: Redirecting me/ramidzkh/mekae2/AMText
[08Jun2026 11:31:06.643] [modloading-worker-0/INFO] [com.teampotato.redirector.Redirector/]: Redirecting net/minecraftforge/fluids/capability/IFluidHandler$FluidAction
[08Jun2026 11:31:06.670] [modloading-worker-0/INFO] [com.teampotato.redirector.Redirector/]: Redirecting me/towdium/jecharacters/utils/Profiler$Type
[08Jun2026 11:31:06.675] [modloading-worker-0/INFO] [com.teampotato.redirector.Redirector/]: Redirecting me/towdium/jecharacters/utils/Profiler$Plafform
[08Jun2026 11:31:06.684] [modloading-worker-0/INFO] [mod.chiselsandbits.forge.Forge/]: Initialized Chisels&Bits - Forge
[08Jun2026 11:31:06.720] [modloading-worker-0/INFO] [com.teampotato.redirector.Redirector/]: Redirecting com/communi/suggestu/scena/core/dist/Dist
[08Jun2026 11:31:06.723] [modloading-worker-0/INFO] [com.teampotato.redirector.Redirector/]: Redirecting net/minecraft/world/level/ClipContext$Fluid
[08Jun2026 11:31:06.725] [modloading-worker-0/INFO] [com.teampotato.redirector.Redirector/]: Redirecting net/minecraft/world/inventory/ClickAction
[08Jun2026 11:31:06.726] [modloading-worker-0/INFO] [com.teampotato.redirector.Redirector/]: Redirecting net/minecraft/world/item/UseAnim
[08Jun2026 11:31:06.739] [modloading-worker-0/INFO] [com.teampotato.redirector.Redirector/]: Redirecting net/darkhax/openloader/packs/RepoType
[08Jun2026 11:31:06.761] [modloading-worker-0/INFO] [com.teampotato.redirector.Redirector/]: Redirecting mod/chiselsandbits/api/client/render/preview/placement/PlacementPreviewRenderMode
[08Jun2026 11:31:06.765] [modloading-worker-0/INFO] [com.teampotato.redirector.Redirector/]: Redirecting com/communi/suggestu/scena/core/config/ConfigurationType
[08Jun2026 11:31:06.781] [modloading-worker-0/INFO] [com.teampotato.redirector.Redirector/]: Redirecting org/teacon/xkdeco/block/SpecialSlabBlock$Type
[08Jun2026 11:31:06.857] [modloading-worker-0/INFO] [com.teampotato.redirector.Redirector/]: Redirecting mekanism/common/block/attribute/AttributeMultiblock$MultiblockType
[08Jun2026 11:31:06.857] [modloading-worker-0/INFO] [com.teampotato.redirector.Redirector/]: Redirecting mod/chiselsandbits/api/multistate/StateEntrySize
[08Jun2026 11:31:06.858] [modloading-worker-0/INFO] [com.teampotato.redirector.Redirector/]: Redirecting plus/dragons/createenchantmentindustry/entry/CeiTags$FluidTag
[08Jun2026 11:31:06.862] [modloading-worker-0/INFO] [com.teampotato.redirector.Redirector/]: Redirecting plus/dragons/createenchantmentindustry/entry/CeiTags$NameSpace
[08Jun2026 11:31:06.874] [modloading-worker-0/INFO] [com.teampotato.redirector.Redirector/]: Redirecting mekanism/common/block/attribute/AttributeStateBoilerValveMode$BoilerValveMode
[08Jun2026 11:31:06.904] [modloading-worker-0/INFO] [com.teampotato.redirector.Redirector/]: Redirecting plus/dragons/createenchantmentindustry/entry/CeiTags$ItemTag
[08Jun2026 11:31:06.908] [modloading-worker-0/INFO] [mod.chiselsandbits.registrars.ModBlockEntityTypes/]: Loaded block entity configuration.
[08Jun2026 11:31:06.911] [modloading-worker-0/INFO] [com.teampotato.redirector.Redirector/]: Redirecting plus/dragons/createenchantmentindustry/entry/CeiRecipeTypes
[08Jun2026 11:31:06.924] [modloading-worker-0/INFO] [com.teampotato.redirector.Redirector/]: Redirecting plus/dragons/createenchantmentindustry/entry/CeiTags$BlockTag
[08Jun2026 11:31:06.961] [modloading-worker-0/INFO] [mod.chiselsandbits.registrars.ModBlocks/]: Loaded block configuration.
[08Jun2026 11:31:06.980] [modloading-worker-0/INFO] [mod.chiselsandbits.registrars.ModChiselModeGroups/]: Loaded chisel mode group configuration.
[08Jun2026 11:31:07.031] [modloading-worker-0/INFO] [com.teampotato.redirector.Redirector/]: Redirecting mod/chiselsandbits/api/util/LocalStrings
[08Jun2026 11:31:07.091] [modloading-worker-0/INFO] [com.teampotato.redirector.Redirector/]: Redirecting com/simibubi/create/content/fluids/potion/PotionFluid$BottleType
[08Jun2026 11:31:07.095] [modloading-worker-0/INFO] [com.teampotato.redirector.Redirector/]: Redirecting com/simibubi/create/AllTags$AllFluidTags
[08Jun2026 11:31:07.153] [modloading-worker-0/INFO] [com.teampotato.redirector.Redirector/]: Redirecting com/railwayteam/railways/content/smokestack/block/variable/VariableStackPart
[08Jun2026 11:31:07.214] [modloading-worker-0/INFO] [com.teampotato.redirector.Redirector/]: Redirecting mekanism/common/tile/component/config/DataType
[08Jun2026 11:31:07.267] [modloading-worker-0/INFO] [com.teampotato.redirector.Redirector/]: Redirecting com/railwayteam/railways/content/custom_tracks/gen_template/TextureMaps
[08Jun2026 11:31:07.271] [modloading-worker-0/INFO] [com.teampotato.redirector.Redirector/]: Redirecting com/railwayteam/railways/content/custom_tracks/gen_template/TextureKey
[08Jun2026 11:31:07.296] [modloading-worker-0/INFO] [com.teampotato.redirector.Redirector/]: Redirecting com/railwayteam/railways/registry/CRTags$AllItemTags
[08Jun2026 11:31:07.298] [modloading-worker-0/INFO] [com.teampotato.redirector.Redirector/]: Redirecting com/railwayteam/railways/registry/CRTags$NameSpace
[08Jun2026 11:31:07.307] [modloading-worker-0/INFO] [com.teampotato.redirector.Redirector/]: Redirecting mekanism/common/ChemicalConstants
[08Jun2026 11:31:07.340] [modloading-worker-0/INFO] [com.teampotato.redirector.Redirector/]: Redirecting com/railwayteam/railways/content/custom_bogeys/blocks/narrow/NarrowGaugeBogeyBlock$NarrowGaugeStandardStyle
[08Jun2026 11:31:07.415] [modloading-worker-0/INFO] [com.teampotato.redirector.Redirector/]: Redirecting slimeknights/tconstruct/shared/network/GeneratePartTexturesPacket$Operation
[08Jun2026 11:31:07.459] [modloading-worker-0/INFO] [com.teampotato.redirector.Redirector/]: Redirecting slimeknights/tconstruct/tools/network/TinkerControlPacket
[08Jun2026 11:31:07.460] [modloading-worker-0/INFO] [com.teampotato.redirector.Redirector/]: Redirecting slimeknights/tconstruct/tools/network/InteractWithAirPacket
[08Jun2026 11:31:07.525] [modloading-worker-0/INFO] [com.teampotato.redirector.Redirector/]: Redirecting net/mehvahdjukaar/supplementaries/common/misc/songs/SongsManager$Source
[08Jun2026 11:31:07.538] [modloading-worker-0/INFO] [com.teampotato.redirector.Redirector/]: Redirecting com/simibubi/create/content/kinetics/clock/CuckooClockBlockEntity$Animation
[08Jun2026 11:31:07.543] [modloading-worker-0/INFO] [com.teampotato.redirector.Redirector/]: Redirecting net/mehvahdjukaar/moonlight/api/fluids/SoftFluid$Capacity
[08Jun2026 11:31:07.549] [modloading-worker-0/INFO] [com.teampotato.redirector.Redirector/]: Redirecting net/mehvahdjukaar/moonlight/api/fluids/SoftFluid$TintMethod
[08Jun2026 11:31:07.563] [modloading-worker-0/INFO] [com.teampotato.redirector.Redirector/]: Redirecting slimeknights/mantle/util/DataLoadedConditionContext
[08Jun2026 11:31:07.592] [modloading-worker-0/INFO] [com.teampotato.redirector.Redirector/]: Redirecting com/simibubi/create/content/kinetics/belt/BeltBlockEntity$CasingType
[08Jun2026 11:31:07.596] [modloading-worker-0/INFO] [com.teampotato.redirector.Redirector/]: Redirecting com/railwayteam/railways/content/smokestack/SmokestackStyle
[08Jun2026 11:31:07.598] [modloading-worker-0/INFO] [com.teampotato.redirector.Redirector/]: Redirecting com/railwayteam/railways/content/smokestack/SmokestackStyle$Material
[08Jun2026 11:31:07.627] [modloading-worker-0/INFO] [com.teampotato.redirector.Redirector/]: Redirecting com/railwayteam/railways/content/smokestack/block/variable/VariableStackPart$Type
[08Jun2026 11:31:07.645] [modloading-worker-0/INFO] [com.teampotato.redirector.Redirector/]: Redirecting slimeknights/mantle/data/loadable/common/ColorLoadable
[08Jun2026 11:31:07.645] [modloading-worker-0/INFO] [com.teampotato.redirector.Redirector/]: Redirecting com/simibubi/create/content/kinetics/mechanicalArm/ArmBlockEntity$Phase
[08Jun2026 11:31:07.657] [modloading-worker-0/INFO] [com.teampotato.redirector.Redirector/]: Redirecting com/railwayteam/railways/registry/CRPalettes$WindowType
[08Jun2026 11:31:07.659] [modloading-worker-0/INFO] [com.teampotato.redirector.Redirector/]: Redirecting com/railwayteam/railways/registry/CRPalettes$Styles
[08Jun2026 11:31:07.664] [modloading-worker-0/INFO] [com.teampotato.redirector.Redirector/]: Redirecting com/railwayteam/railways/registry/CRPalettes$CycleGroupCategory
[08Jun2026 11:31:07.664] [modloading-worker-0/INFO] [com.teampotato.redirector.Redirector/]: Redirecting mekanism/common/item/gear/ItemFlamethrower$FlamethrowerMode
[08Jun2026 11:31:07.664] [modloading-worker-0/INFO] [com.teampotato.redirector.Redirector/]: Redirecting slimeknights/tconstruct/library/client/armor/texture/TrimArmorTextureSupplier
[08Jun2026 11:31:07.667] [modloading-worker-0/INFO] [com.teampotato.redirector.Redirector/]: Redirecting mekanism/api/security/SecurityMode
[08Jun2026 11:31:07.671] [modloading-worker-0/INFO] [com.teampotato.redirector.Redirector/]: Redirecting com/railwayteam/railways/registry/CRPalettes$Wrapping
[08Jun2026 11:31:07.684] [modloading-worker-0/INFO] [com.teampotato.redirector.Redirector/]: Redirecting com/railwayteam/railways/multiloader/Env
[08Jun2026 11:31:07.744] [modloading-worker-0/INFO] [com.teampotato.redirector.Redirector/]: Redirecting com/railwayteam/railways/content/buffer/single_deco/LinkPinBlock$Style
[08Jun2026 11:31:07.757] [modloading-worker-0/INFO] [com.teampotato.redirector.Redirector/]: Redirecting com/railwayteam/railways/content/buffer/headstock/HeadstockStyle
[08Jun2026 11:31:07.778] [modloading-worker-0/INFO] [com.teampotato.redirector.Redirector/]: Redirecting net/minecraftforge/client/event/RenderBlockScreenEffectEvent$OverlayType
[08Jun2026 11:31:07.790] [modloading-worker-0/INFO] [com.teampotato.redirector.Redirector/]: Redirecting mekanism/common/content/miner/ThreadMinerSearch$State
[08Jun2026 11:31:07.860] [modloading-worker-0/INFO] [com.teampotato.redirector.Redirector/]: Redirecting com/simibubi/create/content/kinetics/deployer/DeployerBlockEntity$State
[08Jun2026 11:31:07.874] [modloading-worker-0/INFO] [com.teampotato.redirector.Redirector/]: Redirecting mekanism/common/tile/laser/TileEntityLaserAmplifier$RedstoneOutput
[08Jun2026 11:31:07.903] [modloading-worker-0/INFO] [com.teampotato.redirector.Redirector/]: Redirecting com/simibubi/create/content/logistics/factoryBoard/FactoryPanelBlock$PanelSlot
[08Jun2026 11:31:07.910] [modloading-worker-0/INFO] [Railways/]: Registered bogey styles from railways
[08Jun2026 11:31:07.967] [modloading-worker-0/INFO] [com.teampotato.redirector.Redirector/]: Redirecting com/simibubi/create/content/logistics/depot/EjectorBlockEntity$State
[08Jun2026 11:31:07.988] [modloading-worker-0/INFO] [com.teampotato.redirector.Redirector/]: Redirecting com/railwayteam/railways/registry/CRCTTypes
[08Jun2026 11:31:08.050] [modloading-worker-0/INFO] [com.teampotato.redirector.Redirector/]: Redirecting com/simibubi/create/content/trains/signal/SignalBlockEntity$OverlayState
[08Jun2026 11:31:08.059] [modloading-worker-0/INFO] [com.teampotato.redirector.Redirector/]: Redirecting com/simibubi/create/api/contraption/BlockMovementChecks$CheckResult
[08Jun2026 11:31:08.064] [modloading-worker-0/INFO] [com.teampotato.redirector.Redirector/]: Redirecting com/simibubi/create/AllRecipeTypes
[08Jun2026 11:31:08.094] [modloading-worker-0/INFO] [com.teampotato.redirector.Redirector/]: Redirecting com/simibubi/create/AllParticleTypes
[08Jun2026 11:31:08.094] [modloading-worker-0/INFO] [com.teampotato.redirector.Redirector/]: Redirecting com/railwayteam/railways/registry/CRTags$AllBlockTags
[08Jun2026 11:31:08.118] [modloading-worker-0/INFO] [com.teampotato.redirector.Redirector/]: Redirecting com/simibubi/create/AllPackets
[08Jun2026 11:31:08.122] [modloading-worker-0/INFO] [com.teampotato.redirector.Redirector/]: Redirecting com/simibubi/create/content/schematics/cannon/ConfigureSchematicannonPacket$Option
[08Jun2026 11:31:08.231] [modloading-worker-0/INFO] [com.teampotato.redirector.Redirector/]: Redirecting mekanism/common/entity/RobitPrideSkinData
[08Jun2026 11:31:08.251] [modloading-worker-0/INFO] [com.teampotato.redirector.Redirector/]: Redirecting mekanism/common/lib/radiation/RadiationManager$RadiationScale
[08Jun2026 11:31:08.253] [modloading-worker-0/INFO] [com.teampotato.redirector.Redirector/]: Redirecting mekanism/client/sound/PlayerSound$SoundType
[08Jun2026 11:31:08.277] [modloading-worker-0/INFO] [com.teampotato.redirector.Redirector/]: Redirecting mekanism/client/render/MekanismRenderer$FluidTextureType
[08Jun2026 11:31:08.279] [modloading-worker-0/INFO] [com.teampotato.redirector.Redirector/]: Redirecting mekanism/client/render/RenderResizableCuboid$FaceDisplay
[08Jun2026 11:31:08.286] [modloading-worker-0/INFO] [com.teampotato.redirector.Redirector/]: Redirecting com/simibubi/create/infrastructure/config/CClient$TrainMapTheme
[08Jun2026 11:31:08.295] [modloading-worker-0/INFO] [com.teampotato.redirector.Redirector/]: Redirecting net/createmod/catnip/config/ui/ConfigAnnotations$IntDisplay
[08Jun2026 11:31:08.309] [modloading-worker-0/INFO] [com.teampotato.redirector.Redirector/]: Redirecting com/simibubi/create/infrastructure/config/CKinetics$DeployerAggroSetting
[08Jun2026 11:31:08.310] [modloading-worker-0/INFO] [com.teampotato.redirector.Redirector/]: Redirecting com/simibubi/create/api/contraption/ContraptionMovementSetting
[08Jun2026 11:31:08.314] [modloading-worker-0/INFO] [com.teampotato.redirector.Redirector/]: Redirecting com/simibubi/create/content/fluids/transfer/FluidManipulationBehaviour$BottomlessFluidMode
[08Jun2026 11:31:08.362] [modloading-worker-0/INFO] [com.teampotato.redirector.Redirector/]: Redirecting com/simibubi/create/content/schematics/client/tools/ToolType
[08Jun2026 11:31:08.368] [modloading-worker-0/INFO] [Railways/]: Registering data fixers
[08Jun2026 11:31:08.371] [modloading-worker-0/INFO] [com.teampotato.redirector.Redirector/]: Redirecting com/railwayteam/railways/base/datafix/CRReferences
[08Jun2026 11:31:08.383] [Railways Datafixer Bootstrap/INFO] [com.mojang.datafixers.DataFixerBuilder/]: 5 Datafixer optimizations took 3 milliseconds
[08Jun2026 11:31:08.384] [modloading-worker-0/INFO] [Railways/MultiRegistryCallback/]: Registering callback for create:track_signal in minecraft:block_entity_type
[08Jun2026 11:31:08.385] [modloading-worker-0/INFO] [Railways/MultiRegistryCallback/]: Registering callback for railways:track_signal_source in create:display_source
[08Jun2026 11:31:08.385] [modloading-worker-0/INFO] [Railways/MultiRegistryCallback/]: Registering callback for create:copycat in minecraft:block_entity_type
[08Jun2026 11:31:08.385] [modloading-worker-0/INFO] [Railways/MultiRegistryCallback/]: Registering callback for railways:conductor_vent in minecraft:block
[08Jun2026 11:31:08.385] [modloading-worker-0/INFO] [Railways/MultiRegistryCallback/]: Registering callback for create:flywheel in minecraft:block_entity_type
[08Jun2026 11:31:08.386] [modloading-worker-0/INFO] [Railways/MultiRegistryCallback/]: Registering callback for railways:locometal_flywheel in minecraft:block
[08Jun2026 11:31:08.386] [modloading-worker-0/INFO] [Railways/MultiRegistryCallback/]: Registering callback for create:sliding_door in minecraft:block_entity_type
[08Jun2026 11:31:08.386] [modloading-worker-0/INFO] [Railways/MultiRegistryCallback/]: Registering callback for railways:sliding_locometal_door in minecraft:block
[08Jun2026 11:31:08.386] [modloading-worker-0/INFO] [Railways/MultiRegistryCallback/]: Registering callback for create:sliding_door in minecraft:block_entity_type
[08Jun2026 11:31:08.386] [modloading-worker-0/INFO] [Railways/MultiRegistryCallback/]: Registering callback for railways:folding_locometal_door in minecraft:block
[08Jun2026 11:31:08.386] [modloading-worker-0/INFO] [Railways/MultiRegistryCallback/]: Registering callback for create:flywheel in minecraft:block_entity_type
[08Jun2026 11:31:08.386] [modloading-worker-0/INFO] [Railways/MultiRegistryCallback/]: Registering callback for railways:brown_locometal_flywheel in minecraft:block
[08Jun2026 11:31:08.386] [modloading-worker-0/INFO] [Railways/MultiRegistryCallback/]: Registering callback for create:sliding_door in minecraft:block_entity_type
[08Jun2026 11:31:08.386] [modloading-worker-0/INFO] [Railways/MultiRegistryCallback/]: Registering callback for railways:brown_sliding_locometal_door in minecraft:block
[08Jun2026 11:31:08.386] [modloading-worker-0/INFO] [Railways/MultiRegistryCallback/]: Registering callback for create:sliding_door in minecraft:block_entity_type
[08Jun2026 11:31:08.386] [modloading-worker-0/INFO] [Railways/MultiRegistryCallback/]: Registering callback for railways:brown_folding_locometal_door in minecraft:block
[08Jun2026 11:31:08.386] [modloading-worker-0/INFO] [Railways/MultiRegistryCallback/]: Registering callback for create:flywheel in minecraft:block_entity_type
[08Jun2026 11:31:08.386] [modloading-worker-0/INFO] [Railways/MultiRegistryCallback/]: Registering callback for railways:maroon_locometal_flywheel in minecraft:block
[08Jun2026 11:31:08.386] [modloading-worker-0/INFO] [Railways/MultiRegistryCallback/]: Registering callback for create:sliding_door in minecraft:block_entity_type
[08Jun2026 11:31:08.387] [modloading-worker-0/INFO] [Railways/MultiRegistryCallback/]: Registering callback for railways:maroon_sliding_locometal_door in minecraft:block
[08Jun2026 11:31:08.387] [modloading-worker-0/INFO] [Railways/MultiRegistryCallback/]: Registering callback for create:sliding_door in minecraft:block_entity_type
[08Jun2026 11:31:08.387] [modloading-worker-0/INFO] [Railways/MultiRegistryCallback/]: Registering callback for railways:maroon_folding_locometal_door in minecraft:block
[08Jun2026 11:31:08.387] [modloading-worker-0/INFO] [Railways/MultiRegistryCallback/]: Registering callback for create:flywheel in minecraft:block_entity_type
[08Jun2026 11:31:08.387] [modloading-worker-0/INFO] [Railways/MultiRegistryCallback/]: Registering callback for railways:red_locometal_flywheel in minecraft:block
[08Jun2026 11:31:08.387] [modloading-worker-0/INFO] [Railways/MultiRegistryCallback/]: Registering callback for create:sliding_door in minecraft:block_entity_type
[08Jun2026 11:31:08.387] [modloading-worker-0/INFO] [Railways/MultiRegistryCallback/]: Registering callback for railways:red_sliding_locometal_door in minecraft:block
[08Jun2026 11:31:08.387] [modloading-worker-0/INFO] [Railways/MultiRegistryCallback/]: Registering callback for create:sliding_door in minecraft:block_entity_type
[08Jun2026 11:31:08.387] [modloading-worker-0/INFO] [Railways/MultiRegistryCallback/]: Registering callback for railways:red_folding_locometal_door in minecraft:block
[08Jun2026 11:31:08.387] [modloading-worker-0/INFO] [Railways/MultiRegistryCallback/]: Registering callback for create:flywheel in minecraft:block_entity_type
[08Jun2026 11:31:08.387] [modloading-worker-0/INFO] [Railways/MultiRegistryCallback/]: Registering callback for railways:vermilion_locometal_flywheel in minecraft:block
[08Jun2026 11:31:08.387] [modloading-worker-0/INFO] [Railways/MultiRegistryCallback/]: Registering callback for create:sliding_door in minecraft:block_entity_type
[08Jun2026 11:31:08.387] [modloading-worker-0/INFO] [Railways/MultiRegistryCallback/]: Registering callback for railways:vermilion_sliding_locometal_door in minecraft:block
[08Jun2026 11:31:08.387] [modloading-worker-0/INFO] [Railways/MultiRegistryCallback/]: Registering callback for create:sliding_door in minecraft:block_entity_type
[08Jun2026 11:31:08.387] [modloading-worker-0/INFO] [Railways/MultiRegistryCallback/]: Registering callback for railways:vermilion_folding_locometal_door in minecraft:block
[08Jun2026 11:31:08.388] [modloading-worker-0/INFO] [Railways/MultiRegistryCallback/]: Registering callback for create:flywheel in minecraft:block_entity_type
[08Jun2026 11:31:08.388] [modloading-worker-0/INFO] [Railways/MultiRegistryCallback/]: Registering callback for railways:orange_locometal_flywheel in minecraft:block
[08Jun2026 11:31:08.388] [modloading-worker-0/INFO] [Railways/MultiRegistryCallback/]: Registering callback for create:sliding_door in minecraft:block_entity_type
[08Jun2026 11:31:08.388] [modloading-worker-0/INFO] [Railways/MultiRegistryCallback/]: Registering callback for railways:orange_sliding_locometal_door in minecraft:block
[08Jun2026 11:31:08.388] [modloading-worker-0/INFO] [Railways/MultiRegistryCallback/]: Registering callback for create:sliding_door in minecraft:block_entity_type
[08Jun2026 11:31:08.388] [modloading-worker-0/INFO] [Railways/MultiRegistryCallback/]: Registering callback for railways:orange_folding_locometal_door in minecraft:block
[08Jun2026 11:31:08.388] [modloading-worker-0/INFO] [Railways/MultiRegistryCallback/]: Registering callback for create:flywheel in minecraft:block_entity_type
[08Jun2026 11:31:08.388] [modloading-worker-0/INFO] [Railways/MultiRegistryCallback/]: Registering callback for railways:granite_locometal_flywheel in minecraft:block
[08Jun2026 11:31:08.388] [modloading-worker-0/INFO] [Railways/MultiRegistryCallback/]: Registering callback for create:sliding_door in minecraft:block_entity_type
[08Jun2026 11:31:08.388] [modloading-worker-0/INFO] [Railways/MultiRegistryCallback/]: Registering callback for railways:granite_sliding_locometal_door in minecraft:block
[08Jun2026 11:31:08.388] [modloading-worker-0/INFO] [Railways/MultiRegistryCallback/]: Registering callback for create:sliding_door in minecraft:block_entity_type
[08Jun2026 11:31:08.389] [modloading-worker-0/INFO] [Railways/MultiRegistryCallback/]: Registering callback for railways:granite_folding_locometal_door in minecraft:block
[08Jun2026 11:31:08.389] [modloading-worker-0/INFO] [Railways/MultiRegistryCallback/]: Registering callback for create:flywheel in minecraft:block_entity_type
[08Jun2026 11:31:08.389] [modloading-worker-0/INFO] [Railways/MultiRegistryCallback/]: Registering callback for railways:dripstone_locometal_flywheel in minecraft:block
[08Jun2026 11:31:08.389] [modloading-worker-0/INFO] [Railways/MultiRegistryCallback/]: Registering callback for create:sliding_door in minecraft:block_entity_type
[08Jun2026 11:31:08.389] [modloading-worker-0/INFO] [Railways/MultiRegistryCallback/]: Registering callback for railways:dripstone_sliding_locometal_door in minecraft:block
[08Jun2026 11:31:08.389] [modloading-worker-0/INFO] [Railways/MultiRegistryCallback/]: Registering callback for create:sliding_door in minecraft:block_entity_type
[08Jun2026 11:31:08.389] [modloading-worker-0/INFO] [Railways/MultiRegistryCallback/]: Registering callback for railways:dripstone_folding_locometal_door in minecraft:block
[08Jun2026 11:31:08.389] [modloading-worker-0/INFO] [Railways/MultiRegistryCallback/]: Registering callback for create:flywheel in minecraft:block_entity_type
[08Jun2026 11:31:08.389] [modloading-worker-0/INFO] [Railways/MultiRegistryCallback/]: Registering callback for railways:ochrum_locometal_flywheel in minecraft:block
[08Jun2026 11:31:08.389] [modloading-worker-0/INFO] [Railways/MultiRegistryCallback/]: Registering callback for create:sliding_door in minecraft:block_entity_type
[08Jun2026 11:31:08.389] [modloading-worker-0/INFO] [Railways/MultiRegistryCallback/]: Registering callback for railways:ochrum_sliding_locometal_door in minecraft:block
[08Jun2026 11:31:08.389] [modloading-worker-0/INFO] [Railways/MultiRegistryCallback/]: Registering callback for create:sliding_door in minecraft:block_entity_type
[08Jun2026 11:31:08.389] [modloading-worker-0/INFO] [Railways/MultiRegistryCallback/]: Registering callback for railways:ochrum_folding_locometal_door in minecraft:block
[08Jun2026 11:31:08.390] [modloading-worker-0/INFO] [Railways/MultiRegistryCallback/]: Registering callback for create:flywheel in minecraft:block_entity_type
[08Jun2026 11:31:08.390] [modloading-worker-0/INFO] [Railways/MultiRegistryCallback/]: Registering callback for railways:yellow_locometal_flywheel in minecraft:block
[08Jun2026 11:31:08.390] [modloading-worker-0/INFO] [Railways/MultiRegistryCallback/]: Registering callback for create:sliding_door in minecraft:block_entity_type
[08Jun2026 11:31:08.390] [modloading-worker-0/INFO] [Railways/MultiRegistryCallback/]: Registering callback for railways:yellow_sliding_locometal_door in minecraft:block
[08Jun2026 11:31:08.390] [modloading-worker-0/INFO] [Railways/MultiRegistryCallback/]: Registering callback for create:sliding_door in minecraft:block_entity_type
[08Jun2026 11:31:08.390] [modloading-worker-0/INFO] [Railways/MultiRegistryCallback/]: Registering callback for railways:yellow_folding_locometal_door in minecraft:block
[08Jun2026 11:31:08.390] [modloading-worker-0/INFO] [Railways/MultiRegistryCallback/]: Registering callback for create:flywheel in minecraft:block_entity_type
[08Jun2026 11:31:08.390] [modloading-worker-0/INFO] [Railways/MultiRegistryCallback/]: Registering callback for railways:chartreuse_locometal_flywheel in minecraft:block
[08Jun2026 11:31:08.390] [modloading-worker-0/INFO] [Railways/MultiRegistryCallback/]: Registering callback for create:sliding_door in minecraft:block_entity_type
[08Jun2026 11:31:08.390] [modloading-worker-0/INFO] [Railways/MultiRegistryCallback/]: Registering callback for railways:chartreuse_sliding_locometal_door in minecraft:block
[08Jun2026 11:31:08.390] [modloading-worker-0/INFO] [Railways/MultiRegistryCallback/]: Registering callback for create:sliding_door in minecraft:block_entity_type
[08Jun2026 11:31:08.390] [modloading-worker-0/INFO] [Railways/MultiRegistryCallback/]: Registering callback for railways:chartreuse_folding_locometal_door in minecraft:block
[08Jun2026 11:31:08.391] [modloading-worker-0/INFO] [Railways/MultiRegistryCallback/]: Registering callback for create:flywheel in minecraft:block_entity_type
[08Jun2026 11:31:08.391] [modloading-worker-0/INFO] [Railways/MultiRegistryCallback/]: Registering callback for railways:olive_green_locometal_flywheel in minecraft:block
[08Jun2026 11:31:08.391] [modloading-worker-0/INFO] [Railways/MultiRegistryCallback/]: Registering callback for create:sliding_door in minecraft:block_entity_type
[08Jun2026 11:31:08.391] [modloading-worker-0/INFO] [Railways/MultiRegistryCallback/]: Registering callback for railways:olive_green_sliding_locometal_door in minecraft:block
[08Jun2026 11:31:08.391] [modloading-worker-0/INFO] [Railways/MultiRegistryCallback/]: Registering callback for create:sliding_door in minecraft:block_entity_type
[08Jun2026 11:31:08.391] [modloading-worker-0/INFO] [Railways/MultiRegistryCallback/]: Registering callback for railways:olive_green_folding_locometal_door in minecraft:block
[08Jun2026 11:31:08.391] [modloading-worker-0/INFO] [Railways/MultiRegistryCallback/]: Registering callback for create:flywheel in minecraft:block_entity_type
[08Jun2026 11:31:08.391] [modloading-worker-0/INFO] [com.teampotato.redirector.Redirector/]: Redirecting net/minecraft/client/gui/narration/NarratedElementType
[08Jun2026 11:31:08.391] [modloading-worker-0/INFO] [Railways/MultiRegistryCallback/]: Registering callback for railways:lime_locometal_flywheel in minecraft:block
[08Jun2026 11:31:08.391] [modloading-worker-0/INFO] [Railways/MultiRegistryCallback/]: Registering callback for create:sliding_door in minecraft:block_entity_type
[08Jun2026 11:31:08.391] [modloading-worker-0/INFO] [Railways/MultiRegistryCallback/]: Registering callback for railways:lime_sliding_locometal_door in minecraft:block
[08Jun2026 11:31:08.391] [modloading-worker-0/INFO] [Railways/MultiRegistryCallback/]: Registering callback for create:sliding_door in minecraft:block_entity_type
[08Jun2026 11:31:08.391] [modloading-worker-0/INFO] [Railways/MultiRegistryCallback/]: Registering callback for railways:lime_folding_locometal_door in minecraft:block
[08Jun2026 11:31:08.391] [modloading-worker-0/INFO] [Railways/MultiRegistryCallback/]: Registering callback for create:flywheel in minecraft:block_entity_type
[08Jun2026 11:31:08.391] [modloading-worker-0/INFO] [Railways/MultiRegistryCallback/]: Registering callback for railways:green_locometal_flywheel in minecraft:block
[08Jun2026 11:31:08.391] [modloading-worker-0/INFO] [Railways/MultiRegistryCallback/]: Registering callback for create:sliding_door in minecraft:block_entity_type
[08Jun2026 11:31:08.391] [modloading-worker-0/INFO] [Railways/MultiRegistryCallback/]: Registering callback for railways:green_sliding_locometal_door in minecraft:block
[08Jun2026 11:31:08.393] [modloading-worker-0/INFO] [Railways/MultiRegistryCallback/]: Registering callback for create:sliding_door in minecraft:block_entity_type
[08Jun2026 11:31:08.393] [modloading-worker-0/INFO] [Railways/MultiRegistryCallback/]: Registering callback for railways:green_folding_locometal_door in minecraft:block
[08Jun2026 11:31:08.393] [modloading-worker-0/INFO] [Railways/MultiRegistryCallback/]: Registering callback for create:flywheel in minecraft:block_entity_type
[08Jun2026 11:31:08.393] [modloading-worker-0/INFO] [Railways/MultiRegistryCallback/]: Registering callback for railways:pine_green_locometal_flywheel in minecraft:block
[08Jun2026 11:31:08.393] [modloading-worker-0/INFO] [Railways/MultiRegistryCallback/]: Registering callback for create:sliding_door in minecraft:block_entity_type
[08Jun2026 11:31:08.393] [modloading-worker-0/INFO] [Railways/MultiRegistryCallback/]: Registering callback for railways:pine_green_sliding_locometal_door in minecraft:block
[08Jun2026 11:31:08.393] [modloading-worker-0/INFO] [Railways/MultiRegistryCallback/]: Registering callback for create:sliding_door in minecraft:block_entity_type
[08Jun2026 11:31:08.393] [modloading-worker-0/INFO] [Railways/MultiRegistryCallback/]: Registering callback for railways:pine_green_folding_locometal_door in minecraft:block
[08Jun2026 11:31:08.393] [modloading-worker-0/INFO] [Railways/MultiRegistryCallback/]: Registering callback for create:flywheel in minecraft:block_entity_type
[08Jun2026 11:31:08.393] [modloading-worker-0/INFO] [Railways/MultiRegistryCallback/]: Registering callback for railways:cyan_locometal_flywheel in minecraft:block
[08Jun2026 11:31:08.393] [modloading-worker-0/INFO] [Railways/MultiRegistryCallback/]: Registering callback for create:sliding_door in minecraft:block_entity_type
[08Jun2026 11:31:08.393] [modloading-worker-0/INFO] [Railways/MultiRegistryCallback/]: Registering callback for railways:cyan_sliding_locometal_door in minecraft:block
[08Jun2026 11:31:08.394] [modloading-worker-0/INFO] [Railways/MultiRegistryCallback/]: Registering callback for create:sliding_door in minecraft:block_entity_type
[08Jun2026 11:31:08.394] [modloading-worker-0/INFO] [Railways/MultiRegistryCallback/]: Registering callback for railways:cyan_folding_locometal_door in minecraft:block
[08Jun2026 11:31:08.394] [modloading-worker-0/INFO] [Railways/MultiRegistryCallback/]: Registering callback for create:flywheel in minecraft:block_entity_type
[08Jun2026 11:31:08.394] [modloading-worker-0/INFO] [Railways/MultiRegistryCallback/]: Registering callback for railways:sea_green_locometal_flywheel in minecraft:block
[08Jun2026 11:31:08.394] [modloading-worker-0/INFO] [Railways/MultiRegistryCallback/]: Registering callback for create:sliding_door in minecraft:block_entity_type
[08Jun2026 11:31:08.394] [modloading-worker-0/INFO] [Railways/MultiRegistryCallback/]: Registering callback for railways:sea_green_sliding_locometal_door in minecraft:block
[08Jun2026 11:31:08.394] [modloading-worker-0/INFO] [Railways/MultiRegistryCallback/]: Registering callback for create:sliding_door in minecraft:block_entity_type
[08Jun2026 11:31:08.394] [modloading-worker-0/INFO] [Railways/MultiRegistryCallback/]: Registering callback for railways:sea_green_folding_locometal_door in minecraft:block
[08Jun2026 11:31:08.394] [modloading-worker-0/INFO] [Railways/MultiRegistryCallback/]: Registering callback for create:flywheel in minecraft:block_entity_type
[08Jun2026 11:31:08.394] [modloading-worker-0/INFO] [Railways/MultiRegistryCallback/]: Registering callback for railways:turquoise_locometal_flywheel in minecraft:block
[08Jun2026 11:31:08.394] [modloading-worker-0/INFO] [Railways/MultiRegistryCallback/]: Registering callback for create:sliding_door in minecraft:block_entity_type
[08Jun2026 11:31:08.394] [modloading-worker-0/INFO] [Railways/MultiRegistryCallback/]: Registering callback for railways:turquoise_sliding_locometal_door in minecraft:block
[08Jun2026 11:31:08.394] [modloading-worker-0/INFO] [Railways/MultiRegistryCallback/]: Registering callback for create:sliding_door in minecraft:block_entity_type
[08Jun2026 11:31:08.394] [modloading-worker-0/INFO] [Railways/MultiRegistryCallback/]: Registering callback for railways:turquoise_folding_locometal_door in minecraft:block
[08Jun2026 11:31:08.394] [modloading-worker-0/INFO] [Railways/MultiRegistryCallback/]: Registering callback for create:flywheel in minecraft:block_entity_type
[08Jun2026 11:31:08.394] [modloading-worker-0/INFO] [Railways/MultiRegistryCallback/]: Registering callback for railways:light_blue_locometal_flywheel in minecraft:block
[08Jun2026 11:31:08.394] [modloading-worker-0/INFO] [Railways/MultiRegistryCallback/]: Registering callback for create:sliding_door in minecraft:block_entity_type
[08Jun2026 11:31:08.394] [modloading-worker-0/INFO] [Railways/MultiRegistryCallback/]: Registering callback for railways:light_blue_sliding_locometal_door in minecraft:block
[08Jun2026 11:31:08.394] [modloading-worker-0/INFO] [Railways/MultiRegistryCallback/]: Registering callback for create:sliding_door in minecraft:block_entity_type
[08Jun2026 11:31:08.395] [modloading-worker-0/INFO] [Railways/MultiRegistryCallback/]: Registering callback for railways:light_blue_folding_locometal_door in minecraft:block
[08Jun2026 11:31:08.395] [modloading-worker-0/INFO] [Railways/MultiRegistryCallback/]: Registering callback for create:flywheel in minecraft:block_entity_type
[08Jun2026 11:31:08.395] [modloading-worker-0/INFO] [Railways/MultiRegistryCallback/]: Registering callback for railways:blue_locometal_flywheel in minecraft:block
[08Jun2026 11:31:08.395] [modloading-worker-0/INFO] [Railways/MultiRegistryCallback/]: Registering callback for create:sliding_door in minecraft:block_entity_type
[08Jun2026 11:31:08.395] [modloading-worker-0/INFO] [Railways/MultiRegistryCallback/]: Registering callback for railways:blue_sliding_locometal_door in minecraft:block
[08Jun2026 11:31:08.395] [modloading-worker-0/INFO] [Railways/MultiRegistryCallback/]: Registering callback for create:sliding_door in minecraft:block_entity_type
[08Jun2026 11:31:08.395] [modloading-worker-0/INFO] [Railways/MultiRegistryCallback/]: Registering callback for railways:blue_folding_locometal_door in minecraft:block
[08Jun2026 11:31:08.395] [modloading-worker-0/INFO] [Railways/MultiRegistryCallback/]: Registering callback for create:flywheel in minecraft:block_entity_type
[08Jun2026 11:31:08.395] [modloading-worker-0/INFO] [Railways/MultiRegistryCallback/]: Registering callback for railways:royal_blue_locometal_flywheel in minecraft:block
[08Jun2026 11:31:08.395] [modloading-worker-0/INFO] [Railways/MultiRegistryCallback/]: Registering callback for create:sliding_door in minecraft:block_entity_type
[08Jun2026 11:31:08.395] [modloading-worker-0/INFO] [Railways/MultiRegistryCallback/]: Registering callback for railways:royal_blue_sliding_locometal_door in minecraft:block
[08Jun2026 11:31:08.395] [modloading-worker-0/INFO] [Railways/MultiRegistryCallback/]: Registering callback for create:sliding_door in minecraft:block_entity_type
[08Jun2026 11:31:08.396] [modloading-worker-0/INFO] [Railways/MultiRegistryCallback/]: Registering callback for railways:royal_blue_folding_locometal_door in minecraft:block
[08Jun2026 11:31:08.396] [modloading-worker-0/INFO] [Railways/MultiRegistryCallback/]: Registering callback for create:flywheel in minecraft:block_entity_type
[08Jun2026 11:31:08.396] [modloading-worker-0/INFO] [Railways/MultiRegistryCallback/]: Registering callback for railways:purple_locometal_flywheel in minecraft:block
[08Jun2026 11:31:08.396] [modloading-worker-0/INFO] [Railways/MultiRegistryCallback/]: Registering callback for create:sliding_door in minecraft:block_entity_type
[08Jun2026 11:31:08.396] [modloading-worker-0/INFO] [Railways/MultiRegistryCallback/]: Registering callback for railways:purple_sliding_locometal_door in minecraft:block
[08Jun2026 11:31:08.396] [modloading-worker-0/INFO] [Railways/MultiRegistryCallback/]: Registering callback for create:sliding_door in minecraft:block_entity_type
[08Jun2026 11:31:08.396] [modloading-worker-0/INFO] [Railways/MultiRegistryCallback/]: Registering callback for railways:purple_folding_locometal_door in minecraft:block
[08Jun2026 11:31:08.396] [modloading-worker-0/INFO] [Railways/MultiRegistryCallback/]: Registering callback for create:flywheel in minecraft:block_entity_type
[08Jun2026 11:31:08.396] [modloading-worker-0/INFO] [Railways/MultiRegistryCallback/]: Registering callback for railways:magenta_locometal_flywheel in minecraft:block
[08Jun2026 11:31:08.396] [modloading-worker-0/INFO] [Railways/MultiRegistryCallback/]: Registering callback for create:sliding_door in minecraft:block_entity_type
[08Jun2026 11:31:08.396] [modloading-worker-0/INFO] [Railways/MultiRegistryCallback/]: Registering callback for railways:magenta_sliding_locometal_door in minecraft:block
[08Jun2026 11:31:08.397] [modloading-worker-0/INFO] [Railways/MultiRegistryCallback/]: Registering callback for create:sliding_door in minecraft:block_entity_type
[08Jun2026 11:31:08.397] [modloading-worker-0/INFO] [Railways/MultiRegistryCallback/]: Registering callback for railways:magenta_folding_locometal_door in minecraft:block
[08Jun2026 11:31:08.397] [modloading-worker-0/INFO] [Railways/MultiRegistryCallback/]: Registering callback for create:flywheel in minecraft:block_entity_type
[08Jun2026 11:31:08.397] [modloading-worker-0/INFO] [Railways/MultiRegistryCallback/]: Registering callback for railways:pink_locometal_flywheel in minecraft:block
[08Jun2026 11:31:08.397] [modloading-worker-0/INFO] [Railways/MultiRegistryCallback/]: Registering callback for create:sliding_door in minecraft:block_entity_type
[08Jun2026 11:31:08.397] [modloading-worker-0/INFO] [Railways/MultiRegistryCallback/]: Registering callback for railways:pink_sliding_locometal_door in minecraft:block
[08Jun2026 11:31:08.397] [modloading-worker-0/INFO] [Railways/MultiRegistryCallback/]: Registering callback for create:sliding_door in minecraft:block_entity_type
[08Jun2026 11:31:08.397] [modloading-worker-0/INFO] [Railways/MultiRegistryCallback/]: Registering callback for railways:pink_folding_locometal_door in minecraft:block
[08Jun2026 11:31:08.397] [modloading-worker-0/INFO] [Railways/MultiRegistryCallback/]: Registering callback for create:flywheel in minecraft:block_entity_type
[08Jun2026 11:31:08.397] [modloading-worker-0/INFO] [Railways/MultiRegistryCallback/]: Registering callback for railways:white_locometal_flywheel in minecraft:block
[08Jun2026 11:31:08.397] [modloading-worker-0/INFO] [Railways/MultiRegistryCallback/]: Registering callback for create:sliding_door in minecraft:block_entity_type
[08Jun2026 11:31:08.398] [modloading-worker-0/INFO] [Railways/MultiRegistryCallback/]: Registering callback for railways:white_sliding_locometal_door in minecraft:block
[08Jun2026 11:31:08.398] [modloading-worker-0/INFO] [Railways/MultiRegistryCallback/]: Registering callback for create:sliding_door in minecraft:block_entity_type
[08Jun2026 11:31:08.398] [modloading-worker-0/INFO] [Railways/MultiRegistryCallback/]: Registering callback for railways:white_folding_locometal_door in minecraft:block
[08Jun2026 11:31:08.398] [modloading-worker-0/INFO] [Railways/MultiRegistryCallback/]: Registering callback for create:flywheel in minecraft:block_entity_type
[08Jun2026 11:31:08.398] [modloading-worker-0/INFO] [Railways/MultiRegistryCallback/]: Registering callback for railways:diorite_locometal_flywheel in minecraft:block
[08Jun2026 11:31:08.398] [modloading-worker-0/INFO] [Railways/MultiRegistryCallback/]: Registering callback for create:sliding_door in minecraft:block_entity_type
[08Jun2026 11:31:08.398] [modloading-worker-0/INFO] [Railways/MultiRegistryCallback/]: Registering callback for railways:diorite_sliding_locometal_door in minecraft:block
[08Jun2026 11:31:08.398] [modloading-worker-0/INFO] [Railways/MultiRegistryCallback/]: Registering callback for create:sliding_door in minecraft:block_entity_type
[08Jun2026 11:31:08.398] [modloading-worker-0/INFO] [Railways/MultiRegistryCallback/]: Registering callback for railways:diorite_folding_locometal_door in minecraft:block
[08Jun2026 11:31:08.398] [modloading-worker-0/INFO] [Railways/MultiRegistryCallback/]: Registering callback for create:flywheel in minecraft:block_entity_type
[08Jun2026 11:31:08.399] [modloading-worker-0/INFO] [Railways/MultiRegistryCallback/]: Registering callback for railways:limestone_locometal_flywheel in minecraft:block
[08Jun2026 11:31:08.399] [modloading-worker-0/INFO] [Railways/MultiRegistryCallback/]: Registering callback for create:sliding_door in minecraft:block_entity_type
[08Jun2026 11:31:08.399] [modloading-worker-0/INFO] [Railways/MultiRegistryCallback/]: Registering callback for railways:limestone_sliding_locometal_door in minecraft:block
[08Jun2026 11:31:08.399] [modloading-worker-0/INFO] [Railways/MultiRegistryCallback/]: Registering callback for create:sliding_door in minecraft:block_entity_type
[08Jun2026 11:31:08.399] [modloading-worker-0/INFO] [Railways/MultiRegistryCallback/]: Registering callback for railways:limestone_folding_locometal_door in minecraft:block
[08Jun2026 11:31:08.399] [modloading-worker-0/INFO] [Railways/MultiRegistryCallback/]: Registering callback for create:flywheel in minecraft:block_entity_type
[08Jun2026 11:31:08.399] [modloading-worker-0/INFO] [Railways/MultiRegistryCallback/]: Registering callback for railways:light_gray_locometal_flywheel in minecraft:block
[08Jun2026 11:31:08.399] [modloading-worker-0/INFO] [Railways/MultiRegistryCallback/]: Registering callback for create:sliding_door in minecraft:block_entity_type
[08Jun2026 11:31:08.399] [modloading-worker-0/INFO] [Railways/MultiRegistryCallback/]: Registering callback for railways:light_gray_sliding_locometal_door in minecraft:block
[08Jun2026 11:31:08.399] [modloading-worker-0/INFO] [Railways/MultiRegistryCallback/]: Registering callback for create:sliding_door in minecraft:block_entity_type
[08Jun2026 11:31:08.399] [modloading-worker-0/INFO] [Railways/MultiRegistryCallback/]: Registering callback for railways:light_gray_folding_locometal_door in minecraft:block
[08Jun2026 11:31:08.400] [modloading-worker-0/INFO] [Railways/MultiRegistryCallback/]: Registering callback for create:flywheel in minecraft:block_entity_type
[08Jun2026 11:31:08.400] [modloading-worker-0/INFO] [Railways/MultiRegistryCallback/]: Registering callback for railways:tuff_locometal_flywheel in minecraft:block
[08Jun2026 11:31:08.400] [modloading-worker-0/INFO] [Railways/MultiRegistryCallback/]: Registering callback for create:sliding_door in minecraft:block_entity_type
[08Jun2026 11:31:08.400] [modloading-worker-0/INFO] [Railways/MultiRegistryCallback/]: Registering callback for railways:tuff_sliding_locometal_door in minecraft:block
[08Jun2026 11:31:08.400] [modloading-worker-0/INFO] [Railways/MultiRegistryCallback/]: Registering callback for create:sliding_door in minecraft:block_entity_type
[08Jun2026 11:31:08.400] [modloading-worker-0/INFO] [Railways/MultiRegistryCallback/]: Registering callback for railways:tuff_folding_locometal_door in minecraft:block
[08Jun2026 11:31:08.400] [modloading-worker-0/INFO] [Railways/MultiRegistryCallback/]: Registering callback for create:flywheel in minecraft:block_entity_type
[08Jun2026 11:31:08.400] [modloading-worker-0/INFO] [Railways/MultiRegistryCallback/]: Registering callback for railways:gray_locometal_flywheel in minecraft:block
[08Jun2026 11:31:08.400] [modloading-worker-0/INFO] [Railways/MultiRegistryCallback/]: Registering callback for create:sliding_door in minecraft:block_entity_type
[08Jun2026 11:31:08.400] [modloading-worker-0/INFO] [Railways/MultiRegistryCallback/]: Registering callback for railways:gray_sliding_locometal_door in minecraft:block
[08Jun2026 11:31:08.400] [modloading-worker-0/INFO] [Railways/MultiRegistryCallback/]: Registering callback for create:sliding_door in minecraft:block_entity_type
[08Jun2026 11:31:08.400] [modloading-worker-0/INFO] [Railways/MultiRegistryCallback/]: Registering callback for railways:gray_folding_locometal_door in minecraft:block
[08Jun2026 11:31:08.401] [modloading-worker-0/INFO] [Railways/MultiRegistryCallback/]: Registering callback for create:flywheel in minecraft:block_entity_type
[08Jun2026 11:31:08.401] [modloading-worker-0/INFO] [Railways/MultiRegistryCallback/]: Registering callback for railways:scorchia_locometal_flywheel in minecraft:block
[08Jun2026 11:31:08.401] [modloading-worker-0/INFO] [Railways/MultiRegistryCallback/]: Registering callback for create:sliding_door in minecraft:block_entity_type
[08Jun2026 11:31:08.401] [modloading-worker-0/INFO] [Railways/MultiRegistryCallback/]: Registering callback for railways:scorchia_sliding_locometal_door in minecraft:block
[08Jun2026 11:31:08.401] [modloading-worker-0/INFO] [Railways/MultiRegistryCallback/]: Registering callback for create:sliding_door in minecraft:block_entity_type
[08Jun2026 11:31:08.401] [modloading-worker-0/INFO] [Railways/MultiRegistryCallback/]: Registering callback for railways:scorchia_folding_locometal_door in minecraft:block
[08Jun2026 11:31:08.401] [modloading-worker-0/INFO] [Railways/MultiRegistryCallback/]: Registering callback for create:flywheel in minecraft:block_entity_type
[08Jun2026 11:31:08.401] [modloading-worker-0/INFO] [Railways/MultiRegistryCallback/]: Registering callback for railways:black_locometal_flywheel in minecraft:block
[08Jun2026 11:31:08.401] [modloading-worker-0/INFO] [Railways/MultiRegistryCallback/]: Registering callback for create:sliding_door in minecraft:block_entity_type
[08Jun2026 11:31:08.401] [modloading-worker-0/INFO] [Railways/MultiRegistryCallback/]: Registering callback for railways:black_sliding_locometal_door in minecraft:block
[08Jun2026 11:31:08.401] [modloading-worker-0/INFO] [Railways/MultiRegistryCallback/]: Registering callback for create:sliding_door in minecraft:block_entity_type
[08Jun2026 11:31:08.401] [modloading-worker-0/INFO] [Railways/MultiRegistryCallback/]: Registering callback for railways:black_folding_locometal_door in minecraft:block
[08Jun2026 11:31:08.421] [modloading-worker-0/INFO] [Railways/]: Registering tracks for Hex Casting
[08Jun2026 11:31:08.422] [modloading-worker-0/INFO] [Railways/]: Registering tracks for Oh The Biomes You'll Go
[08Jun2026 11:31:08.424] [modloading-worker-0/INFO] [Railways/]: Registering tracks for Blue Skies
[08Jun2026 11:31:08.424] [modloading-worker-0/INFO] [Railways/]: Registering tracks for Twilight Forest
[08Jun2026 11:31:08.425] [modloading-worker-0/INFO] [Railways/]: Registering tracks for Biomes O' Plenty
[08Jun2026 11:31:08.493] [modloading-worker-0/INFO] [com.teampotato.redirector.Redirector/]: Redirecting dev/engine_room/flywheel/api/layout/FloatRepr
[08Jun2026 11:31:08.497] [modloading-worker-0/INFO] [com.teampotato.redirector.Redirector/]: Redirecting dev/engine_room/flywheel/api/layout/IntegerRepr
[08Jun2026 11:31:08.519] [modloading-worker-0/INFO] [Railways/]: Registering tracks for Nature's Spirit
[08Jun2026 11:31:08.520] [modloading-worker-0/INFO] [Railways/]: Registering tracks for Dreams and Desires
[08Jun2026 11:31:08.521] [modloading-worker-0/INFO] [Railways/]: Registering tracks for Quark
[08Jun2026 11:31:08.522] [modloading-worker-0/INFO] [Railways/]: Registering tracks for TerraFirmaCraft
[08Jun2026 11:31:08.522] [modloading-worker-0/INFO] [mod.chiselsandbits.registrars.ModChiselModes/]: Loaded chisel mode configuration.
[08Jun2026 11:31:08.524] [modloading-worker-0/INFO] [mod.chiselsandbits.registrars.ModContainerTypes/]: Loaded container type configuration.
[08Jun2026 11:31:08.528] [modloading-worker-0/INFO] [mod.chiselsandbits.registrars.ModCreativeTabs/]: Loaded item group configuration.
[08Jun2026 11:31:08.552] [modloading-worker-0/INFO] [com.teampotato.redirector.Redirector/]: Redirecting com/railwayteam/railways/content/smokestack/SmokeType
[08Jun2026 11:31:08.552] [modloading-worker-0/INFO] [com.teampotato.redirector.Redirector/]: Redirecting com/railwayteam/railways/content/smokestack/particles/legacy/SmokeParticle$SmokeQuality
[08Jun2026 11:31:08.559] [modloading-worker-0/INFO] [com.teampotato.redirector.Redirector/]: Redirecting net/createmod/catnip/config/ui/ConfigAnnotations$RequiresRelog
[08Jun2026 11:31:08.565] [modloading-worker-0/INFO] [com.teampotato.redirector.Redirector/]: Redirecting com/railwayteam/railways/registry/CRParticleTypes
[08Jun2026 11:31:08.566] [modloading-worker-0/INFO] [mod.chiselsandbits.registrars.ModItems/]: Loaded item configuration.
[08Jun2026 11:31:08.572] [modloading-worker-0/INFO] [mod.chiselsandbits.registrars.ModMetadataKeys/]: Loaded metadata key configuration.
[08Jun2026 11:31:08.575] [modloading-worker-0/INFO] [mod.chiselsandbits.registrars.ModModelProperties/]: Loaded model property configuration.
[08Jun2026 11:31:08.579] [modloading-worker-0/INFO] [com.teampotato.redirector.Redirector/]: Redirecting net/minecraft/client/renderer/FogRenderer$FogMode
[08Jun2026 11:31:08.580] [modloading-worker-0/INFO] [mod.chiselsandbits.registrars.ModModificationOperation/]: Loaded modification operation configuration.
[08Jun2026 11:31:08.580] [modloading-worker-0/INFO] [com.teampotato.redirector.Redirector/]: Redirecting net/minecraft/world/level/material/FogType
[08Jun2026 11:31:08.581] [modloading-worker-0/INFO] [mod.chiselsandbits.registrars.ModModificationOperationGroups/]: Loaded modification operation group configuration.
[08Jun2026 11:31:08.608] [modloading-worker-0/INFO] [mod.chiselsandbits.registrars.ModPatternPlacementTypes/]: Loaded pattern placement type configuration.
[08Jun2026 11:31:08.611] [modloading-worker-0/INFO] [mod.chiselsandbits.registrars.ModRecipeSerializers/]: Loaded recipe serializer configuration.
[08Jun2026 11:31:08.613] [modloading-worker-0/INFO] [mod.chiselsandbits.registrars.ModTags/]: Loaded tag configuration.
[08Jun2026 11:31:08.615] [modloading-worker-0/INFO] [mod.chiselsandbits.registrars.ModRecipeTypes/]: Registering recipe types.
[08Jun2026 11:31:08.616] [modloading-worker-0/INFO] [mod.chiselsandbits.registrars.ModEventHandler/]: Registering event handlers
[08Jun2026 11:31:08.623] [modloading-worker-0/INFO] [com.teampotato.redirector.Redirector/]: Redirecting com/railwayteam/railways/registry/CRKeys
[08Jun2026 11:31:08.631] [modloading-worker-0/INFO] [com.teampotato.redirector.Redirector/]: Redirecting com/railwayteam/railways/util/DevCapeUtils
[08Jun2026 11:31:08.637] [modloading-worker-0/INFO] [com.teampotato.redirector.Redirector/]: Redirecting com/simibubi/create/content/processing/recipe/HeatCondition
[08Jun2026 11:31:08.664] [modloading-worker-0/ERROR] [mod.chiselsandbits.api.util.ClassUtils/]: Failed to load: mod.chiselsandbits.forge.compat.create.CreateCandBPlugin
java.lang.NoClassDefFoundError: com/simibubi/create/content/contraptions/behaviour/MovementBehaviour
	at java.lang.Class.forName0(Native Method) ~[?:?]
	at java.lang.Class.forName(Class.java:375) ~[?:?]
	at mod.chiselsandbits.api.util.ClassUtils.createOrGetInstance(ClassUtils.java:45) ~[chisels-and-bits-forge-1.4.148.jar%23312!/:1.4.148]
	at mod.chiselsandbits.forge.platform.ForgePluginDiscoverer.createPluginFrom(ForgePluginDiscoverer.java:95) ~[chisels-and-bits-forge-1.4.148.jar%23312!/:1.4.148]
	at mod.chiselsandbits.forge.platform.ForgePluginDiscoverer.loadPlugins(ForgePluginDiscoverer.java:58) ~[chisels-and-bits-forge-1.4.148.jar%23312!/:1.4.148]
	at mod.chiselsandbits.plugin.PluginManger.detect(PluginManger.java:35) ~[chisels-and-bits-forge-1.4.148.jar%23312!/:1.4.148]
	at mod.chiselsandbits.ChiselsAndBits.<init>(ChiselsAndBits.java:62) ~[chisels-and-bits-forge-1.4.148.jar%23312!/:1.4.148]
	at mod.chiselsandbits.forge.Forge.lambda$new$1(Forge.java:42) ~[chisels-and-bits-forge-1.4.148.jar%23312!/:1.4.148]
	at com.communi.suggestu.scena.core.init.PlatformInitializationHandler.onInit(PlatformInitializationHandler.java:29) ~[scena-forge-1.0.103.jar%23498!/:1.0.103]
	at mod.chiselsandbits.forge.Forge.<init>(Forge.java:37) ~[chisels-and-bits-forge-1.4.148.jar%23312!/:1.4.148]
	at jdk.internal.reflect.NativeConstructorAccessorImpl.newInstance0(Native Method) ~[?:?]
	at jdk.internal.reflect.NativeConstructorAccessorImpl.newInstance(NativeConstructorAccessorImpl.java:77) ~[?:?]
	at jdk.internal.reflect.DelegatingConstructorAccessorImpl.newInstance(DelegatingConstructorAccessorImpl.java:45) ~[?:?]
	at java.lang.reflect.Constructor.newInstanceWithCaller(Constructor.java:500) ~[?:?]
	at java.lang.reflect.Constructor.newInstance(Constructor.java:481) ~[?:?]
	at net.minecraftforge.fml.javafmlmod.FMLModContainer.constructMod(FMLModContainer.java:77) ~[javafmllanguage-1.20.1-47.4.0.jar%23428!/:?]
	at net.minecraftforge.fml.ModContainer.lambda$buildTransitionHandler$5(ModContainer.java:126) ~[fmlcore-1.20.1-47.4.0.jar%23427!/:?]
	at java.util.concurrent.CompletableFuture$AsyncRun.run(CompletableFuture.java:1804) ~[?:?]
	at java.util.concurrent.CompletableFuture$AsyncRun.exec(CompletableFuture.java:1796) ~[?:?]
	at java.util.concurrent.ForkJoinTask.doExec(ForkJoinTask.java:373) ~[?:?]
	at java.util.concurrent.ForkJoinPool$WorkQueue.topLevelExec(ForkJoinPool.java:1182) ~[?:?]
	at java.util.concurrent.ForkJoinPool.scan(ForkJoinPool.java:1655) ~[?:?]
	at java.util.concurrent.ForkJoinPool.runWorker(ForkJoinPool.java:1622) ~[?:?]
	at java.util.concurrent.ForkJoinWorkerThread.run(ForkJoinWorkerThread.java:165) ~[?:?]
Caused by: java.lang.ClassNotFoundException: com.simibubi.create.content.contraptions.behaviour.MovementBehaviour
	at cpw.mods.cl.ModuleClassLoader.loadClass(ModuleClassLoader.java:141) ~[securejarhandler-2.1.10.jar:?]
	at java.lang.ClassLoader.loadClass(ClassLoader.java:525) ~[?:?]
	... 24 more
[08Jun2026 11:31:08.672] [modloading-worker-0/INFO] [mod.chiselsandbits.forge.Forge/]: Initialized Chisels&Bits-Forge client
[08Jun2026 11:31:08.674] [modloading-worker-0/INFO] [com.teampotato.redirector.Redirector/]: Redirecting net/minecraft/network/protocol/PacketFlow
[08Jun2026 11:31:08.677] [modloading-worker-0/INFO] [com.teampotato.redirector.Redirector/]: Redirecting net/minecraft/world/entity/Entity$RemovalReason
[08Jun2026 11:31:08.690] [modloading-worker-0/INFO] [com.teampotato.redirector.Redirector/]: Redirecting net/minecraft/commands/arguments/EntityAnchorArgument$Anchor
[08Jun2026 11:31:08.702] [modloading-worker-0/INFO] [com.teampotato.redirector.Redirector/]: Redirecting mod/chiselsandbits/keys/contexts/SpecificScreenOpenKeyConflictContext
[08Jun2026 11:31:08.705] [modloading-worker-0/INFO] [com.teampotato.redirector.Redirector/]: Redirecting mod/chiselsandbits/keys/contexts/HoldsSpecificItemInHandKeyConflictContext
[08Jun2026 11:31:08.707] [modloading-worker-0/INFO] [com.teampotato.redirector.Redirector/]: Redirecting mod/chiselsandbits/keys/contexts/IsPressingDebugKeyConflictContext
[08Jun2026 11:31:08.715] [modloading-worker-0/INFO] [com.teampotato.redirector.Redirector/]: Redirecting net/minecraft/world/entity/MoverType
[08Jun2026 11:31:08.724] [modloading-worker-0/INFO] [com.teampotato.redirector.Redirector/]: Redirecting net/minecraft/data/BlockFamily$Variant
[08Jun2026 11:31:08.740] [modloading-worker-0/INFO] [com.teampotato.redirector.Redirector/]: Redirecting com/simibubi/create/content/kinetics/base/IRotate$SpeedLevel
[08Jun2026 11:31:08.822] [modloading-worker-0/INFO] [com.teampotato.redirector.Redirector/]: Redirecting com/simibubi/create/AllKeys
[08Jun2026 11:31:08.971] [Render thread/INFO] [com.teampotato.redirector.Redirector/]: Redirecting com/illusivesoulworks/spectrelib/config/SpectreConfig$Type
[08Jun2026 11:31:08.996] [Render thread/INFO] [com.teampotato.redirector.Redirector/]: Redirecting com/simibubi/create/content/equipment/potatoCannon/AllPotatoProjectileRenderModes$Billboard
[08Jun2026 11:31:09.010] [Render thread/INFO] [com.teampotato.redirector.Redirector/]: Redirecting net/minecraft/network/chat/ChatTypeDecoration$Parameter
[08Jun2026 11:31:09.031] [Render thread/INFO] [com.teampotato.redirector.Redirector/]: Redirecting net/minecraft/world/damagesource/DamageScaling
[08Jun2026 11:31:09.033] [Render thread/INFO] [com.teampotato.redirector.Redirector/]: Redirecting net/minecraft/world/damagesource/DamageEffects
[08Jun2026 11:31:09.035] [Render thread/INFO] [com.teampotato.redirector.Redirector/]: Redirecting net/minecraft/world/damagesource/DeathMessageType
[08Jun2026 11:31:09.845] [Render thread/INFO] [snownee.kiwi.Kiwi/INIT]: Module [xkdeco:entity_types] initialized
[08Jun2026 11:31:09.846] [Render thread/INFO] [snownee.kiwi.Kiwi/INIT]: 		block_entity_type: 5
[08Jun2026 11:31:09.848] [Render thread/INFO] [snownee.kiwi.Kiwi/INIT]: Module [kiwi:block_templates] initialized
[08Jun2026 11:31:09.849] [Render thread/INFO] [snownee.kiwi.Kiwi/INIT]: 		kiwi:block_template: 2
[08Jun2026 11:31:09.850] [Render thread/INFO] [snownee.kiwi.Kiwi/INIT]: Module [kiwi:block_components] initialized
[08Jun2026 11:31:09.850] [Render thread/INFO] [snownee.kiwi.Kiwi/INIT]: 		kiwi:block_component: 10
[08Jun2026 11:31:09.850] [Render thread/INFO] [snownee.kiwi.Kiwi/INIT]: Module [kiwi:data] initialized
[08Jun2026 11:31:09.850] [Render thread/INFO] [snownee.kiwi.Kiwi/INIT]: 		recipe_serializer: 3
[08Jun2026 11:31:09.851] [Render thread/INFO] [snownee.kiwi.Kiwi/INIT]: Module [kiwi:item_templates] initialized
[08Jun2026 11:31:09.851] [Render thread/INFO] [snownee.kiwi.Kiwi/INIT]: 		kiwi:item_template: 3
[08Jun2026 11:31:09.856] [Render thread/INFO] [com.teampotato.redirector.Redirector/]: Redirecting snownee/kiwi/recipe/ModuleLoadedCondition$Serializer
[08Jun2026 11:31:09.857] [Render thread/INFO] [com.teampotato.redirector.Redirector/]: Redirecting snownee/kiwi/recipe/TryParseCondition$Serializer
[08Jun2026 11:31:09.859] [Render thread/INFO] [com.teampotato.redirector.Redirector/]: Redirecting snownee/kiwi/recipe/EvalCondition$Serializer
[08Jun2026 11:31:10.081] [Render thread/INFO] [uk.co.hexeption.aeinfinitybooster.AEInfinityBooster/]: Creating Creative Mode Tab
[08Jun2026 11:31:10.127] [Render thread/INFO] [com.teampotato.redirector.Redirector/]: Redirecting com/simibubi/create/content/contraptions/bearing/ClockworkContraption$HandType
[08Jun2026 11:31:10.129] [Render thread/INFO] [com.teampotato.redirector.Redirector/]: Redirecting com/simibubi/create/content/contraptions/mounted/CartAssemblerBlockEntity$CartMovementMode
[08Jun2026 11:31:10.153] [Render thread/INFO] [com.teampotato.redirector.Redirector/]: Redirecting com/simibubi/create/content/equipment/potatoCannon/AllPotatoProjectileRenderModes$Tumble
[08Jun2026 11:31:10.196] [Render thread/INFO] [com.teampotato.redirector.Redirector/]: Redirecting com/simibubi/create/content/equipment/potatoCannon/AllPotatoProjectileEntityHitActions$CureZombieVillager
[08Jun2026 11:31:10.200] [Render thread/INFO] [com.teampotato.redirector.Redirector/]: Redirecting com/simibubi/create/content/equipment/potatoCannon/AllPotatoProjectileEntityHitActions$SuspiciousStew
[08Jun2026 11:31:10.232] [Render thread/INFO] [uk.co.hexeption.aeinfinitybooster.AEInfinityBooster/]: Creating Creative Mode Tab
[08Jun2026 11:31:10.247] [Render thread/INFO] [uk.co.hexeption.aeinfinitybooster.AEInfinityBooster/]: Creating Creative Mode Tab
[08Jun2026 11:31:10.267] [Render thread/INFO] [uk.co.hexeption.aeinfinitybooster.AEInfinityBooster/]: Creating Creative Mode Tab
[08Jun2026 11:31:10.318] [Render thread/INFO] [uk.co.hexeption.aeinfinitybooster.AEInfinityBooster/]: Creating Creative Mode Tab
[08Jun2026 11:31:10.360] [Render thread/INFO] [com.teampotato.redirector.Redirector/]: Redirecting net/blay09/mods/cookingforblockheads/block/FridgeBlock$FridgeModelType
[08Jun2026 11:31:10.381] [Render thread/INFO] [com.teampotato.redirector.Redirector/]: Redirecting com/railwayteam/railways/content/coupling/coupler/TrackCouplerBlockEntity$AllowedOperationMode
[08Jun2026 11:31:10.422] [Render thread/INFO] [com.teampotato.redirector.Redirector/]: Redirecting com/railwayteam/railways/content/buffer/StandardTrackBufferBlock$Style
[08Jun2026 11:31:10.425] [Render thread/INFO] [com.teampotato.redirector.Redirector/]: Redirecting com/railwayteam/railways/content/buffer/NarrowTrackBufferBlock$Style
[08Jun2026 11:31:10.427] [Render thread/INFO] [com.teampotato.redirector.Redirector/]: Redirecting com/railwayteam/railways/content/buffer/MonoTrackBufferBlock$Style
[08Jun2026 11:31:10.436] [Render thread/INFO] [com.teampotato.redirector.Redirector/]: Redirecting com/railwayteam/railways/content/fuel/tank/FuelTankBlock$Shape
[08Jun2026 11:31:10.451] [Render thread/INFO] [com.teampotato.redirector.Redirector/]: Redirecting com/railwayteam/railways/content/palettes/boiler/BoilerBlock$Style
[08Jun2026 11:31:10.623] [Render thread/INFO] [com.teampotato.redirector.Redirector/]: Redirecting com/simibubi/create/content/kinetics/chainDrive/ChainDriveBlock$Part
[08Jun2026 11:31:10.628] [Render thread/INFO] [com.teampotato.redirector.Redirector/]: Redirecting com/hlysine/create_connected/content/overstressclutch/OverstressClutchBlock$ClutchState
[08Jun2026 11:31:10.647] [Render thread/INFO] [com.teampotato.redirector.Redirector/]: Redirecting com/hlysine/create_connected/content/fluidvessel/FluidVesselBlock$Shape
[08Jun2026 11:31:10.682] [Render thread/INFO] [com.teampotato.redirector.Redirector/]: Redirecting vectorwing/farmersdelight/common/block/state/CookingPotSupport
[08Jun2026 11:31:10.709] [Render thread/INFO] [com.teampotato.redirector.Redirector/]: Redirecting com/supermartijn642/entangled/EntangledBlock$State
[08Jun2026 11:31:10.769] [Render thread/INFO] [com.teampotato.redirector.Redirector/]: Redirecting net/minecraft/server/packs/repository/PackCompatibility
[08Jun2026 11:31:12.934] [Render thread/INFO] [com.teampotato.redirector.Redirector/]: Redirecting org/teacon/xkdeco/block/HangingFasciaBlock$Side
[08Jun2026 11:31:12.943] [Render thread/INFO] [com.teampotato.redirector.Redirector/]: Redirecting org/teacon/xkdeco/block/XKDStateProperties$RoofVariant
[08Jun2026 11:31:12.944] [Render thread/INFO] [com.teampotato.redirector.Redirector/]: Redirecting org/teacon/xkdeco/block/XKDStateProperties$RoofHalf
[08Jun2026 11:31:12.945] [Render thread/INFO] [com.teampotato.redirector.Redirector/]: Redirecting org/teacon/xkdeco/block/XKDStateProperties$RoofShape
[08Jun2026 11:31:12.946] [Render thread/INFO] [com.teampotato.redirector.Redirector/]: Redirecting org/teacon/xkdeco/block/XKDStateProperties$RoofEaveShape
[08Jun2026 11:31:12.947] [Render thread/INFO] [com.teampotato.redirector.Redirector/]: Redirecting org/teacon/xkdeco/block/XKDStateProperties$RoofEndShape
[08Jun2026 11:31:12.995] [Render thread/INFO] [com.teampotato.redirector.Redirector/]: Redirecting snownee/kiwi/customization/placement/PlaceTarget$Type
[08Jun2026 11:31:13.339] [Render thread/ERROR] [snownee.kiwi.Kiwi/]: Failed to parse xkdeco:kiwi/block/ebony_wardrobe.yaml: DynamicException[Unknown template: xkdeco:wardrobe; Not a map: xkdeco:wardrobe Optional.empty]
[08Jun2026 11:31:13.354] [Render thread/ERROR] [snownee.kiwi.Kiwi/]: Failed to parse xkdeco:kiwi/block/full_glass_wardrobe.yaml: DynamicException[Unknown template: xkdeco:wardrobe; Not a map: xkdeco:wardrobe Optional.empty]
[08Jun2026 11:31:13.357] [Render thread/ERROR] [snownee.kiwi.Kiwi/]: Failed to parse xkdeco:kiwi/block/glass_wardrobe.yaml: DynamicException[Unknown template: xkdeco:wardrobe; Not a map: xkdeco:wardrobe Optional.empty]
[08Jun2026 11:31:13.368] [Render thread/ERROR] [snownee.kiwi.Kiwi/]: Failed to parse xkdeco:kiwi/block/iron_wardrobe.yaml: DynamicException[Unknown template: xkdeco:wardrobe; Not a map: xkdeco:wardrobe Optional.empty]
[08Jun2026 11:31:13.377] [Render thread/ERROR] [snownee.kiwi.Kiwi/]: Failed to parse xkdeco:kiwi/block/mahogany_wardrobe.yaml: DynamicException[Unknown template: xkdeco:wardrobe; Not a map: xkdeco:wardrobe Optional.empty]
[08Jun2026 11:31:13.414] [Render thread/ERROR] [snownee.kiwi.Kiwi/]: Failed to parse xkdeco:kiwi/block/varnished_wardrobe.yaml: DynamicException[Unknown template: xkdeco:wardrobe; Not a map: xkdeco:wardrobe Optional.empty]
[08Jun2026 11:31:13.422] [Render thread/INFO] [com.teampotato.redirector.Redirector/]: Redirecting snownee/kiwi/customization/shape/BlockShapeType
[08Jun2026 11:31:13.438] [Render thread/WARN] [snownee.kiwi.Kiwi/]: Shape xkdeco:wooden_big_table is not registered
[08Jun2026 11:31:13.463] [Render thread/WARN] [snownee.kiwi.Kiwi/]: Shape xkdeco:roof_ridge is not registered
[08Jun2026 11:31:13.468] [Render thread/WARN] [snownee.kiwi.Kiwi/]: Shape xkdeco:roof_ridge is not registered
[08Jun2026 11:31:13.485] [Render thread/WARN] [snownee.kiwi.Kiwi/]: Shape xkdeco:wooden_awning_window is not registered
[08Jun2026 11:31:13.498] [Render thread/WARN] [snownee.kiwi.Kiwi/]: Shape xkdeco:wooden_awning_window is not registered
[08Jun2026 11:31:13.613] [Render thread/WARN] [snownee.kiwi.Kiwi/]: Shape xkdeco:wooden_desk is not registered
[08Jun2026 11:31:13.613] [Render thread/WARN] [snownee.kiwi.Kiwi/]: Shape xkdeco:roof_ridge is not registered
[08Jun2026 11:31:13.622] [Render thread/WARN] [snownee.kiwi.Kiwi/]: Shape xkdeco:wooden_table is not registered
[08Jun2026 11:31:13.634] [Render thread/WARN] [snownee.kiwi.Kiwi/]: Shape xkdeco:roofed_lamp is not registered
[08Jun2026 11:31:13.645] [Render thread/WARN] [snownee.kiwi.Kiwi/]: Shape xkdeco:wooden_desk is not registered
[08Jun2026 11:31:13.647] [Render thread/WARN] [snownee.kiwi.Kiwi/]: Shape xkdeco:wooden_window is not registered
[08Jun2026 11:31:13.648] [Render thread/WARN] [snownee.kiwi.Kiwi/]: Shape xkdeco:wooden_awning_window is not registered
[08Jun2026 11:31:13.659] [Render thread/WARN] [snownee.kiwi.Kiwi/]: Shape xkdeco:roof_ridge is not registered
[08Jun2026 11:31:13.667] [Render thread/WARN] [snownee.kiwi.Kiwi/]: Shape xkdeco:wooden_desk is not registered
[08Jun2026 11:31:13.669] [Render thread/WARN] [snownee.kiwi.Kiwi/]: Shape xkdeco:wooden_big_table is not registered
[08Jun2026 11:31:13.670] [Render thread/WARN] [snownee.kiwi.Kiwi/]: Shape xkdeco:wooden_table is not registered
[08Jun2026 11:31:13.673] [Render thread/WARN] [snownee.kiwi.Kiwi/]: Shape xkdeco:wooden_window is not registered
[08Jun2026 11:31:13.682] [Render thread/WARN] [snownee.kiwi.Kiwi/]: Shape xkdeco:wooden_window is not registered
[08Jun2026 11:31:13.706] [Render thread/WARN] [snownee.kiwi.Kiwi/]: Shape xkdeco:wooden_big_table is not registered
[08Jun2026 11:31:13.737] [Render thread/WARN] [snownee.kiwi.Kiwi/]: Shape xkdeco:roof_ridge is not registered
[08Jun2026 11:31:13.745] [Render thread/WARN] [snownee.kiwi.Kiwi/]: Shape xkdeco:wooden_table is not registered
[08Jun2026 11:31:13.749] [Render thread/WARN] [snownee.kiwi.Kiwi/]: Shape xkdeco:roof_ridge is not registered
[08Jun2026 11:31:14.034] [FTB Backups Config Watcher 0/INFO] [net.creeperhost.ftbbackups.FTBBackups/]: Config at E:\PrismLauncher\instances\Create-Infinity Mechanism\minecraft\config\ftbbackups2.json has changed, reloaded!
[08Jun2026 11:31:14.036] [Render thread/INFO] [com.teampotato.redirector.Redirector/]: Redirecting com/copycatsplus/copycats/CCBlockStateProperties$VerticalStairShape
[08Jun2026 11:31:14.038] [Render thread/INFO] [com.teampotato.redirector.Redirector/]: Redirecting com/copycatsplus/copycats/CCBlockStateProperties$Side
[08Jun2026 11:31:14.165] [Render thread/INFO] [com.teampotato.redirector.Redirector/]: Redirecting com/lothrazar/storagenetwork/api/EnumConnectType
[08Jun2026 11:31:14.265] [Render thread/INFO] [com.teampotato.redirector.Redirector/]: Redirecting lilypuree/decorative_blocks/blocks/state/SupportFaceShape
[08Jun2026 11:31:14.299] [Render thread/INFO] [com.teampotato.redirector.Redirector/]: Redirecting biomesoplenty/block/AnomalyBlock$AnomalyType
[08Jun2026 11:31:14.304] [Render thread/INFO] [com.teampotato.redirector.Redirector/]: Redirecting biomesoplenty/block/properties/ConnectedProperty
[08Jun2026 11:31:14.361] [Render thread/INFO] [com.teampotato.redirector.Redirector/]: Redirecting biomesoplenty/block/properties/QuarterProperty
[08Jun2026 11:31:14.368] [Render thread/INFO] [com.teampotato.redirector.Redirector/]: Redirecting terrablender/api/SurfaceRuleManager$RuleCategory
[08Jun2026 11:31:14.375] [Render thread/INFO] [com.teampotato.redirector.Redirector/]: Redirecting terrablender/api/SurfaceRuleManager$RuleStage
[08Jun2026 11:31:14.513] [Render thread/INFO] [com.teampotato.redirector.Redirector/]: Redirecting slimeknights/tconstruct/gadgets/block/FoodCakeBlock$EffectCombination
[08Jun2026 11:31:14.544] [Render thread/INFO] [com.teampotato.redirector.Redirector/]: Redirecting slimeknights/tconstruct/world/block/SlimeVineBlock$VineStage
[08Jun2026 11:31:14.604] [Render thread/INFO] [com.teampotato.redirector.Redirector/]: Redirecting slimeknights/tconstruct/smeltery/block/ChannelBlock$ChannelConnection
[08Jun2026 11:31:14.634] [Render thread/INFO] [com.teampotato.redirector.Redirector/]: Redirecting mekanism/common/block/states/FluidLogType
[08Jun2026 11:31:15.050] [Render thread/INFO] [com.teampotato.redirector.Redirector/]: Redirecting mekanism/generators/common/block/attribute/AttributeStateFissionPortMode$FissionPortMode
[08Jun2026 11:31:15.062] [Render thread/INFO] [com.teampotato.redirector.Redirector/]: Redirecting mekanism/additions/common/block/ExtendedFluidLogType
[08Jun2026 11:31:15.147] [Render thread/INFO] [com.teampotato.redirector.Redirector/]: Redirecting appeng/api/storage/cells/CellState
[08Jun2026 11:31:15.149] [Render thread/INFO] [com.teampotato.redirector.Redirector/]: Redirecting appeng/api/config/CopyMode
[08Jun2026 11:31:15.150] [Render thread/INFO] [com.teampotato.redirector.Redirector/]: Redirecting appeng/api/config/FullnessMode
[08Jun2026 11:31:15.151] [Render thread/INFO] [com.teampotato.redirector.Redirector/]: Redirecting appeng/api/config/OperationMode
[08Jun2026 11:31:15.156] [Render thread/INFO] [com.teampotato.redirector.Redirector/]: Redirecting appeng/api/orientation/RelativeSide
[08Jun2026 11:31:15.181] [Render thread/INFO] [com.teampotato.redirector.Redirector/]: Redirecting appeng/api/networking/crafting/CraftingSubmitErrorCode
[08Jun2026 11:31:15.185] [Render thread/INFO] [com.teampotato.redirector.Redirector/]: Redirecting appeng/api/config/CpuSelectionMode
[08Jun2026 11:31:15.228] [Render thread/INFO] [com.teampotato.redirector.Redirector/]: Redirecting appeng/recipes/handlers/InscriberProcessType
[08Jun2026 11:31:15.232] [Render thread/INFO] [com.teampotato.redirector.Redirector/]: Redirecting appeng/recipes/entropy/EntropyMode
[08Jun2026 11:31:15.256] [Render thread/INFO] [com.teampotato.redirector.Redirector/]: Redirecting net/minecraft/world/level/saveddata/maps/MapDecoration$Type
[08Jun2026 11:31:15.260] [Render thread/INFO] [uk.co.hexeption.aeinfinitybooster.AEInfinityBooster/]: Creating Creative Mode Tab
[08Jun2026 11:31:15.356] [Render thread/INFO] [com.teampotato.redirector.Redirector/]: Redirecting com/simibubi/create/content/kinetics/belt/BeltSlope
[08Jun2026 11:31:15.358] [Render thread/INFO] [com.teampotato.redirector.Redirector/]: Redirecting com/simibubi/create/content/kinetics/belt/BeltPart
[08Jun2026 11:31:15.365] [Render thread/INFO] [com.teampotato.redirector.Redirector/]: Redirecting com/simibubi/create/content/processing/burner/BlazeBurnerBlock$HeatLevel
[08Jun2026 11:31:15.367] [Render thread/INFO] [com.teampotato.redirector.Redirector/]: Redirecting com/simibubi/create/content/processing/burner/LitBlazeBurnerBlock$FlameType
[08Jun2026 11:31:15.369] [Render thread/INFO] [com.teampotato.redirector.Redirector/]: Redirecting com/simibubi/create/content/logistics/chute/ChuteBlock$Shape
[08Jun2026 11:31:15.373] [Render thread/INFO] [com.teampotato.redirector.Redirector/]: Redirecting com/simibubi/create/content/kinetics/gauge/GaugeBlock$Type
[08Jun2026 11:31:15.374] [Render thread/INFO] [com.teampotato.redirector.Redirector/]: Redirecting com/simibubi/create/content/decoration/bracket/BracketBlock$BracketType
[08Jun2026 11:31:15.384] [Render thread/INFO] [com.teampotato.redirector.Redirector/]: Redirecting com/simibubi/create/content/fluids/tank/FluidTankBlock$Shape
[08Jun2026 11:31:15.393] [Render thread/INFO] [com.teampotato.redirector.Redirector/]: Redirecting com/simibubi/create/content/decoration/steamWhistle/WhistleBlock$WhistleSize
[08Jun2026 11:31:15.395] [Render thread/INFO] [com.teampotato.redirector.Redirector/]: Redirecting com/simibubi/create/content/decoration/steamWhistle/WhistleExtenderBlock$WhistleExtenderShape
[08Jun2026 11:31:15.398] [Render thread/INFO] [com.teampotato.redirector.Redirector/]: Redirecting com/simibubi/create/content/contraptions/piston/MechanicalPistonBlock$PistonState
[08Jun2026 11:31:15.407] [Render thread/INFO] [com.teampotato.redirector.Redirector/]: Redirecting com/simibubi/create/content/contraptions/mounted/CartAssembleRailType
[08Jun2026 11:31:15.427] [Render thread/INFO] [com.teampotato.redirector.Redirector/]: Redirecting net/createmod/catnip/math/Pointing
[08Jun2026 11:31:15.439] [Render thread/INFO] [com.teampotato.redirector.Redirector/]: Redirecting com/simibubi/create/content/logistics/funnel/BeltFunnelBlock$Shape
[08Jun2026 11:31:15.442] [Render thread/INFO] [com.teampotato.redirector.Redirector/]: Redirecting com/simibubi/create/content/logistics/tunnel/BeltTunnelBlock$Shape
[08Jun2026 11:31:15.467] [Render thread/INFO] [com.teampotato.redirector.Redirector/]: Redirecting com/simibubi/create/content/redstone/nixieTube/DoubleFaceAttachedBlock$DoubleAttachFace
[08Jun2026 11:31:15.532] [Render thread/INFO] [com.teampotato.redirector.Redirector/]: Redirecting com/simibubi/create/content/decoration/palettes/PaletteBlockPattern$CTs
[08Jun2026 11:31:16.151] [Render thread/INFO] [com.teampotato.redirector.Redirector/]: Redirecting com/jaquadro/minecraft/storagedrawers/block/EnumCompDrawer
[08Jun2026 11:31:16.156] [Render thread/INFO] [com.teampotato.redirector.Redirector/]: Redirecting com/jaquadro/minecraft/storagedrawers/block/EnumFramingTablePart
[08Jun2026 11:31:16.161] [Render thread/INFO] [com.teampotato.redirector.Redirector/]: Redirecting com/jaquadro/minecraft/storagedrawers/block/EnumKeyType
[08Jun2026 11:31:16.239] [Render thread/INFO] [com.teampotato.redirector.Redirector/]: Redirecting plus/dragons/createenchantmentindustry/content/contraptions/enchanting/enchanter/BlazeEnchanterBlock$HeatLevel
[08Jun2026 11:31:16.244] [Render thread/INFO] [com.teampotato.redirector.Redirector/]: Redirecting com/mrh0/createaddition/blocks/connector/base/ConnectorMode
[08Jun2026 11:31:16.246] [Render thread/INFO] [com.teampotato.redirector.Redirector/]: Redirecting com/mrh0/createaddition/blocks/connector/base/ConnectorVariant
[08Jun2026 11:31:16.247] [Render thread/INFO] [com.teampotato.redirector.Redirector/]: Redirecting com/mrh0/createaddition/energy/NodeRotation
[08Jun2026 11:31:16.263] [Render thread/INFO] [uk.co.hexeption.aeinfinitybooster.AEInfinityBooster/]: Creating Creative Mode Tab
[08Jun2026 11:31:16.274] [Render thread/INFO] [uk.co.hexeption.aeinfinitybooster.AEInfinityBooster/]: Creating Creative Mode Tab
[08Jun2026 11:31:16.290] [Render thread/INFO] [uk.co.hexeption.aeinfinitybooster.AEInfinityBooster/]: Creating Creative Mode Tab
[08Jun2026 11:31:16.319] [Render thread/INFO] [com.teampotato.redirector.Redirector/]: Redirecting com/simibubi/create/content/equipment/armor/AllArmorMaterials
[08Jun2026 11:31:16.328] [Render thread/INFO] [com.teampotato.redirector.Redirector/]: Redirecting net/blay09/mods/cookingforblockheads/item/ItemRecipeBook$RecipeBookEdition
[08Jun2026 11:31:16.345] [Render thread/INFO] [com.teampotato.redirector.Redirector/]: Redirecting net/p3pp3rf1y/sophisticatedcore/upgrades/filter/Direction
[08Jun2026 11:31:16.504] [Render thread/INFO] [com.teampotato.redirector.Redirector/]: Redirecting biomesoplenty/entity/BoatBOP$ModelType
[08Jun2026 11:31:16.546] [Render thread/INFO] [com.teampotato.redirector.Redirector/]: Redirecting slimeknights/tconstruct/shared/item/TinkerBookItem$BookType
[08Jun2026 11:31:16.576] [Render thread/INFO] [com.teampotato.redirector.Redirector/]: Redirecting slimeknights/tconstruct/library/tools/definition/module/aoe/AreaOfEffectIterator$AOEMatchType
[08Jun2026 11:31:16.587] [Render thread/INFO] [com.teampotato.redirector.Redirector/]: Redirecting slimeknights/tconstruct/library/tools/item/TinkerTier
[08Jun2026 11:31:16.658] [Render thread/INFO] [com.teampotato.redirector.Redirector/]: Redirecting net/minecraft/world/level/block/entity/ShulkerBoxBlockEntity$AnimationStatus
[08Jun2026 11:31:16.722] [Render thread/INFO] [com.teampotato.redirector.Redirector/]: Redirecting dev/ftb/mods/ftbquests/item/ScreenBlockItem$ScreenSize
[08Jun2026 11:31:16.722] [Render thread/INFO] [uk.co.hexeption.aeinfinitybooster.AEInfinityBooster/]: Creating Creative Mode Tab
[08Jun2026 11:31:16.746] [Render thread/INFO] [dev.architectury.networking.forge.NetworkManagerImpl/]: Registering C2S receiver with id ae2wtlib:cycle_terminal
[08Jun2026 11:31:16.867] [Render thread/INFO] [com.teampotato.redirector.Redirector/]: Redirecting com/simibubi/create/content/equipment/tool/AllToolMaterials
[08Jun2026 11:31:16.980] [Render thread/INFO] [com.teampotato.redirector.Redirector/]: Redirecting com/simibubi/create/content/equipment/clipboard/ClipboardOverrides$ClipboardType
[08Jun2026 11:31:17.092] [Render thread/INFO] [com.teampotato.redirector.Redirector/]: Redirecting net/mehvahdjukaar/supplementaries/common/entities/BombEntity$BombType
[08Jun2026 11:31:17.143] [Render thread/INFO] [com.teampotato.redirector.Redirector/]: Redirecting com/jaquadro/minecraft/storagedrawers/item/EnumUpgradeStorage
[08Jun2026 11:31:17.144] [Render thread/INFO] [com.teampotato.redirector.Redirector/]: Redirecting com/jaquadro/minecraft/storagedrawers/item/EnumUpgradeCreative
[08Jun2026 11:31:17.146] [Render thread/INFO] [com.teampotato.redirector.Redirector/]: Redirecting com/jaquadro/minecraft/storagedrawers/item/EnumUpgradeRedstone
[08Jun2026 11:31:17.148] [Render thread/INFO] [com.teampotato.redirector.Redirector/]: Redirecting com/jaquadro/minecraft/storagedrawers/item/EnumUpgradeMagnet
[08Jun2026 11:31:17.231] [Render thread/INFO] [com.teampotato.redirector.Redirector/]: Redirecting com/teammetallurgy/aquaculture/api/AquaArmorMaterials
[08Jun2026 11:31:17.349] [Render thread/INFO] [Moonlight/]: Initialized block sets in 44ms
[08Jun2026 11:31:17.357] [Render thread/INFO] [Every Compat/]: Registering Compat WoodType Blocks
[08Jun2026 11:31:17.393] [Render thread/INFO] [Every Compat/]: [WoodGood - Decorative Blocks Module]: registered 81 WoodType blocks
[08Jun2026 11:31:17.397] [Render thread/INFO] [Every Compat/]: [WoodGood - Farmersdelight Module]: registered 21 WoodType blocks
[08Jun2026 11:31:17.415] [Render thread/INFO] [Every Compat/]: [WoodGood - Storagedrawers Module]: registered 147 WoodType blocks
[08Jun2026 11:31:17.424] [Render thread/INFO] [Every Compat/]: [WoodGood - Create Module]: registered 36 WoodType blocks
[08Jun2026 11:31:17.441] [Render thread/INFO] [uk.co.hexeption.aeinfinitybooster.AEInfinityBooster/]: Creating Creative Mode Tab
[08Jun2026 11:31:17.511] [Render thread/INFO] [uk.co.hexeption.aeinfinitybooster.AEInfinityBooster/]: Creating Creative Mode Tab
[08Jun2026 11:31:17.518] [Render thread/INFO] [uk.co.hexeption.aeinfinitybooster.AEInfinityBooster/]: Creating Creative Mode Tab
[08Jun2026 11:31:17.527] [Render thread/INFO] [uk.co.hexeption.aeinfinitybooster.AEInfinityBooster/]: Creating Creative Mode Tab
[08Jun2026 11:31:17.534] [Render thread/INFO] [uk.co.hexeption.aeinfinitybooster.AEInfinityBooster/]: Creating Creative Mode Tab
[08Jun2026 11:31:17.542] [Render thread/INFO] [uk.co.hexeption.aeinfinitybooster.AEInfinityBooster/]: Creating Creative Mode Tab
[08Jun2026 11:31:17.615] [Render thread/INFO] [uk.co.hexeption.aeinfinitybooster.AEInfinityBooster/]: Creating Creative Mode Tab
[08Jun2026 11:31:17.646] [Render thread/INFO] [Railways/MultiRegistryCallback/]: Running callback for create:flywheel and railways:locometal_flywheel
[08Jun2026 11:31:17.646] [Render thread/INFO] [Railways/MultiRegistryCallback/]: Running callback for create:flywheel and railways:brown_locometal_flywheel
[08Jun2026 11:31:17.646] [Render thread/INFO] [Railways/MultiRegistryCallback/]: Running callback for create:flywheel and railways:maroon_locometal_flywheel
[08Jun2026 11:31:17.646] [Render thread/INFO] [Railways/MultiRegistryCallback/]: Running callback for create:flywheel and railways:red_locometal_flywheel
[08Jun2026 11:31:17.646] [Render thread/INFO] [Railways/MultiRegistryCallback/]: Running callback for create:flywheel and railways:vermilion_locometal_flywheel
[08Jun2026 11:31:17.646] [Render thread/INFO] [Railways/MultiRegistryCallback/]: Running callback for create:flywheel and railways:orange_locometal_flywheel
[08Jun2026 11:31:17.646] [Render thread/INFO] [Railways/MultiRegistryCallback/]: Running callback for create:flywheel and railways:granite_locometal_flywheel
[08Jun2026 11:31:17.646] [Render thread/INFO] [Railways/MultiRegistryCallback/]: Running callback for create:flywheel and railways:dripstone_locometal_flywheel
[08Jun2026 11:31:17.646] [Render thread/INFO] [Railways/MultiRegistryCallback/]: Running callback for create:flywheel and railways:ochrum_locometal_flywheel
[08Jun2026 11:31:17.647] [Render thread/INFO] [Railways/MultiRegistryCallback/]: Running callback for create:flywheel and railways:yellow_locometal_flywheel
[08Jun2026 11:31:17.647] [Render thread/INFO] [Railways/MultiRegistryCallback/]: Running callback for create:flywheel and railways:chartreuse_locometal_flywheel
[08Jun2026 11:31:17.647] [Render thread/INFO] [Railways/MultiRegistryCallback/]: Running callback for create:flywheel and railways:olive_green_locometal_flywheel
[08Jun2026 11:31:17.647] [Render thread/INFO] [Railways/MultiRegistryCallback/]: Running callback for create:flywheel and railways:lime_locometal_flywheel
[08Jun2026 11:31:17.647] [Render thread/INFO] [Railways/MultiRegistryCallback/]: Running callback for create:flywheel and railways:green_locometal_flywheel
[08Jun2026 11:31:17.647] [Render thread/INFO] [Railways/MultiRegistryCallback/]: Running callback for create:flywheel and railways:pine_green_locometal_flywheel
[08Jun2026 11:31:17.647] [Render thread/INFO] [Railways/MultiRegistryCallback/]: Running callback for create:flywheel and railways:cyan_locometal_flywheel
[08Jun2026 11:31:17.647] [Render thread/INFO] [Railways/MultiRegistryCallback/]: Running callback for create:flywheel and railways:sea_green_locometal_flywheel
[08Jun2026 11:31:17.647] [Render thread/INFO] [Railways/MultiRegistryCallback/]: Running callback for create:flywheel and railways:turquoise_locometal_flywheel
[08Jun2026 11:31:17.647] [Render thread/INFO] [Railways/MultiRegistryCallback/]: Running callback for create:flywheel and railways:light_blue_locometal_flywheel
[08Jun2026 11:31:17.647] [Render thread/INFO] [Railways/MultiRegistryCallback/]: Running callback for create:flywheel and railways:blue_locometal_flywheel
[08Jun2026 11:31:17.647] [Render thread/INFO] [Railways/MultiRegistryCallback/]: Running callback for create:flywheel and railways:royal_blue_locometal_flywheel
[08Jun2026 11:31:17.647] [Render thread/INFO] [Railways/MultiRegistryCallback/]: Running callback for create:flywheel and railways:purple_locometal_flywheel
[08Jun2026 11:31:17.647] [Render thread/INFO] [Railways/MultiRegistryCallback/]: Running callback for create:flywheel and railways:magenta_locometal_flywheel
[08Jun2026 11:31:17.647] [Render thread/INFO] [Railways/MultiRegistryCallback/]: Running callback for create:flywheel and railways:pink_locometal_flywheel
[08Jun2026 11:31:17.647] [Render thread/INFO] [Railways/MultiRegistryCallback/]: Running callback for create:flywheel and railways:white_locometal_flywheel
[08Jun2026 11:31:17.647] [Render thread/INFO] [Railways/MultiRegistryCallback/]: Running callback for create:flywheel and railways:diorite_locometal_flywheel
[08Jun2026 11:31:17.647] [Render thread/INFO] [Railways/MultiRegistryCallback/]: Running callback for create:flywheel and railways:limestone_locometal_flywheel
[08Jun2026 11:31:17.647] [Render thread/INFO] [Railways/MultiRegistryCallback/]: Running callback for create:flywheel and railways:light_gray_locometal_flywheel
[08Jun2026 11:31:17.647] [Render thread/INFO] [Railways/MultiRegistryCallback/]: Running callback for create:flywheel and railways:tuff_locometal_flywheel
[08Jun2026 11:31:17.647] [Render thread/INFO] [Railways/MultiRegistryCallback/]: Running callback for create:flywheel and railways:gray_locometal_flywheel
[08Jun2026 11:31:17.647] [Render thread/INFO] [Railways/MultiRegistryCallback/]: Running callback for create:flywheel and railways:scorchia_locometal_flywheel
[08Jun2026 11:31:17.647] [Render thread/INFO] [Railways/MultiRegistryCallback/]: Running callback for create:flywheel and railways:black_locometal_flywheel
[08Jun2026 11:31:17.649] [Render thread/INFO] [Railways/MultiRegistryCallback/]: Running callback for create:sliding_door and railways:sliding_locometal_door
[08Jun2026 11:31:17.649] [Render thread/INFO] [Railways/MultiRegistryCallback/]: Running callback for create:sliding_door and railways:folding_locometal_door
[08Jun2026 11:31:17.649] [Render thread/INFO] [Railways/MultiRegistryCallback/]: Running callback for create:sliding_door and railways:brown_sliding_locometal_door
[08Jun2026 11:31:17.649] [Render thread/INFO] [Railways/MultiRegistryCallback/]: Running callback for create:sliding_door and railways:brown_folding_locometal_door
[08Jun2026 11:31:17.649] [Render thread/INFO] [Railways/MultiRegistryCallback/]: Running callback for create:sliding_door and railways:maroon_sliding_locometal_door
[08Jun2026 11:31:17.649] [Render thread/INFO] [Railways/MultiRegistryCallback/]: Running callback for create:sliding_door and railways:maroon_folding_locometal_door
[08Jun2026 11:31:17.649] [Render thread/INFO] [Railways/MultiRegistryCallback/]: Running callback for create:sliding_door and railways:red_sliding_locometal_door
[08Jun2026 11:31:17.649] [Render thread/INFO] [Railways/MultiRegistryCallback/]: Running callback for create:sliding_door and railways:red_folding_locometal_door
[08Jun2026 11:31:17.649] [Render thread/INFO] [Railways/MultiRegistryCallback/]: Running callback for create:sliding_door and railways:vermilion_sliding_locometal_door
[08Jun2026 11:31:17.650] [Render thread/INFO] [Railways/MultiRegistryCallback/]: Running callback for create:sliding_door and railways:vermilion_folding_locometal_door
[08Jun2026 11:31:17.650] [Render thread/INFO] [Railways/MultiRegistryCallback/]: Running callback for create:sliding_door and railways:orange_sliding_locometal_door
[08Jun2026 11:31:17.650] [Render thread/INFO] [Railways/MultiRegistryCallback/]: Running callback for create:sliding_door and railways:orange_folding_locometal_door
[08Jun2026 11:31:17.650] [Render thread/INFO] [Railways/MultiRegistryCallback/]: Running callback for create:sliding_door and railways:granite_sliding_locometal_door
[08Jun2026 11:31:17.650] [Render thread/INFO] [Railways/MultiRegistryCallback/]: Running callback for create:sliding_door and railways:granite_folding_locometal_door
[08Jun2026 11:31:17.650] [Render thread/INFO] [Railways/MultiRegistryCallback/]: Running callback for create:sliding_door and railways:dripstone_sliding_locometal_door
[08Jun2026 11:31:17.650] [Render thread/INFO] [Railways/MultiRegistryCallback/]: Running callback for create:sliding_door and railways:dripstone_folding_locometal_door
[08Jun2026 11:31:17.650] [Render thread/INFO] [Railways/MultiRegistryCallback/]: Running callback for create:sliding_door and railways:ochrum_sliding_locometal_door
[08Jun2026 11:31:17.650] [Render thread/INFO] [Railways/MultiRegistryCallback/]: Running callback for create:sliding_door and railways:ochrum_folding_locometal_door
[08Jun2026 11:31:17.650] [Render thread/INFO] [Railways/MultiRegistryCallback/]: Running callback for create:sliding_door and railways:yellow_sliding_locometal_door
[08Jun2026 11:31:17.650] [Render thread/INFO] [Railways/MultiRegistryCallback/]: Running callback for create:sliding_door and railways:yellow_folding_locometal_door
[08Jun2026 11:31:17.650] [Render thread/INFO] [Railways/MultiRegistryCallback/]: Running callback for create:sliding_door and railways:chartreuse_sliding_locometal_door
[08Jun2026 11:31:17.650] [Render thread/INFO] [Railways/MultiRegistryCallback/]: Running callback for create:sliding_door and railways:chartreuse_folding_locometal_door
[08Jun2026 11:31:17.650] [Render thread/INFO] [Railways/MultiRegistryCallback/]: Running callback for create:sliding_door and railways:olive_green_sliding_locometal_door
[08Jun2026 11:31:17.650] [Render thread/INFO] [Railways/MultiRegistryCallback/]: Running callback for create:sliding_door and railways:olive_green_folding_locometal_door
[08Jun2026 11:31:17.650] [Render thread/INFO] [Railways/MultiRegistryCallback/]: Running callback for create:sliding_door and railways:lime_sliding_locometal_door
[08Jun2026 11:31:17.650] [Render thread/INFO] [Railways/MultiRegistryCallback/]: Running callback for create:sliding_door and railways:lime_folding_locometal_door
[08Jun2026 11:31:17.650] [Render thread/INFO] [Railways/MultiRegistryCallback/]: Running callback for create:sliding_door and railways:green_sliding_locometal_door
[08Jun2026 11:31:17.650] [Render thread/INFO] [Railways/MultiRegistryCallback/]: Running callback for create:sliding_door and railways:green_folding_locometal_door
[08Jun2026 11:31:17.650] [Render thread/INFO] [Railways/MultiRegistryCallback/]: Running callback for create:sliding_door and railways:pine_green_sliding_locometal_door
[08Jun2026 11:31:17.650] [Render thread/INFO] [Railways/MultiRegistryCallback/]: Running callback for create:sliding_door and railways:pine_green_folding_locometal_door
[08Jun2026 11:31:17.650] [Render thread/INFO] [Railways/MultiRegistryCallback/]: Running callback for create:sliding_door and railways:cyan_sliding_locometal_door
[08Jun2026 11:31:17.650] [Render thread/INFO] [Railways/MultiRegistryCallback/]: Running callback for create:sliding_door and railways:cyan_folding_locometal_door
[08Jun2026 11:31:17.650] [Render thread/INFO] [Railways/MultiRegistryCallback/]: Running callback for create:sliding_door and railways:sea_green_sliding_locometal_door
[08Jun2026 11:31:17.650] [Render thread/INFO] [Railways/MultiRegistryCallback/]: Running callback for create:sliding_door and railways:sea_green_folding_locometal_door
[08Jun2026 11:31:17.650] [Render thread/INFO] [Railways/MultiRegistryCallback/]: Running callback for create:sliding_door and railways:turquoise_sliding_locometal_door
[08Jun2026 11:31:17.651] [Render thread/INFO] [Railways/MultiRegistryCallback/]: Running callback for create:sliding_door and railways:turquoise_folding_locometal_door
[08Jun2026 11:31:17.651] [Render thread/INFO] [Railways/MultiRegistryCallback/]: Running callback for create:sliding_door and railways:light_blue_sliding_locometal_door
[08Jun2026 11:31:17.651] [Render thread/INFO] [Railways/MultiRegistryCallback/]: Running callback for create:sliding_door and railways:light_blue_folding_locometal_door
[08Jun2026 11:31:17.651] [Render thread/INFO] [Railways/MultiRegistryCallback/]: Running callback for create:sliding_door and railways:blue_sliding_locometal_door
[08Jun2026 11:31:17.651] [Render thread/INFO] [Railways/MultiRegistryCallback/]: Running callback for create:sliding_door and railways:blue_folding_locometal_door
[08Jun2026 11:31:17.651] [Render thread/INFO] [Railways/MultiRegistryCallback/]: Running callback for create:sliding_door and railways:royal_blue_sliding_locometal_door
[08Jun2026 11:31:17.651] [Render thread/INFO] [Railways/MultiRegistryCallback/]: Running callback for create:sliding_door and railways:royal_blue_folding_locometal_door
[08Jun2026 11:31:17.651] [Render thread/INFO] [Railways/MultiRegistryCallback/]: Running callback for create:sliding_door and railways:purple_sliding_locometal_door
[08Jun2026 11:31:17.651] [Render thread/INFO] [Railways/MultiRegistryCallback/]: Running callback for create:sliding_door and railways:purple_folding_locometal_door
[08Jun2026 11:31:17.651] [Render thread/INFO] [Railways/MultiRegistryCallback/]: Running callback for create:sliding_door and railways:magenta_sliding_locometal_door
[08Jun2026 11:31:17.651] [Render thread/INFO] [Railways/MultiRegistryCallback/]: Running callback for create:sliding_door and railways:magenta_folding_locometal_door
[08Jun2026 11:31:17.651] [Render thread/INFO] [Railways/MultiRegistryCallback/]: Running callback for create:sliding_door and railways:pink_sliding_locometal_door
[08Jun2026 11:31:17.651] [Render thread/INFO] [Railways/MultiRegistryCallback/]: Running callback for create:sliding_door and railways:pink_folding_locometal_door
[08Jun2026 11:31:17.651] [Render thread/INFO] [Railways/MultiRegistryCallback/]: Running callback for create:sliding_door and railways:white_sliding_locometal_door
[08Jun2026 11:31:17.651] [Render thread/INFO] [Railways/MultiRegistryCallback/]: Running callback for create:sliding_door and railways:white_folding_locometal_door
[08Jun2026 11:31:17.651] [Render thread/INFO] [Railways/MultiRegistryCallback/]: Running callback for create:sliding_door and railways:diorite_sliding_locometal_door
[08Jun2026 11:31:17.651] [Render thread/INFO] [Railways/MultiRegistryCallback/]: Running callback for create:sliding_door and railways:diorite_folding_locometal_door
[08Jun2026 11:31:17.651] [Render thread/INFO] [Railways/MultiRegistryCallback/]: Running callback for create:sliding_door and railways:limestone_sliding_locometal_door
[08Jun2026 11:31:17.651] [Render thread/INFO] [Railways/MultiRegistryCallback/]: Running callback for create:sliding_door and railways:limestone_folding_locometal_door
[08Jun2026 11:31:17.651] [Render thread/INFO] [Railways/MultiRegistryCallback/]: Running callback for create:sliding_door and railways:light_gray_sliding_locometal_door
[08Jun2026 11:31:17.651] [Render thread/INFO] [Railways/MultiRegistryCallback/]: Running callback for create:sliding_door and railways:light_gray_folding_locometal_door
[08Jun2026 11:31:17.652] [Render thread/INFO] [Railways/MultiRegistryCallback/]: Running callback for create:sliding_door and railways:tuff_sliding_locometal_door
[08Jun2026 11:31:17.652] [Render thread/INFO] [Railways/MultiRegistryCallback/]: Running callback for create:sliding_door and railways:tuff_folding_locometal_door
[08Jun2026 11:31:17.652] [Render thread/INFO] [Railways/MultiRegistryCallback/]: Running callback for create:sliding_door and railways:gray_sliding_locometal_door
[08Jun2026 11:31:17.652] [Render thread/INFO] [Railways/MultiRegistryCallback/]: Running callback for create:sliding_door and railways:gray_folding_locometal_door
[08Jun2026 11:31:17.652] [Render thread/INFO] [Railways/MultiRegistryCallback/]: Running callback for create:sliding_door and railways:scorchia_sliding_locometal_door
[08Jun2026 11:31:17.652] [Render thread/INFO] [Railways/MultiRegistryCallback/]: Running callback for create:sliding_door and railways:scorchia_folding_locometal_door
[08Jun2026 11:31:17.652] [Render thread/INFO] [Railways/MultiRegistryCallback/]: Running callback for create:sliding_door and railways:black_sliding_locometal_door
[08Jun2026 11:31:17.652] [Render thread/INFO] [Railways/MultiRegistryCallback/]: Running callback for create:sliding_door and railways:black_folding_locometal_door
[08Jun2026 11:31:17.652] [Render thread/INFO] [Railways/MultiRegistryCallback/]: Running callback for create:copycat and railways:conductor_vent
[08Jun2026 11:31:17.710] [Render thread/INFO] [uk.co.hexeption.aeinfinitybooster.AEInfinityBooster/]: Creating Creative Mode Tab
[08Jun2026 11:31:17.710] [Render thread/INFO] [paintings/]: Registered variant abstract_blue
[08Jun2026 11:31:17.710] [Render thread/INFO] [paintings/]: Registered variant abstract_rainbow
[08Jun2026 11:31:17.711] [Render thread/INFO] [paintings/]: Registered variant abstract_red
[08Jun2026 11:31:17.711] [Render thread/INFO] [paintings/]: Registered variant abstract_sunset
[08Jun2026 11:31:17.711] [Render thread/INFO] [paintings/]: Registered variant arachnophobe
[08Jun2026 11:31:17.711] [Render thread/INFO] [paintings/]: Registered variant barn_owl
[08Jun2026 11:31:17.711] [Render thread/INFO] [paintings/]: Registered variant big_z
[08Jun2026 11:31:17.711] [Render thread/INFO] [paintings/]: Registered variant blue_bird
[08Jun2026 11:31:17.711] [Render thread/INFO] [paintings/]: Registered variant bluesclues
[08Jun2026 11:31:17.711] [Render thread/INFO] [paintings/]: Registered variant borgia
[08Jun2026 11:31:17.711] [Render thread/INFO] [paintings/]: Registered variant cane
[08Jun2026 11:31:17.711] [Render thread/INFO] [paintings/]: Registered variant cat_black
[08Jun2026 11:31:17.711] [Render thread/INFO] [paintings/]: Registered variant cat_gray
[08Jun2026 11:31:17.711] [Render thread/INFO] [paintings/]: Registered variant cat_orange
[08Jun2026 11:31:17.711] [Render thread/INFO] [paintings/]: Registered variant cat
[08Jun2026 11:31:17.711] [Render thread/INFO] [paintings/]: Registered variant colorful_squares
[08Jun2026 11:31:17.711] [Render thread/INFO] [paintings/]: Registered variant crest
[08Jun2026 11:31:17.711] [Render thread/INFO] [paintings/]: Registered variant danger_zone
[08Jun2026 11:31:17.712] [Render thread/INFO] [paintings/]: Registered variant decorative_gun
[08Jun2026 11:31:17.712] [Render thread/INFO] [paintings/]: Registered variant exit_down
[08Jun2026 11:31:17.712] [Render thread/INFO] [paintings/]: Registered variant exit_up
[08Jun2026 11:31:17.712] [Render thread/INFO] [paintings/]: Registered variant exit_left
[08Jun2026 11:31:17.712] [Render thread/INFO] [paintings/]: Registered variant exit_right
[08Jun2026 11:31:17.712] [Render thread/INFO] [paintings/]: Registered variant face_bat
[08Jun2026 11:31:17.712] [Render thread/INFO] [paintings/]: Registered variant face_chicken
[08Jun2026 11:31:17.712] [Render thread/INFO] [paintings/]: Registered variant face_cow
[08Jun2026 11:31:17.712] [Render thread/INFO] [paintings/]: Registered variant face_creeper
[08Jun2026 11:31:17.712] [Render thread/INFO] [paintings/]: Registered variant face_dog
[08Jun2026 11:31:17.712] [Render thread/INFO] [paintings/]: Registered variant face_enderman
[08Jun2026 11:31:17.712] [Render thread/INFO] [paintings/]: Registered variant face_pig
[08Jun2026 11:31:17.712] [Render thread/INFO] [paintings/]: Registered variant face_pigman
[08Jun2026 11:31:17.712] [Render thread/INFO] [paintings/]: Registered variant face_silverfish
[08Jun2026 11:31:17.712] [Render thread/INFO] [paintings/]: Registered variant face_skeleton
[08Jun2026 11:31:17.712] [Render thread/INFO] [paintings/]: Registered variant face_squid
[08Jun2026 11:31:17.712] [Render thread/INFO] [paintings/]: Registered variant face_zombie
[08Jun2026 11:31:17.712] [Render thread/INFO] [paintings/]: Registered variant fishes
[08Jun2026 11:31:17.713] [Render thread/INFO] [paintings/]: Registered variant flowers
[08Jun2026 11:31:17.713] [Render thread/INFO] [paintings/]: Registered variant fruits
[08Jun2026 11:31:17.713] [Render thread/INFO] [paintings/]: Registered variant ghost
[08Jun2026 11:31:17.713] [Render thread/INFO] [paintings/]: Registered variant glowlamp
[08Jun2026 11:31:17.713] [Render thread/INFO] [paintings/]: Registered variant glowstone_hourglass
[08Jun2026 11:31:17.713] [Render thread/INFO] [paintings/]: Registered variant iluvmc
[08Jun2026 11:31:17.713] [Render thread/INFO] [paintings/]: Registered variant link
[08Jun2026 11:31:17.713] [Render thread/INFO] [paintings/]: Registered variant mine_prosperity
[08Jun2026 11:31:17.713] [Render thread/INFO] [paintings/]: Registered variant no_trespassing_for_mobs
[08Jun2026 11:31:17.713] [Render thread/INFO] [paintings/]: Registered variant ocelot
[08Jun2026 11:31:17.713] [Render thread/INFO] [paintings/]: Registered variant penguin
[08Jun2026 11:31:17.713] [Render thread/INFO] [paintings/]: Registered variant pig_on_a_cliff
[08Jun2026 11:31:17.713] [Render thread/INFO] [paintings/]: Registered variant pkmn_blue
[08Jun2026 11:31:17.713] [Render thread/INFO] [paintings/]: Registered variant pkmn_red
[08Jun2026 11:31:17.713] [Render thread/INFO] [paintings/]: Registered variant pkmn_green
[08Jun2026 11:31:17.713] [Render thread/INFO] [paintings/]: Registered variant plains_hut
[08Jun2026 11:31:17.713] [Render thread/INFO] [paintings/]: Registered variant portrait_2
[08Jun2026 11:31:17.713] [Render thread/INFO] [paintings/]: Registered variant portrait
[08Jun2026 11:31:17.713] [Render thread/INFO] [paintings/]: Registered variant prison
[08Jun2026 11:31:17.713] [Render thread/INFO] [paintings/]: Registered variant prosperity
[08Jun2026 11:31:17.713] [Render thread/INFO] [paintings/]: Registered variant rest
[08Jun2026 11:31:17.713] [Render thread/INFO] [paintings/]: Registered variant skeleton
[08Jun2026 11:31:17.713] [Render thread/INFO] [paintings/]: Registered variant sky
[08Jun2026 11:31:17.713] [Render thread/INFO] [paintings/]: Registered variant skyblock
[08Jun2026 11:31:17.713] [Render thread/INFO] [paintings/]: Registered variant snake
[08Jun2026 11:31:17.713] [Render thread/INFO] [paintings/]: Registered variant snow_landscape
[08Jun2026 11:31:17.715] [Render thread/INFO] [paintings/]: Registered variant subaraki
[08Jun2026 11:31:17.715] [Render thread/INFO] [paintings/]: Registered variant synth_city
[08Jun2026 11:31:17.715] [Render thread/INFO] [paintings/]: Registered variant tapistry_a
[08Jun2026 11:31:17.715] [Render thread/INFO] [paintings/]: Registered variant tapistry_b
[08Jun2026 11:31:17.715] [Render thread/INFO] [paintings/]: Registered variant tapistry_purple
[08Jun2026 11:31:17.715] [Render thread/INFO] [paintings/]: Registered variant torched
[08Jun2026 11:31:17.715] [Render thread/INFO] [paintings/]: Registered variant waterfall
[08Jun2026 11:31:17.715] [Render thread/INFO] [paintings/]: Registered variant whale
[08Jun2026 11:31:17.715] [Render thread/INFO] [paintings/]: Registered variant wheat_field
[08Jun2026 11:31:17.715] [Render thread/INFO] [paintings/]: Registered variant wolf_in_wheat
[08Jun2026 11:31:17.723] [Render thread/INFO] [uk.co.hexeption.aeinfinitybooster.AEInfinityBooster/]: Creating Creative Mode Tab
[08Jun2026 11:31:17.732] [Render thread/INFO] [uk.co.hexeption.aeinfinitybooster.AEInfinityBooster/]: Creating Creative Mode Tab
[08Jun2026 11:31:17.738] [Render thread/INFO] [uk.co.hexeption.aeinfinitybooster.AEInfinityBooster/]: Creating Creative Mode Tab
[08Jun2026 11:31:17.744] [Render thread/INFO] [uk.co.hexeption.aeinfinitybooster.AEInfinityBooster/]: Creating Creative Mode Tab
[08Jun2026 11:31:17.751] [Render thread/INFO] [uk.co.hexeption.aeinfinitybooster.AEInfinityBooster/]: Creating Creative Mode Tab
[08Jun2026 11:31:17.757] [Render thread/INFO] [uk.co.hexeption.aeinfinitybooster.AEInfinityBooster/]: Creating Creative Mode Tab
[08Jun2026 11:31:18.420] [Render thread/INFO] [uk.co.hexeption.aeinfinitybooster.AEInfinityBooster/]: Creating Creative Mode Tab
[08Jun2026 11:31:18.523] [Render thread/INFO] [uk.co.hexeption.aeinfinitybooster.AEInfinityBooster/]: Creating Creative Mode Tab
[08Jun2026 11:31:18.568] [Render thread/INFO] [com.teampotato.redirector.Redirector/]: Redirecting slimeknights/tconstruct/library/recipe/ingredient/NoContainerIngredient$Serializer
[08Jun2026 11:31:18.570] [Render thread/INFO] [com.teampotato.redirector.Redirector/]: Redirecting slimeknights/tconstruct/library/recipe/ingredient/BlockTagIngredient$Serializer
[08Jun2026 11:31:18.593] [Render thread/INFO] [com.teampotato.redirector.Redirector/]: Redirecting slimeknights/tconstruct/library/recipe/ingredient/MaterialIngredient$Serializer
[08Jun2026 11:31:18.596] [Render thread/INFO] [com.teampotato.redirector.Redirector/]: Redirecting slimeknights/tconstruct/library/recipe/ingredient/MaterialValueIngredient$Serializer
[08Jun2026 11:31:18.705] [Render thread/INFO] [com.teampotato.redirector.Redirector/]: Redirecting slimeknights/mantle/data/loadable/common/ItemStackLoadable$NBTStack
[08Jun2026 11:31:18.711] [Render thread/INFO] [com.teampotato.redirector.Redirector/]: Redirecting slimeknights/tconstruct/library/modifiers/fluid/TimeAction
[08Jun2026 11:31:18.721] [Render thread/INFO] [com.teampotato.redirector.Redirector/]: Redirecting slimeknights/mantle/recipe/helper/ItemOutput$Loadable
[08Jun2026 11:31:18.733] [Render thread/INFO] [com.teampotato.redirector.Redirector/]: Redirecting slimeknights/tconstruct/library/modifiers/fluid/entity/EntityInteractFluidEffect
[08Jun2026 11:31:18.744] [Render thread/INFO] [com.teampotato.redirector.Redirector/]: Redirecting slimeknights/tconstruct/library/modifiers/fluid/block/BlockInteractFluidEffect
[08Jun2026 11:31:18.752] [Render thread/INFO] [com.teampotato.redirector.Redirector/]: Redirecting net/minecraft/world/level/Explosion$BlockInteraction
[08Jun2026 11:31:18.754] [Render thread/INFO] [com.teampotato.redirector.Redirector/]: Redirecting slimeknights/mantle/data/loadable/common/BlockStateLoadable
[08Jun2026 11:31:18.758] [Render thread/INFO] [com.teampotato.redirector.Redirector/]: Redirecting slimeknights/tconstruct/library/modifiers/fluid/GroupCost
[08Jun2026 11:31:18.767] [Render thread/INFO] [com.teampotato.redirector.Redirector/]: Redirecting slimeknights/tconstruct/library/modifiers/modules/behavior/AttributeModule$TooltipStyle
[08Jun2026 11:31:18.831] [Render thread/INFO] [com.teampotato.redirector.Redirector/]: Redirecting slimeknights/tconstruct/library/modifiers/modules/behavior/ShowOffhandModule
[08Jun2026 11:31:18.851] [Render thread/INFO] [com.teampotato.redirector.Redirector/]: Redirecting slimeknights/tconstruct/library/modifiers/modules/build/StatBoostModule$StatOperation
[08Jun2026 11:31:18.871] [Render thread/INFO] [com.teampotato.redirector.Redirector/]: Redirecting slimeknights/tconstruct/library/modifiers/modules/util/ProjectilePredicate
[08Jun2026 11:31:18.896] [Render thread/INFO] [com.teampotato.redirector.Redirector/]: Redirecting slimeknights/tconstruct/library/modifiers/modules/display/ModifierVariantColorModule
[08Jun2026 11:31:18.913] [Render thread/INFO] [com.teampotato.redirector.Redirector/]: Redirecting slimeknights/tconstruct/tools/modules/durability/DurabilityAsCapacityModule
[08Jun2026 11:31:18.916] [Render thread/INFO] [com.teampotato.redirector.Redirector/]: Redirecting slimeknights/mantle/data/loadable/common/IngredientLoadable
[08Jun2026 11:31:18.924] [Render thread/INFO] [com.teampotato.redirector.Redirector/]: Redirecting slimeknights/tconstruct/library/modifiers/modules/technical/ArmorStatModule$TooltipStyle
[08Jun2026 11:31:18.931] [Render thread/INFO] [com.teampotato.redirector.Redirector/]: Redirecting slimeknights/tconstruct/library/tools/capability/inventory/ToolInventoryCapability$CraftingType
[08Jun2026 11:31:18.936] [Render thread/INFO] [com.teampotato.redirector.Redirector/]: Redirecting slimeknights/tconstruct/library/tools/capability/inventory/InventoryMenuModule
[08Jun2026 11:31:18.937] [Render thread/INFO] [com.teampotato.redirector.Redirector/]: Redirecting slimeknights/tconstruct/library/tools/capability/inventory/InventorySlotMenuModule
[08Jun2026 11:31:18.941] [Render thread/INFO] [com.teampotato.redirector.Redirector/]: Redirecting slimeknights/tconstruct/tools/modules/SmeltingModule$OutputKeyField
[08Jun2026 11:31:18.952] [Render thread/INFO] [com.teampotato.redirector.Redirector/]: Redirecting slimeknights/tconstruct/tools/modules/ZoomModule
[08Jun2026 11:31:18.956] [Render thread/INFO] [com.teampotato.redirector.Redirector/]: Redirecting slimeknights/tconstruct/tools/modules/interaction/BrushModule
[08Jun2026 11:31:18.957] [Render thread/INFO] [com.teampotato.redirector.Redirector/]: Redirecting slimeknights/tconstruct/tools/modules/interaction/FishingModule
[08Jun2026 11:31:18.959] [Render thread/INFO] [com.teampotato.redirector.Redirector/]: Redirecting slimeknights/tconstruct/tools/modules/interaction/ThrowingModule
[08Jun2026 11:31:18.972] [Render thread/INFO] [com.teampotato.redirector.Redirector/]: Redirecting slimeknights/tconstruct/tools/modules/ranged/ammo/TippedModule
[08Jun2026 11:31:18.974] [Render thread/INFO] [com.teampotato.redirector.Redirector/]: Redirecting slimeknights/tconstruct/tools/modules/OverburnModule
[08Jun2026 11:31:18.984] [Render thread/INFO] [com.teampotato.redirector.Redirector/]: Redirecting slimeknights/tconstruct/tools/modules/ranged/ammo/SmashingModule
[08Jun2026 11:31:18.998] [Render thread/INFO] [com.teampotato.redirector.Redirector/]: Redirecting slimeknights/tconstruct/tools/modules/armor/KineticModule
[08Jun2026 11:31:19.004] [Render thread/INFO] [com.teampotato.redirector.Redirector/]: Redirecting slimeknights/tconstruct/tools/modules/armor/MinimapModule
[08Jun2026 11:31:19.007] [Render thread/INFO] [com.teampotato.redirector.Redirector/]: Redirecting slimeknights/tconstruct/tools/modules/armor/SleevesModule
[08Jun2026 11:31:19.021] [Render thread/INFO] [com.teampotato.redirector.Redirector/]: Redirecting slimeknights/tconstruct/tools/modules/ranged/RestrictAngleModule
[08Jun2026 11:31:19.024] [Render thread/INFO] [com.teampotato.redirector.Redirector/]: Redirecting slimeknights/tconstruct/tools/modules/ranged/TrickQuiverModule
[08Jun2026 11:31:19.038] [Render thread/INFO] [com.teampotato.redirector.Redirector/]: Redirecting slimeknights/tconstruct/tools/modules/TheOneProbeModule
[08Jun2026 11:31:19.058] [Render thread/INFO] [com.teampotato.redirector.Redirector/]: Redirecting slimeknights/tconstruct/library/json/variable/tool/ModDataSource
[08Jun2026 11:31:19.061] [Render thread/INFO] [com.teampotato.redirector.Redirector/]: Redirecting slimeknights/tconstruct/library/json/predicate/tool/HasModifierPredicate$ModifierCheck
[08Jun2026 11:31:19.065] [Render thread/INFO] [com.teampotato.redirector.Redirector/]: Redirecting slimeknights/tconstruct/library/json/variable/melee/EntityMeleeVariable$WhichEntity
[08Jun2026 11:31:19.073] [Render thread/INFO] [com.teampotato.redirector.Redirector/]: Redirecting slimeknights/tconstruct/library/json/variable/protection/EntityProtectionVariable$WhichEntity
[08Jun2026 11:31:19.078] [Render thread/INFO] [com.teampotato.redirector.Redirector/]: Redirecting slimeknights/tconstruct/library/recipe/ingredient/ToolHookIngredient$Serializer
[08Jun2026 11:31:19.127] [Render thread/INFO] [com.teampotato.redirector.Redirector/]: Redirecting slimeknights/tconstruct/library/tools/definition/module/interaction/AttackInteraction
[08Jun2026 11:31:19.127] [Render thread/INFO] [com.teampotato.redirector.Redirector/]: Redirecting slimeknights/tconstruct/library/tools/definition/module/interaction/DualOptionInteraction
[08Jun2026 11:31:19.133] [Render thread/INFO] [com.teampotato.redirector.Redirector/]: Redirecting slimeknights/tconstruct/library/tools/definition/module/display/MaterialToolNameModule
[08Jun2026 11:31:19.168] [Render thread/INFO] [com.teampotato.redirector.Redirector/]: Redirecting slimeknights/tconstruct/library/json/field/MergingField$MissingMode
[08Jun2026 11:31:19.287] [Render thread/INFO] [com.teampotato.redirector.Redirector/]: Redirecting slimeknights/tconstruct/library/recipe/casting/material/ToolCastingRecipe$CastPurpose
[08Jun2026 11:31:19.294] [Render thread/INFO] [com.teampotato.redirector.Redirector/]: Redirecting slimeknights/mantle/recipe/helper/FluidOutput$Loadable
[08Jun2026 11:31:19.348] [Render thread/INFO] [uk.co.hexeption.aeinfinitybooster.AEInfinityBooster/]: Creating Creative Mode Tab
[08Jun2026 11:31:19.382] [Render thread/INFO] [com.teampotato.redirector.Redirector/]: Redirecting slimeknights/mantle/recipe/ingredient/ItemIngredient$ItemsField
[08Jun2026 11:31:19.405] [Render thread/INFO] [com.teampotato.redirector.Redirector/]: Redirecting slimeknights/mantle/data/predicate/damage/SourceAttackerPredicate$WhichEntity
[08Jun2026 11:31:19.426] [Render thread/INFO] [uk.co.hexeption.aeinfinitybooster.AEInfinityBooster/]: Creating Creative Mode Tab
[08Jun2026 11:31:19.438] [Render thread/INFO] [uk.co.hexeption.aeinfinitybooster.AEInfinityBooster/]: Creating Creative Mode Tab
[08Jun2026 11:31:19.448] [Render thread/INFO] [uk.co.hexeption.aeinfinitybooster.AEInfinityBooster/]: Creating Creative Mode Tab
[08Jun2026 11:31:19.453] [Render thread/INFO] [uk.co.hexeption.aeinfinitybooster.AEInfinityBooster/]: Creating Creative Mode Tab
[08Jun2026 11:31:19.460] [Render thread/INFO] [uk.co.hexeption.aeinfinitybooster.AEInfinityBooster/]: Creating Creative Mode Tab
[08Jun2026 11:31:19.466] [Render thread/INFO] [uk.co.hexeption.aeinfinitybooster.AEInfinityBooster/]: Creating Creative Mode Tab
[08Jun2026 11:31:19.476] [Render thread/INFO] [uk.co.hexeption.aeinfinitybooster.AEInfinityBooster/]: Creating Creative Mode Tab
[08Jun2026 11:31:19.487] [Render thread/INFO] [uk.co.hexeption.aeinfinitybooster.AEInfinityBooster/]: Creating Creative Mode Tab
[08Jun2026 11:31:19.502] [Render thread/INFO] [uk.co.hexeption.aeinfinitybooster.AEInfinityBooster/]: Creating Creative Mode Tab
[08Jun2026 11:31:19.517] [Render thread/INFO] [uk.co.hexeption.aeinfinitybooster.AEInfinityBooster/]: Creating Creative Mode Tab
[08Jun2026 11:31:19.527] [Render thread/INFO] [uk.co.hexeption.aeinfinitybooster.AEInfinityBooster/]: Creating Creative Mode Tab
[08Jun2026 11:31:19.534] [Render thread/INFO] [uk.co.hexeption.aeinfinitybooster.AEInfinityBooster/]: Creating Creative Mode Tab
[08Jun2026 11:31:19.540] [Render thread/INFO] [uk.co.hexeption.aeinfinitybooster.AEInfinityBooster/]: Creating Creative Mode Tab
[08Jun2026 11:31:19.546] [Render thread/INFO] [uk.co.hexeption.aeinfinitybooster.AEInfinityBooster/]: Creating Creative Mode Tab
[08Jun2026 11:31:19.552] [Render thread/INFO] [uk.co.hexeption.aeinfinitybooster.AEInfinityBooster/]: Creating Creative Mode Tab
[08Jun2026 11:31:19.558] [Render thread/INFO] [uk.co.hexeption.aeinfinitybooster.AEInfinityBooster/]: Creating Creative Mode Tab
[08Jun2026 11:31:19.564] [Render thread/INFO] [uk.co.hexeption.aeinfinitybooster.AEInfinityBooster/]: Creating Creative Mode Tab
[08Jun2026 11:31:19.570] [Render thread/INFO] [uk.co.hexeption.aeinfinitybooster.AEInfinityBooster/]: Creating Creative Mode Tab
[08Jun2026 11:31:19.640] [Render thread/INFO] [uk.co.hexeption.aeinfinitybooster.AEInfinityBooster/]: Creating Creative Mode Tab
[08Jun2026 11:31:19.658] [Render thread/INFO] [uk.co.hexeption.aeinfinitybooster.AEInfinityBooster/]: Creating Creative Mode Tab
[08Jun2026 11:31:19.663] [Render thread/INFO] [uk.co.hexeption.aeinfinitybooster.AEInfinityBooster/]: Creating Creative Mode Tab
[08Jun2026 11:31:19.672] [Render thread/INFO] [uk.co.hexeption.aeinfinitybooster.AEInfinityBooster/]: Creating Creative Mode Tab
[08Jun2026 11:31:19.681] [Render thread/INFO] [uk.co.hexeption.aeinfinitybooster.AEInfinityBooster/]: Creating Creative Mode Tab
[08Jun2026 11:31:19.688] [Render thread/INFO] [uk.co.hexeption.aeinfinitybooster.AEInfinityBooster/]: Creating Creative Mode Tab
[08Jun2026 11:31:19.694] [Render thread/INFO] [uk.co.hexeption.aeinfinitybooster.AEInfinityBooster/]: Creating Creative Mode Tab
[08Jun2026 11:31:19.700] [Render thread/INFO] [uk.co.hexeption.aeinfinitybooster.AEInfinityBooster/]: Creating Creative Mode Tab
[08Jun2026 11:31:19.706] [Render thread/INFO] [uk.co.hexeption.aeinfinitybooster.AEInfinityBooster/]: Creating Creative Mode Tab
[08Jun2026 11:31:19.715] [Render thread/INFO] [uk.co.hexeption.aeinfinitybooster.AEInfinityBooster/]: Creating Creative Mode Tab
[08Jun2026 11:31:19.723] [Render thread/INFO] [uk.co.hexeption.aeinfinitybooster.AEInfinityBooster/]: Creating Creative Mode Tab
[08Jun2026 11:31:19.728] [Render thread/INFO] [uk.co.hexeption.aeinfinitybooster.AEInfinityBooster/]: Creating Creative Mode Tab
[08Jun2026 11:31:19.734] [Render thread/INFO] [uk.co.hexeption.aeinfinitybooster.AEInfinityBooster/]: Creating Creative Mode Tab
[08Jun2026 11:31:19.741] [Render thread/INFO] [uk.co.hexeption.aeinfinitybooster.AEInfinityBooster/]: Creating Creative Mode Tab
[08Jun2026 11:31:19.745] [Render thread/INFO] [uk.co.hexeption.aeinfinitybooster.AEInfinityBooster/]: Creating Creative Mode Tab
[08Jun2026 11:31:19.752] [Render thread/INFO] [uk.co.hexeption.aeinfinitybooster.AEInfinityBooster/]: Creating Creative Mode Tab
[08Jun2026 11:31:19.757] [Render thread/INFO] [uk.co.hexeption.aeinfinitybooster.AEInfinityBooster/]: Creating Creative Mode Tab
[08Jun2026 11:31:19.762] [Render thread/INFO] [uk.co.hexeption.aeinfinitybooster.AEInfinityBooster/]: Creating Creative Mode Tab
[08Jun2026 11:31:19.768] [Render thread/INFO] [uk.co.hexeption.aeinfinitybooster.AEInfinityBooster/]: Creating Creative Mode Tab
[08Jun2026 11:31:19.774] [Render thread/INFO] [uk.co.hexeption.aeinfinitybooster.AEInfinityBooster/]: Creating Creative Mode Tab
[08Jun2026 11:31:19.778] [Render thread/INFO] [uk.co.hexeption.aeinfinitybooster.AEInfinityBooster/]: Creating Creative Mode Tab
[08Jun2026 11:31:19.784] [Render thread/INFO] [uk.co.hexeption.aeinfinitybooster.AEInfinityBooster/]: Creating Creative Mode Tab
[08Jun2026 11:31:19.790] [Render thread/INFO] [uk.co.hexeption.aeinfinitybooster.AEInfinityBooster/]: Creating Creative Mode Tab
[08Jun2026 11:31:19.799] [Render thread/INFO] [com.teampotato.redirector.Redirector/]: Redirecting com/railwayteam/railways/registry/CRCreativeModeTabs$Tabs
[08Jun2026 11:31:19.810] [Render thread/INFO] [uk.co.hexeption.aeinfinitybooster.AEInfinityBooster/]: Creating Creative Mode Tab
[08Jun2026 11:31:19.830] [Render thread/INFO] [uk.co.hexeption.aeinfinitybooster.AEInfinityBooster/]: Creating Creative Mode Tab
[08Jun2026 11:31:19.839] [Render thread/INFO] [uk.co.hexeption.aeinfinitybooster.AEInfinityBooster/]: Creating Creative Mode Tab
[08Jun2026 11:31:19.844] [Render thread/INFO] [uk.co.hexeption.aeinfinitybooster.AEInfinityBooster/]: Creating Creative Mode Tab
[08Jun2026 11:31:19.849] [Render thread/INFO] [Railways/MultiRegistryCallback/]: Running callback for create:track_signal and railways:track_signal_source
[08Jun2026 11:31:19.849] [Render thread/INFO] [Railways/MultiRegistryCallback/]: Running finalizers
[08Jun2026 11:31:19.850] [Render thread/INFO] [uk.co.hexeption.aeinfinitybooster.AEInfinityBooster/]: Creating Creative Mode Tab
[08Jun2026 11:31:19.857] [Render thread/INFO] [uk.co.hexeption.aeinfinitybooster.AEInfinityBooster/]: Creating Creative Mode Tab
[08Jun2026 11:31:19.863] [Render thread/INFO] [uk.co.hexeption.aeinfinitybooster.AEInfinityBooster/]: Creating Creative Mode Tab
[08Jun2026 11:31:19.871] [Render thread/INFO] [uk.co.hexeption.aeinfinitybooster.AEInfinityBooster/]: Creating Creative Mode Tab
[08Jun2026 11:31:19.881] [Render thread/INFO] [uk.co.hexeption.aeinfinitybooster.AEInfinityBooster/]: Creating Creative Mode Tab
[08Jun2026 11:31:19.889] [Render thread/INFO] [uk.co.hexeption.aeinfinitybooster.AEInfinityBooster/]: Creating Creative Mode Tab
[08Jun2026 11:31:19.908] [Render thread/INFO] [uk.co.hexeption.aeinfinitybooster.AEInfinityBooster/]: Creating Creative Mode Tab
[08Jun2026 11:31:19.914] [Render thread/INFO] [uk.co.hexeption.aeinfinitybooster.AEInfinityBooster/]: Creating Creative Mode Tab
[08Jun2026 11:31:19.918] [Render thread/INFO] [uk.co.hexeption.aeinfinitybooster.AEInfinityBooster/]: Creating Creative Mode Tab
[08Jun2026 11:31:19.928] [Render thread/INFO] [uk.co.hexeption.aeinfinitybooster.AEInfinityBooster/]: Creating Creative Mode Tab
[08Jun2026 11:31:19.942] [Render thread/INFO] [uk.co.hexeption.aeinfinitybooster.AEInfinityBooster/]: Creating Creative Mode Tab
[08Jun2026 11:31:19.951] [Render thread/INFO] [uk.co.hexeption.aeinfinitybooster.AEInfinityBooster/]: Creating Creative Mode Tab
[08Jun2026 11:31:19.969] [Render thread/INFO] [uk.co.hexeption.aeinfinitybooster.AEInfinityBooster/]: Creating Creative Mode Tab
[08Jun2026 11:31:19.997] [Render thread/INFO] [uk.co.hexeption.aeinfinitybooster.AEInfinityBooster/]: Creating Creative Mode Tab
[08Jun2026 11:31:20.016] [Render thread/INFO] [uk.co.hexeption.aeinfinitybooster.AEInfinityBooster/]: Creating Creative Mode Tab
[08Jun2026 11:31:20.028] [Render thread/INFO] [uk.co.hexeption.aeinfinitybooster.AEInfinityBooster/]: Creating Creative Mode Tab
[08Jun2026 11:31:20.036] [Render thread/INFO] [uk.co.hexeption.aeinfinitybooster.AEInfinityBooster/]: Creating Creative Mode Tab
[08Jun2026 11:31:20.046] [Render thread/INFO] [uk.co.hexeption.aeinfinitybooster.AEInfinityBooster/]: Creating Creative Mode Tab
[08Jun2026 11:31:20.054] [Render thread/INFO] [uk.co.hexeption.aeinfinitybooster.AEInfinityBooster/]: Creating Creative Mode Tab
[08Jun2026 11:31:20.059] [Render thread/INFO] [uk.co.hexeption.aeinfinitybooster.AEInfinityBooster/]: Creating Creative Mode Tab
[08Jun2026 11:31:20.066] [Render thread/INFO] [uk.co.hexeption.aeinfinitybooster.AEInfinityBooster/]: Creating Creative Mode Tab
[08Jun2026 11:31:20.074] [Render thread/INFO] [uk.co.hexeption.aeinfinitybooster.AEInfinityBooster/]: Creating Creative Mode Tab
[08Jun2026 11:31:20.080] [Render thread/INFO] [uk.co.hexeption.aeinfinitybooster.AEInfinityBooster/]: Creating Creative Mode Tab
[08Jun2026 11:31:20.095] [Render thread/INFO] [com.teampotato.redirector.Redirector/]: Redirecting net/minecraft/world/Difficulty
[08Jun2026 11:31:20.137] [Render thread/INFO] [com.teampotato.redirector.Redirector/]: Redirecting net/minecraftforge/event/entity/SpawnPlacementRegisterEvent$Operation
[08Jun2026 11:31:20.292] [Render thread/INFO] [net.minecraft.server.packs.repository.FolderRepositorySource/]: Found non-pack entry 'E:\PrismLauncher\instances\Create-Infinity Mechanism\minecraft\resourcepacks\.index', ignoring
[08Jun2026 11:31:20.373] [Render thread/INFO] [Open Loader/]: Preparing Resource Pack injection.
[08Jun2026 11:31:20.375] [Render thread/INFO] [Open Loader/]: Loaded folder Resource Pack from E:\PrismLauncher\instances\Create-Infinity Mechanism\minecraft\config\openloader\resources\CIM Addons.
[08Jun2026 11:31:20.375] [Render thread/INFO] [Open Loader/]: Successfully injected 1/1 packs from E:\PrismLauncher\instances\Create-Infinity Mechanism\minecraft\config\openloader\resources.
[08Jun2026 11:31:20.451] [Render thread/INFO] [com.teampotato.redirector.Redirector/]: Redirecting net/minecraft/client/resources/sounds/Sound$Type
[08Jun2026 11:31:20.504] [Render thread/INFO] [com.teampotato.redirector.Redirector/]: Redirecting net/minecraft/client/sounds/SoundEngine$DeviceCheckState
[08Jun2026 11:31:20.539] [Render thread/INFO] [com.teampotato.redirector.Redirector/]: Redirecting net/minecraft/client/gui/font/glyphs/SpecialGlyphs
[08Jun2026 11:31:20.543] [Render thread/INFO] [com.teampotato.redirector.Redirector/]: Redirecting net/minecraftforge/client/ForgeRenderTypes
[08Jun2026 11:31:20.601] [Render thread/INFO] [Embeddium/]: Block minecraft:water_cauldron had its color provider replaced and will not use per-vertex coloring
[08Jun2026 11:31:20.604] [Render thread/INFO] [mod.chiselsandbits.client.reloading.ClientResourceReloadingManager/]: Setting up client reloading resource manager.
[08Jun2026 11:31:20.642] [Render thread/INFO] [com.teampotato.redirector.Redirector/]: Redirecting me/ramidzkh/mekae2/AMItems$Tier
[08Jun2026 11:31:20.790] [Finalizer/WARN] [ModernFix/]: One or more BufferBuilders have been leaked, ModernFix will attempt to correct this.
[08Jun2026 11:31:20.807] [Render thread/INFO] [com.teampotato.redirector.Redirector/]: Redirecting net/minecraft/client/renderer/block/model/BlockModel$GuiLight
[08Jun2026 11:31:20.877] [Render thread/INFO] [Oculus/]: Hardware information:
[08Jun2026 11:31:20.880] [Render thread/INFO] [Oculus/]: CPU: 12x Genuine Intel(R) CPU 0000 @ 2.00GHz
[08Jun2026 11:31:20.880] [Render thread/INFO] [Oculus/]: GPU: Intel(R) UHD Graphics 630 (Supports OpenGL 4.6.0 - Build 27.20.100.9365)
[08Jun2026 11:31:20.880] [Render thread/INFO] [Oculus/]: OS: Windows 11 (10.0)
[08Jun2026 11:31:20.896] [Render thread/INFO] [com.teampotato.redirector.Redirector/]: Redirecting net/irisshaders/iris/pipeline/WorldRenderingPhase
[08Jun2026 11:31:20.925] [Render thread/INFO] [com.teampotato.redirector.Redirector/]: Redirecting com/mojang/blaze3d/vertex/VertexBuffer$Usage
[08Jun2026 11:31:20.931] [Render thread/WARN] [Embeddium-MixinTaintDetector/]: Mod(s) [oculus] are modifying Embeddium class me.jellysquid.mods.sodium.client.render.vertex.VertexFormatDescriptionImpl, which may cause instability.
[08Jun2026 11:31:20.941] [Render thread/INFO] [com.teampotato.redirector.Redirector/]: Redirecting net/caffeinemc/mods/sodium/api/vertex/attributes/CommonVertexAttribute
[08Jun2026 11:31:20.946] [Render thread/WARN] [Embeddium-MixinTaintDetector/]: Mod(s) [oculus] are modifying Embeddium class me.jellysquid.mods.sodium.client.render.vertex.buffer.SodiumBufferBuilder, which may cause instability.
[08Jun2026 11:31:20.977] [Render thread/INFO] [com.teampotato.redirector.Redirector/]: Redirecting dev/engine_room/flywheel/backend/gl/buffer/GlBufferType
[08Jun2026 11:31:20.985] [Render thread/WARN] [Embeddium-MixinTaintDetector/]: Mod(s) [oculus] are modifying Embeddium class me.jellysquid.mods.sodium.client.render.SodiumWorldRenderer, which may cause instability.
[08Jun2026 11:31:21.021] [Render thread/INFO] [com.teampotato.redirector.Redirector/]: Redirecting net/irisshaders/iris/fantastic/ParticleRenderingPhase
[08Jun2026 11:31:21.342] [Render thread/INFO] [com.teampotato.redirector.Redirector/]: Redirecting com/mojang/realmsclient/client/RealmsClient$Environment
[08Jun2026 11:31:21.372] [Render thread/INFO] [com.teampotato.redirector.Redirector/]: Redirecting slimeknights/tconstruct/library/client/armor/texture/ArmorTextureSupplier$TextureType
[08Jun2026 11:31:21.383] [Render thread/INFO] [com.teampotato.redirector.Redirector/]: Redirecting slimeknights/mantle/data/loadable/common/Vector3fLoadable
[08Jun2026 11:31:21.441] [Render thread/INFO] [com.teampotato.redirector.Redirector/]: Redirecting slimeknights/mantle/data/loadable/common/DisplayContextLoadable
[08Jun2026 11:31:21.608] [Render thread/INFO] [com.teampotato.redirector.Redirector/]: Redirecting net/minecraft/world/entity/animal/horse/Variant
[08Jun2026 11:31:21.635] [Render thread/INFO] [com.teampotato.redirector.Redirector/]: Redirecting net/minecraft/world/entity/animal/Panda$Gene
[08Jun2026 11:31:21.944] [Render thread/INFO] [com.teampotato.redirector.Redirector/]: Redirecting net/createmod/ponder/enums/PonderKeybinds
[08Jun2026 11:31:21.960] [Render thread/INFO] [com.teampotato.redirector.Redirector/]: Redirecting net/minecraft/client/RecipeBookCategories
[08Jun2026 11:31:21.969] [Render thread/INFO] [com.teampotato.redirector.Redirector/]: Redirecting net/minecraftforge/client/gui/overlay/VanillaGuiOverlay
[08Jun2026 11:31:21.973] [Render thread/INFO] [com.teampotato.redirector.Redirector/]: Redirecting glitchcore/event/client/RenderGuiEvent$Type
[08Jun2026 11:31:21.978] [Render thread/INFO] [com.teampotato.redirector.Redirector/]: Redirecting net/minecraftforge/client/event/RegisterGuiOverlaysEvent$Ordering
[08Jun2026 11:31:22.012] [Render thread/INFO] [com.teampotato.redirector.Redirector/]: Redirecting com/simibubi/create/content/redstone/link/controller/LinkedControllerClientHandler$Mode
[08Jun2026 11:31:22.035] [Render thread/INFO] [com.teampotato.redirector.Redirector/]: Redirecting net/minecraft/client/renderer/DimensionSpecialEffects$SkyType
[08Jun2026 11:31:22.098] [Render thread/INFO] [net.minecraft.client.Minecraft/]: [FANCYMENU] Registering resource reload listener..
[08Jun2026 11:31:22.122] [Render thread/INFO] [com.teampotato.redirector.Redirector/]: Redirecting com/mojang/blaze3d/shaders/Program$Type
[08Jun2026 11:31:22.282] [Render thread/INFO] [com.teampotato.redirector.Redirector/]: Redirecting net/minecraft/util/ModCheck$Confidence
[08Jun2026 11:31:22.322] [Render thread/INFO] [de.keksuccino.fancymenu.customization.ScreenCustomization/]: [FANCYMENU] Initializing screen customization engine! Addons should NOT REGISTER TO REGISTRIES anymore now!
[08Jun2026 11:31:22.338] [Render thread/INFO] [com.teampotato.redirector.Redirector/]: Redirecting de/keksuccino/fancymenu/util/MinecraftResourceReloadObserver$ReloadAction
[08Jun2026 11:31:22.847] [Render thread/INFO] [com.teampotato.redirector.Redirector/]: Redirecting de/keksuccino/fancymenu/customization/layout/editor/AnchorPointOverlay$AnchorPointArea$ProgressDirection
[08Jun2026 11:31:22.941] [Render thread/INFO] [com.teampotato.redirector.Redirector/]: Redirecting net/minecraft/client/ResourceLoadStateTracker$ReloadReason
[08Jun2026 11:31:22.942] [Render thread/INFO] [de.keksuccino.fancymenu.customization.layer.ScreenCustomizationLayerHandler/]: [FANCYMENU] Minecraft resource reload: STARTING
[08Jun2026 11:31:22.945] [Render thread/INFO] [ModernFix/]: Invalidating pack caches
[08Jun2026 11:31:22.947] [Render thread/INFO] [net.minecraft.server.packs.resources.ReloadableResourceManager/]: Reloading ResourceManager: mod_resources, vanilla, Moonlight Mods Dynamic Assets, file/OreUI For Everyone 1.0.zip, xkdeco_mimic_wall, file/Cu Again.zip, file/New AE2.zip, file/中微子的多用途汉化材质包.zip, resources/CIM Addons
[08Jun2026 11:31:22.991] [Worker-ResourceReload-0/INFO] [Moonlight/]: Starting runtime resource generation for pack type CLIENT_RESOURCES with generators from mods [supplementaries, moonlight, everycomp, everycomp, amendments, supplementaries]: [net.mehvahdjukaar.moonlight.core.MoonlightClient$MLDynamicClientResources@fd67897, net.mehvahdjukaar.every_compat.dynamicpack.ClientDynamicResourcesHandler@292f72c7, net.mehvahdjukaar.amendments.client.ClientResourceGenerator@2cd624ef, net.mehvahdjukaar.supplementaries.dynamicpack.ClientDynamicResourcesGenerator@3b79fb23]
[08Jun2026 11:31:22.992] [Render thread/INFO] [net.minecraft.client.gui.screens.LoadingOverlay/]: [DRIPPY LOADING SCREEN] Initializing fonts for text rendering..
[08Jun2026 11:31:22.992] [Worker-ResourceReload-0/INFO] [Moonlight/]: Generating runtime assets for pack Moonlight Mods Dynamic Assets (moonlight)
[08Jun2026 11:31:22.993] [Render thread/INFO] [com.teampotato.redirector.Redirector/]: Redirecting de/keksuccino/fancymenu/util/threading/MainThreadTaskExecutor$ExecuteTiming
[08Jun2026 11:31:22.993] [Render thread/INFO] [net.minecraft.client.gui.screens.LoadingOverlay/]: [DRIPPY LOADING SCREEN] Calculating animation sizes for FancyMenu..
[08Jun2026 11:31:23.000] [pool-13-thread-1/INFO] [com.teampotato.redirector.Redirector/]: Redirecting net/mehvahdjukaar/moonlight/api/resources/ResType
[08Jun2026 11:31:23.000] [Render thread/INFO] [de.keksuccino.fancymenu.customization.layer.ScreenCustomizationLayerHandler/]: [FANCYMENU] ScreenCustomizationLayer registered: drippy_loading_overlay
[08Jun2026 11:31:23.002] [Render thread/INFO] [com.teampotato.redirector.Redirector/]: Redirecting de/keksuccino/fancymenu/events/screen/InitOrResizeScreenEvent$InitializationPhase
[08Jun2026 11:31:23.003] [Worker-ResourceReload-0/INFO] [Moonlight/]: Generated runtime CLIENT_RESOURCES for pack Moonlight Mods Dynamic Assets (moonlight) in: 10 ms (multithreaded)
[08Jun2026 11:31:23.003] [Worker-ResourceReload-0/INFO] [Moonlight/]: Generating runtime assets for pack Moonlight Mods Dynamic Assets (everycomp)
[08Jun2026 11:31:23.015] [Worker-ResourceReload-0/INFO] [Every Compat/]: Starting dynamic resources generation tasks: 19 in batches of 12
[08Jun2026 11:31:23.030] [Render thread/INFO] [com.teampotato.redirector.Redirector/]: Redirecting de/keksuccino/fancymenu/util/rendering/ui/widget/CustomizableWidget$CustomBackgroundResetBehavior
[08Jun2026 11:31:23.049] [Render thread/INFO] [com.teampotato.redirector.Redirector/]: Redirecting de/keksuccino/fancymenu/customization/element/AbstractElement$AppearanceDelay
[08Jun2026 11:31:23.050] [Render thread/INFO] [com.teampotato.redirector.Redirector/]: Redirecting de/keksuccino/fancymenu/customization/element/AbstractElement$Fading
[08Jun2026 11:31:23.062] [Render thread/INFO] [com.teampotato.redirector.Redirector/]: Redirecting de/keksuccino/fancymenu/customization/element/elements/text/v2/TextElement$SourceMode
[08Jun2026 11:31:23.070] [Render thread/INFO] [com.teampotato.redirector.Redirector/]: Redirecting de/keksuccino/fancymenu/util/rendering/text/markdown/MarkdownRenderer$TextCase
[08Jun2026 11:31:23.075] [Render thread/INFO] [com.teampotato.redirector.Redirector/]: Redirecting de/keksuccino/fancymenu/util/rendering/ui/scroll/v2/scrollbar/ScrollBar$ScrollBarDirection
[08Jun2026 11:31:23.083] [Render thread/INFO] [com.teampotato.redirector.Redirector/]: Redirecting de/keksuccino/fancymenu/util/rendering/text/markdown/MarkdownRenderer$MarkdownLineAlignment
[08Jun2026 11:31:23.083] [Render thread/INFO] [com.teampotato.redirector.Redirector/]: Redirecting de/keksuccino/fancymenu/util/rendering/text/markdown/MarkdownTextFragment$HeadlineType
[08Jun2026 11:31:23.113] [Render thread/INFO] [com.teampotato.redirector.Redirector/]: Redirecting org/redlance/dima_dencep/mods/rrls/config/HideType
[08Jun2026 11:31:23.114] [Render thread/INFO] [com.teampotato.redirector.Redirector/]: Redirecting org/redlance/dima_dencep/mods/rrls/config/Type
[08Jun2026 11:31:23.114] [Render thread/INFO] [com.teampotato.redirector.Redirector/]: Redirecting org/redlance/dima_dencep/mods/rrls/config/DoubleLoad
[08Jun2026 11:31:23.118] [Render thread/WARN] [rrls/]: Config is not loaded?
[08Jun2026 11:31:23.121] [Render thread/INFO] [de.keksuccino.fancymenu.FancyMenu/]: [FANCYMENU] Starting late client initialization phase..
[08Jun2026 11:31:23.207] [Render thread/INFO] [de.keksuccino.fancymenu.util.window.WindowHandler/]: [FANCYMENU] Custom window icon successfully updated!
[08Jun2026 11:31:23.225] [Render thread/INFO] [com.teampotato.redirector.Redirector/]: Redirecting glitchcore/event/TickEvent$Phase
[08Jun2026 11:31:23.232] [Render thread/INFO] [de.keksuccino.fancymenu.util.window.WindowHandler/]: [FANCYMENU] Custom window icon successfully updated!
[08Jun2026 11:31:24.279] [Worker-ResourceReload-0/INFO] [Every Compat/]: Generated runtime CLIENT_RESOURCES for pack Moonlight Mods Dynamic Assets (everycomp) in: 1275 ms (multithreaded)
[08Jun2026 11:31:24.279] [Worker-ResourceReload-0/INFO] [Moonlight/]: Generating runtime assets for pack Moonlight Mods Dynamic Assets (amendments)
[08Jun2026 11:31:24.358] [Worker-ResourceReload-0/INFO] [Amendments/]: Generated runtime CLIENT_RESOURCES for pack Moonlight Mods Dynamic Assets (amendments) in: 79 ms (multithreaded)
[08Jun2026 11:31:24.360] [Worker-ResourceReload-0/INFO] [Moonlight/]: Generating runtime assets for pack Moonlight Mods Dynamic Assets (supplementaries)
[08Jun2026 11:31:24.365] [pool-13-thread-4/INFO] [com.teampotato.redirector.Redirector/]: Redirecting net/mehvahdjukaar/supplementaries/client/GlobeManager$Type
[08Jun2026 11:31:24.370] [pool-13-thread-4/INFO] [com.teampotato.redirector.Redirector/]: Redirecting net/mehvahdjukaar/supplementaries/client/GlobeManager$Model
[08Jun2026 11:31:24.557] [Worker-Main-1/INFO] [com.teampotato.redirector.Redirector/]: Redirecting net/minecraft/client/gui/font/providers/GlyphProviderType
[08Jun2026 11:31:24.601] [Worker-Main-10/INFO] [net.minecraft.client.gui.font.providers.UnihexProvider/]: Found unifont_all_no_pua-15.0.06.hex, loading
[08Jun2026 11:31:24.740] [Worker-ResourceReload-0/INFO] [Supplementaries/]: Generated runtime CLIENT_RESOURCES for pack Moonlight Mods Dynamic Assets (supplementaries) in: 380 ms (multithreaded)
[08Jun2026 11:31:24.741] [Worker-ResourceReload-0/INFO] [Moonlight/]: Finished runtime resources generation for 6 packs in a total of 1748 ms
[08Jun2026 11:31:25.213] [Render thread/INFO] [de.keksuccino.fancymenu.customization.layer.ScreenCustomizationLayerHandler/]: [FANCYMENU] ScreenCustomizationLayer registered: pause_screen
[08Jun2026 11:31:25.237] [Render thread/INFO] [com.teampotato.redirector.Redirector/]: Redirecting com/mojang/blaze3d/platform/GlStateManager$SourceFactor
[08Jun2026 11:31:25.238] [Render thread/INFO] [com.teampotato.redirector.Redirector/]: Redirecting com/mojang/blaze3d/platform/GlStateManager$DestFactor
[08Jun2026 11:31:25.253] [Render thread/INFO] [com.teampotato.redirector.Redirector/]: Redirecting de/keksuccino/fancymenu/util/resource/ResourceSourceType
[08Jun2026 11:31:25.272] [Render thread/INFO] [com.teampotato.redirector.Redirector/]: Redirecting net/irisshaders/iris/gl/texture/TextureType
[08Jun2026 11:31:25.283] [Render thread/INFO] [com.teampotato.redirector.Redirector/]: Redirecting net/minecraft/client/gui/Font$DisplayMode
[08Jun2026 11:31:25.318] [Render thread/INFO] [com.teampotato.redirector.Redirector/]: Redirecting dev/emi/emi/config/HelpLevel
[08Jun2026 11:31:25.319] [Render thread/INFO] [com.teampotato.redirector.Redirector/]: Redirecting dev/emi/emi/config/IndexSource
[08Jun2026 11:31:25.320] [Render thread/INFO] [com.teampotato.redirector.Redirector/]: Redirecting dev/emi/emi/config/SidebarSide
[08Jun2026 11:31:25.320] [Render thread/INFO] [com.teampotato.redirector.Redirector/]: Redirecting dev/emi/emi/config/RecipeBookAction
[08Jun2026 11:31:25.321] [Render thread/INFO] [com.teampotato.redirector.Redirector/]: Redirecting dev/emi/emi/config/EffectLocation
[08Jun2026 11:31:25.322] [Render thread/INFO] [com.teampotato.redirector.Redirector/]: Redirecting dev/emi/emi/config/FluidUnit
[08Jun2026 11:31:25.326] [Render thread/INFO] [com.teampotato.redirector.Redirector/]: Redirecting dev/emi/emi/config/SidebarType
[08Jun2026 11:31:25.327] [Render thread/INFO] [com.teampotato.redirector.Redirector/]: Redirecting dev/emi/emi/config/ButtonVisibility
[08Jun2026 11:31:25.334] [Render thread/INFO] [com.teampotato.redirector.Redirector/]: Redirecting dev/emi/emi/config/HeaderType
[08Jun2026 11:31:25.334] [Render thread/INFO] [com.teampotato.redirector.Redirector/]: Redirecting dev/emi/emi/config/SidebarTheme
[08Jun2026 11:31:25.344] [Render thread/INFO] [com.teampotato.redirector.Redirector/]: Redirecting dev/emi/emi/config/ScreenAlign$Horizontal
[08Jun2026 11:31:25.345] [Render thread/INFO] [com.teampotato.redirector.Redirector/]: Redirecting dev/emi/emi/config/ScreenAlign$Vertical
[08Jun2026 11:31:25.626] [Worker-ResourceReload-6/INFO] [thetadev.constructionwand.ConstructionWand/]: ConstructionWand says hello - may the odds be ever in your favor.
[08Jun2026 11:31:25.632] [Worker-ResourceReload-8/INFO] [com.teampotato.redirector.Redirector/]: Redirecting dev/ftb/mods/ftblibrary/integration/stages/StageHelper
[08Jun2026 11:31:25.637] [Worker-ResourceReload-8/INFO] [FTB XMod Compat/]: Chose [Entity Tags] as the active game stages implementation
[08Jun2026 11:31:25.650] [Worker-ResourceReload-8/INFO] [com.teampotato.redirector.Redirector/]: Redirecting dev/ftb/mods/ftblibrary/integration/permissions/PermissionHelper
[08Jun2026 11:31:25.655] [Worker-ResourceReload-8/INFO] [FTB XMod Compat/]: Chose [FALLBACK] as the active permissions implementation
[08Jun2026 11:31:25.664] [Worker-ResourceReload-8/INFO] [FTB XMod Compat/]: [FTB Quests] recipe helper provider is [JEI]
[08Jun2026 11:31:25.699] [Worker-ResourceReload-8/INFO] [com.teampotato.redirector.Redirector/]: Redirecting dev/ftb/mods/ftbquests/integration/item_filtering/ItemMatchingSystem
[08Jun2026 11:31:25.704] [Worker-ResourceReload-8/INFO] [FTB XMod Compat/]: [FTB Quests] Enabled Item Filters integration
[08Jun2026 11:31:25.712] [Worker-ResourceReload-6/INFO] [com.teampotato.redirector.Redirector/]: Redirecting net/minecraft/world/level/GameRules$Category
[08Jun2026 11:31:25.728] [Worker-ResourceReload-9/INFO] [com.teampotato.redirector.Redirector/]: Redirecting top/theillusivec4/curios/common/network/server/sync/SPacketSyncStack$HandlerType
[08Jun2026 11:31:25.728] [Worker-ResourceReload-3/INFO] [com.teampotato.redirector.Redirector/]: Redirecting snownee/kiwi/block/def/SimpleBlockDefinition$Factory
[08Jun2026 11:31:25.733] [Worker-ResourceReload-9/INFO] [com.teampotato.redirector.Redirector/]: Redirecting top/theillusivec4/curios/api/type/capability/ICurio$DropRule
[08Jun2026 11:31:25.737] [Worker-ResourceReload-10/INFO] [mekanism.common.Mekanism/]: Version 10.4.12 initializing...
[08Jun2026 11:31:25.743] [Worker-ResourceReload-4/INFO] [com.teampotato.redirector.Redirector/]: Redirecting mezz/jei/common/network/PacketIdServer
[08Jun2026 11:31:25.753] [Worker-ResourceReload-8/INFO] [com.teampotato.redirector.Redirector/]: Redirecting mekanism/generators/common/network/to_server/PacketGeneratorsGuiButtonPress$ClickedGeneratorsTileButton
[08Jun2026 11:31:25.761] [Worker-ResourceReload-8/INFO] [com.teampotato.redirector.Redirector/]: Redirecting mekanism/generators/common/network/to_server/PacketGeneratorsGuiInteract$GeneratorsGuiInteraction
[08Jun2026 11:31:25.765] [Worker-ResourceReload-8/INFO] [mekanism.common.Mekanism/]: Loaded 'Mekanism: Generators' module.
[08Jun2026 11:31:25.766] [Worker-ResourceReload-8/INFO] [mekanism.common.Mekanism/]: Loaded 'Mekanism: Additions' module.
[08Jun2026 11:31:25.769] [Worker-ResourceReload-10/INFO] [com.teampotato.redirector.Redirector/]: Redirecting net/minecraft/network/chat/ClickEvent$Action
[08Jun2026 11:31:25.770] [Worker-ResourceReload-8/INFO] [mekanism.common.Mekanism/]: Loaded 'Mekanism: Tools' module.
[08Jun2026 11:31:25.782] [Worker-ResourceReload-6/INFO] [com.teampotato.redirector.Redirector/]: Redirecting me/duquee/createutilities/networking/CUPackets
[08Jun2026 11:31:25.807] [Worker-ResourceReload-1/INFO] [com.teampotato.redirector.Redirector/]: Redirecting net/minecraft/client/gui/navigation/ScreenDirection
[08Jun2026 11:31:25.816] [Forge Version Check/INFO] [net.minecraftforge.fml.VersionChecker/]: Global Forge version check system disabled, no further processing.
[08Jun2026 11:31:25.817] [Worker-ResourceReload-5/WARN] [net.minecraftforge.common.ForgeConfigSpec/CORE]: Configuration file E:\PrismLauncher\instances\Create-Infinity Mechanism\minecraft\config\storagenetwork.toml is not correct. Correcting
[08Jun2026 11:31:25.820] [Worker-ResourceReload-5/WARN] [net.minecraftforge.common.ForgeConfigSpec/CORE]: Incorrect key storagenetwork.facades.itemsNotAllowed was corrected from [minecraft:ladder, minecraft:double_plant, minecraft:waterlily, minecraft:torch, minecraft:*_torch, minecraft:redstone, minecraft:iron_bars, minecraft:chest, minecraft:ender_chest, minecraft:sculk_vein, minecraft:string, minecraft:vine, minecraft:rail, minecraft:*_rail, minecraft:brewing_stand, minecraft:*_dripleaf, minecraft:*_pane, minecraft:*_sapling, minecraft:*_sign, minecraft:*_door, minecraft:*_banner, minecraft:*_shulker_box, cyclic:*_pipe, cyclic:*_bars, storagenetwork:*] to its default, [minecraft:ladder, minecraft:double_plant, minecraft:waterlily, minecraft:torch, minecraft:*_torch, minecraft:redstone, minecraft:iron_bars, minecraft:chest, minecraft:ender_chest, minecraft:sculk_vein, minecraft:string, minecraft:vine, minecraft:rail, minecraft:*_rail, minecraft:brewing_stand, minecraft:*_dripleaf, minecraft:*_pane, minecraft:*_sapling, minecraft:*_sign, minecraft:*_door, minecraft:*_banner, minecraft:*_shulker_box, cyclic:*_pipe, cyclic:*_bars, storagenetwork:*]. 
[08Jun2026 11:31:25.835] [Worker-ResourceReload-7/INFO] [com.teampotato.redirector.Redirector/]: Redirecting dev/engine_room/flywheel/backend/engine/uniform/DebugMode
[08Jun2026 11:31:25.839] [Worker-ResourceReload-3/INFO] [com.teampotato.redirector.Redirector/]: Redirecting slimeknights/tconstruct/library/tools/layout/LayoutIcon$Type
[08Jun2026 11:31:25.863] [Worker-ResourceReload-7/INFO] [com.jaquadro.minecraft.storagedrawers.ModServices/]: New compacting rule 4 clay_ball = 1 clay
[08Jun2026 11:31:25.864] [Worker-ResourceReload-7/INFO] [com.jaquadro.minecraft.storagedrawers.ModServices/]: New compacting rule 4 snowball = 1 snow_block
[08Jun2026 11:31:25.865] [Worker-ResourceReload-7/INFO] [com.jaquadro.minecraft.storagedrawers.ModServices/]: New compacting rule 4 glowstone_dust = 1 glowstone
[08Jun2026 11:31:25.865] [Worker-ResourceReload-7/INFO] [com.jaquadro.minecraft.storagedrawers.ModServices/]: New compacting rule 4 brick = 1 bricks
[08Jun2026 11:31:25.865] [Worker-ResourceReload-7/INFO] [com.jaquadro.minecraft.storagedrawers.ModServices/]: New compacting rule 4 nether_brick = 1 nether_bricks
[08Jun2026 11:31:25.866] [Worker-ResourceReload-7/INFO] [com.jaquadro.minecraft.storagedrawers.ModServices/]: New compacting rule 9 nether_wart = 1 nether_wart_block
[08Jun2026 11:31:25.866] [Worker-ResourceReload-7/INFO] [com.jaquadro.minecraft.storagedrawers.ModServices/]: New compacting rule 4 quartz = 1 quartz_block
[08Jun2026 11:31:25.866] [Worker-ResourceReload-7/INFO] [com.jaquadro.minecraft.storagedrawers.ModServices/]: New compacting rule 9 melon_slice = 1 melon
[08Jun2026 11:31:25.866] [Worker-ResourceReload-7/INFO] [com.jaquadro.minecraft.storagedrawers.ModServices/]: New compacting rule 9 bamboo = 1 bamboo_block
[08Jun2026 11:31:25.881] [Worker-ResourceReload-7/INFO] [com.jaquadro.minecraft.storagedrawers.ModServices/]: New compacting rule 4 clay_ball = 1 clay
[08Jun2026 11:31:25.889] [Worker-ResourceReload-1/INFO] [com.teampotato.redirector.Redirector/]: Redirecting net/mehvahdjukaar/supplementaries/reg/LootTablesInjects$TableType
[08Jun2026 11:31:25.894] [Worker-ResourceReload-7/INFO] [com.jaquadro.minecraft.storagedrawers.ModServices/]: New denied storage item creative_vending_upgrade
[08Jun2026 11:31:25.917] [Worker-ResourceReload-7/INFO] [com.jaquadro.minecraft.storagedrawers.ModServices/]: Adding ore conversions for types: forge:storage_blocks, forge:ingots, forge:nuggets
[08Jun2026 11:31:25.918] [Worker-ResourceReload-7/INFO] [com.jaquadro.minecraft.storagedrawers.ModServices/]: Adding ore conversions for materials: aluminum, constantan, steel, uranium, invar, tin, lead, silver, platinum, nickel, osmium, bronze, electrum
[08Jun2026 11:31:25.951] [Worker-ResourceReload-10/INFO] [com.teampotato.redirector.Redirector/]: Redirecting mekanism/common/network/to_server/PacketConfigurationUpdate$ConfigurationPacket
[08Jun2026 11:31:25.959] [Worker-ResourceReload-10/INFO] [com.teampotato.redirector.Redirector/]: Redirecting mekanism/common/network/to_server/PacketDropperUse$DropperAction
[08Jun2026 11:31:25.960] [Worker-ResourceReload-10/INFO] [com.teampotato.redirector.Redirector/]: Redirecting mekanism/common/network/to_server/PacketDropperUse$TankType
[08Jun2026 11:31:25.967] [Worker-ResourceReload-10/INFO] [com.teampotato.redirector.Redirector/]: Redirecting mekanism/common/network/to_server/PacketGearStateUpdate$GearType
[08Jun2026 11:31:25.973] [Worker-ResourceReload-10/INFO] [com.teampotato.redirector.Redirector/]: Redirecting mekanism/common/network/to_server/PacketGuiButtonPress$Type
[08Jun2026 11:31:25.974] [Worker-ResourceReload-10/INFO] [com.teampotato.redirector.Redirector/]: Redirecting mekanism/common/network/to_server/PacketGuiButtonPress$ClickedEntityButton
[08Jun2026 11:31:25.976] [Worker-ResourceReload-10/INFO] [com.teampotato.redirector.Redirector/]: Redirecting mekanism/common/network/to_server/PacketGuiButtonPress$ClickedTileButton
[08Jun2026 11:31:25.978] [Worker-ResourceReload-10/INFO] [com.teampotato.redirector.Redirector/]: Redirecting mekanism/common/network/to_server/PacketGuiButtonPress$ClickedItemButton
[08Jun2026 11:31:25.982] [Worker-ResourceReload-10/INFO] [com.teampotato.redirector.Redirector/]: Redirecting mekanism/common/network/to_server/PacketGuiInteract$Type
[08Jun2026 11:31:25.985] [Worker-ResourceReload-10/INFO] [com.teampotato.redirector.Redirector/]: Redirecting mekanism/common/network/to_server/PacketGuiInteract$GuiInteractionEntity
[08Jun2026 11:31:25.986] [Worker-ResourceReload-10/INFO] [com.teampotato.redirector.Redirector/]: Redirecting mekanism/common/network/to_server/PacketGuiInteract$GuiInteraction
[08Jun2026 11:31:25.989] [Worker-ResourceReload-3/INFO] [com.teampotato.redirector.Redirector/]: Redirecting slimeknights/mantle/recipe/helper/TagPreference$FluidComparator
[08Jun2026 11:31:25.993] [Worker-ResourceReload-10/INFO] [com.teampotato.redirector.Redirector/]: Redirecting mekanism/common/network/to_server/PacketGuiInteract$GuiInteractionItem
[08Jun2026 11:31:25.994] [Worker-ResourceReload-3/INFO] [com.teampotato.redirector.Redirector/]: Redirecting slimeknights/mantle/loot/LootTableInjector
[08Jun2026 11:31:25.998] [Worker-ResourceReload-10/INFO] [com.teampotato.redirector.Redirector/]: Redirecting mekanism/common/network/to_server/PacketGuiItemDataRequest$Type
[08Jun2026 11:31:26.002] [Worker-ResourceReload-10/INFO] [com.teampotato.redirector.Redirector/]: Redirecting mekanism/common/network/to_server/PacketGuiSetEnergy$GuiEnergyValue
[08Jun2026 11:31:26.003] [Worker-ResourceReload-4/INFO] [com.teampotato.redirector.Redirector/]: Redirecting com/direwolf20/buildinggadgets2/common/events/ServerBuildList$BuildType
[08Jun2026 11:31:26.008] [Worker-ResourceReload-10/INFO] [com.teampotato.redirector.Redirector/]: Redirecting mekanism/common/network/to_server/PacketGuiSetFrequency$FrequencyUpdate
[08Jun2026 11:31:26.038] [Worker-ResourceReload-10/INFO] [com.teampotato.redirector.Redirector/]: Redirecting mekanism/common/network/to_server/PacketOpenGui$GuiType
[08Jun2026 11:31:26.046] [Worker-ResourceReload-10/INFO] [com.teampotato.redirector.Redirector/]: Redirecting mekanism/common/network/to_server/PacketQIOItemViewerSlotInteract$Type
[08Jun2026 11:31:26.052] [Worker-ResourceReload-10/INFO] [com.teampotato.redirector.Redirector/]: Redirecting mekanism/common/network/to_server/PacketRobit$RobitPacketType
[08Jun2026 11:31:26.056] [Worker-ResourceReload-10/INFO] [com.teampotato.redirector.Redirector/]: Redirecting mekanism/common/network/to_server/PacketUpdateModuleSettings$ModuleDataType
[08Jun2026 11:31:26.060] [Worker-ResourceReload-10/INFO] [com.teampotato.redirector.Redirector/]: Redirecting mekanism/common/network/to_client/PacketLightningRender$LightningPreset
[08Jun2026 11:31:26.064] [Worker-ResourceReload-10/INFO] [com.teampotato.redirector.Redirector/]: Redirecting mekanism/common/network/to_client/PacketQIOItemViewerGuiSync$Type
[08Jun2026 11:31:26.067] [Worker-ResourceReload-10/INFO] [com.teampotato.redirector.Redirector/]: Redirecting mekanism/common/network/to_client/PacketRadiationData$RadiationPacketType
[08Jun2026 11:31:26.073] [Worker-ResourceReload-10/INFO] [com.teampotato.redirector.Redirector/]: Redirecting mekanism/common/network/to_client/PacketTransmitterUpdate$PacketType
[08Jun2026 11:31:26.075] [Worker-ResourceReload-10/INFO] [com.teampotato.redirector.Redirector/]: Redirecting mekanism/common/content/network/transmitter/DiversionTransporter$DiversionControl
[08Jun2026 11:31:26.079] [Worker-ResourceReload-10/INFO] [mekanism.common.Mekanism/]: Fake player readout: UUID = 46e82cd0-d480-3d48-800a-77431ede078e, name = [Mekanism]
[08Jun2026 11:31:26.079] [Worker-ResourceReload-10/INFO] [mekanism.common.Mekanism/]: Mod loaded.
[08Jun2026 11:31:26.337] [Worker-ResourceReload-4/INFO] [net.minecraft.client.gui.font.providers.UnihexProvider/]: Found unifont_all_no_pua-15.0.06.hex, loading
[08Jun2026 11:31:26.352] [Render thread/INFO] [com.teampotato.redirector.Redirector/]: Redirecting team/chisel/ctm/client/model/parsing/ModelLoaderCTM
[08Jun2026 11:31:26.399] [Worker-ResourceReload-0/INFO] [com.teampotato.redirector.Redirector/]: Redirecting team/chisel/ctm/client/util/Dir
[08Jun2026 11:31:26.406] [Worker-ResourceReload-0/INFO] [com.teampotato.redirector.Redirector/]: Redirecting team/chisel/ctm/client/newctm/CTMLogicBakery$Trinary
[08Jun2026 11:31:26.452] [Worker-ResourceReload-2/WARN] [net.minecraft.client.sounds.SoundManager/]: File supplementaries:sounds/item/awning_bounce_1.ogg does not exist, cannot add it to event supplementaries:block.awning.bounce
[08Jun2026 11:31:26.452] [Worker-ResourceReload-2/WARN] [net.minecraft.client.sounds.SoundManager/]: File supplementaries:sounds/item/awning_bounce_2.ogg does not exist, cannot add it to event supplementaries:block.awning.bounce
[08Jun2026 11:31:26.452] [Worker-ResourceReload-2/WARN] [net.minecraft.client.sounds.SoundManager/]: File supplementaries:sounds/item/awning_bounce_3.ogg does not exist, cannot add it to event supplementaries:block.awning.bounce
[08Jun2026 11:31:26.542] [Render thread/INFO] [com.teampotato.redirector.Redirector/]: Redirecting slimeknights/mantle/client/model/FallbackModelLoader
[08Jun2026 11:31:30.290] [Render thread/INFO] [com.teampotato.redirector.Redirector/]: Redirecting net/minecraft/client/resources/sounds/SoundInstance$Attenuation
[08Jun2026 11:31:30.579] [Worker-ResourceReload-5/INFO] [com.teampotato.redirector.Redirector/]: Redirecting net/p3pp3rf1y/sophisticatedbackpacks/client/render/BackpackDynamicModel$ModelPart
[08Jun2026 11:31:31.228] [Worker-ResourceReload-0/INFO] [com.teampotato.redirector.Redirector/]: Redirecting slimeknights/tconstruct/library/client/modifiers/TrimModifierModel
[08Jun2026 11:31:32.768] [Worker-ResourceReload-5/INFO] [com.teampotato.redirector.Redirector/]: Redirecting net/minecraftforge/common/util/TransformationHelper$TransformOrigin
[08Jun2026 11:31:32.994] [Worker-ResourceReload-5/INFO] [com.teampotato.redirector.Redirector/]: Redirecting slimeknights/tconstruct/library/client/model/tools/MaterialBlockModel$ModelType
[08Jun2026 11:31:34.434] [Worker-ResourceReload-5/INFO] [com.teampotato.redirector.Redirector/]: Redirecting net/minecraft/client/resources/model/BlockModelRotation
[08Jun2026 11:31:35.788] [Worker-ResourceReload-5/WARN] [net.minecraft.client.resources.model.ModelBakery/]: Unable to load model: 'xkdeco:block/template_roof_small_ridge_end_asian_steep_top' referenced from: xkdeco:yellow_roof_small_ridge_end#facing=north,half=lower,variant=normal,waterlogged=true: java.io.FileNotFoundException: xkdeco:models/block/template_roof_small_ridge_end_asian_steep_top.json
[08Jun2026 11:31:35.788] [Worker-ResourceReload-5/WARN] [net.minecraft.client.resources.model.ModelBakery/]: Unable to load model: 'xkdeco:block/template_roof_small_ridge_end_asian_top' referenced from: xkdeco:yellow_roof_small_ridge_end#facing=north,half=lower,variant=normal,waterlogged=true: java.io.FileNotFoundException: xkdeco:models/block/template_roof_small_ridge_end_asian_top.json
[08Jun2026 11:31:35.799] [Worker-ResourceReload-5/WARN] [net.minecraft.client.resources.model.ModelBakery/]: Unable to load model: 'xkdeco:block/template_roof_small_ridge_end_top' referenced from: xkdeco:green_roof_small_ridge_end#facing=north,half=lower,variant=normal,waterlogged=true: java.io.FileNotFoundException: xkdeco:models/block/template_roof_small_ridge_end_top.json
[08Jun2026 11:31:35.808] [Worker-ResourceReload-5/WARN] [net.minecraft.client.resources.model.ModelBakery/]: Unable to load model: 'xkdeco:block/template_roof_small_end_right_top' referenced from: xkdeco:blue_roof_small_end#facing=north,half=lower,shape=left,variant=normal,waterlogged=true: java.io.FileNotFoundException: xkdeco:models/block/template_roof_small_end_right_top.json
[08Jun2026 11:31:35.808] [Worker-ResourceReload-5/WARN] [net.minecraft.client.resources.model.ModelBakery/]: Unable to load model: 'xkdeco:block/template_roof_small_end_left_top' referenced from: xkdeco:blue_roof_small_end#facing=north,half=lower,shape=left,variant=normal,waterlogged=true: java.io.FileNotFoundException: xkdeco:models/block/template_roof_small_end_left_top.json
[08Jun2026 11:31:35.935] [Worker-ResourceReload-5/WARN] [net.minecraft.client.resources.model.ModelBakery/]: Unable to load model: 'xkdeco:block/template_roof_ridge_end_steep_top' referenced from: xkdeco:yellow_roof_ridge_end#facing=north,half=lower,variant=normal,waterlogged=true: java.io.FileNotFoundException: xkdeco:models/block/template_roof_ridge_end_steep_top.json
[08Jun2026 11:31:35.936] [Worker-ResourceReload-5/WARN] [net.minecraft.client.resources.model.ModelBakery/]: Unable to load model: 'xkdeco:block/template_roof_ridge_end_top' referenced from: xkdeco:yellow_roof_ridge_end#facing=north,half=lower,variant=normal,waterlogged=true: java.io.FileNotFoundException: xkdeco:models/block/template_roof_ridge_end_top.json
[08Jun2026 11:31:35.970] [Worker-ResourceReload-5/WARN] [net.minecraft.client.resources.model.ModelBakery/]: Unable to load model: 'minecraft:block/door_bottom' referenced from: xkdeco:ebony_screen#facing=north,half=upper,hinge=left,open=true,powered=true: java.io.FileNotFoundException: minecraft:models/block/door_bottom.json
[08Jun2026 11:31:36.001] [Worker-ResourceReload-5/WARN] [net.minecraft.client.resources.model.ModelBakery/]: Unable to load model: 'xkdeco:block/furniture/varnished_screen_top_hinge' referenced from: xkdeco:varnished_screen#facing=north,half=upper,hinge=left,open=true,powered=true: java.io.FileNotFoundException: xkdeco:models/block/furniture/varnished_screen_top_hinge.json
[08Jun2026 11:31:36.001] [Worker-ResourceReload-5/WARN] [net.minecraft.client.resources.model.ModelBakery/]: Unable to load model: 'xkdeco:block/furniture/varnished_screen_top' referenced from: xkdeco:varnished_screen#facing=north,half=upper,hinge=left,open=true,powered=true: java.io.FileNotFoundException: xkdeco:models/block/furniture/varnished_screen_top.json
[08Jun2026 11:31:36.001] [Worker-ResourceReload-5/WARN] [net.minecraft.client.resources.model.ModelBakery/]: Unable to load model: 'xkdeco:block/furniture/varnished_screen_bottom' referenced from: xkdeco:varnished_screen#facing=north,half=upper,hinge=left,open=true,powered=true: java.io.FileNotFoundException: xkdeco:models/block/furniture/varnished_screen_bottom.json
[08Jun2026 11:31:36.001] [Worker-ResourceReload-5/WARN] [net.minecraft.client.resources.model.ModelBakery/]: Unable to load model: 'xkdeco:block/furniture/varnished_screen_bottom_hinge' referenced from: xkdeco:varnished_screen#facing=north,half=upper,hinge=left,open=true,powered=true: java.io.FileNotFoundException: xkdeco:models/block/furniture/varnished_screen_bottom_hinge.json
[08Jun2026 11:31:36.026] [Worker-ResourceReload-6/INFO] [com.teampotato.redirector.Redirector/]: Redirecting guideme/libs/micromark/ConstructPrecedence
[08Jun2026 11:31:36.113] [Worker-ResourceReload-6/INFO] [com.teampotato.redirector.Redirector/]: Redirecting guideme/libs/micromark/Tokenizer$EventType
[08Jun2026 11:31:36.123] [Worker-ResourceReload-6/INFO] [com.teampotato.redirector.Redirector/]: Redirecting guideme/libs/micromark/ContentType
[08Jun2026 11:31:36.247] [Worker-ResourceReload-6/INFO] [com.teampotato.redirector.Redirector/]: Redirecting guideme/internal/shaded/snakeyaml/nodes/NodeId
[08Jun2026 11:31:36.263] [Worker-ResourceReload-6/INFO] [com.teampotato.redirector.Redirector/]: Redirecting guideme/internal/shaded/snakeyaml/DumperOptions$ScalarStyle
[08Jun2026 11:31:36.263] [Worker-ResourceReload-6/INFO] [com.teampotato.redirector.Redirector/]: Redirecting guideme/internal/shaded/snakeyaml/DumperOptions$FlowStyle
[08Jun2026 11:31:36.265] [Worker-ResourceReload-6/INFO] [com.teampotato.redirector.Redirector/]: Redirecting guideme/internal/shaded/snakeyaml/DumperOptions$LineBreak
[08Jun2026 11:31:36.266] [Worker-ResourceReload-6/INFO] [com.teampotato.redirector.Redirector/]: Redirecting guideme/internal/shaded/snakeyaml/DumperOptions$NonPrintableStyle
[08Jun2026 11:31:36.276] [Worker-ResourceReload-6/INFO] [com.teampotato.redirector.Redirector/]: Redirecting guideme/internal/shaded/snakeyaml/introspector/BeanAccess
[08Jun2026 11:31:36.331] [Worker-ResourceReload-6/INFO] [com.teampotato.redirector.Redirector/]: Redirecting guideme/internal/shaded/snakeyaml/comments/CommentType
[08Jun2026 11:31:36.333] [Worker-ResourceReload-6/INFO] [com.teampotato.redirector.Redirector/]: Redirecting guideme/internal/shaded/snakeyaml/events/Event$ID
[08Jun2026 11:31:36.333] [Worker-ResourceReload-6/INFO] [com.teampotato.redirector.Redirector/]: Redirecting guideme/internal/shaded/snakeyaml/tokens/Token$ID
[08Jun2026 11:31:36.537] [Worker-ResourceReload-6/INFO] [com.teampotato.redirector.Redirector/]: Redirecting guideme/libs/micromark/extensions/gfm/Align
[08Jun2026 11:31:36.967] [Worker-ResourceReload-6/INFO] [com.teampotato.redirector.Redirector/]: Redirecting guideme/libs/micromark/commonmark/CharacterReference$StateMachine$RefType
[08Jun2026 11:31:36.973] [Worker-ResourceReload-6/ERROR] [guideme.compiler.PageCompiler/]: Failed to parse frontmatter for page expatternprovider:epp_intro/tag_export_bus.md
guideme.internal.shaded.snakeyaml.scanner.ScannerException: while scanning for the next token
found character '\t(TAB)' that cannot start any token. (Do not use \t(TAB) for indentation)
 in 'string', line 2, column 1:
    	parent: epp_intro/epp_intro-ind ... 
    ^

	at guideme.internal.shaded.snakeyaml.scanner.ScannerImpl.fetchMoreTokens(ScannerImpl.java:470) ~[guideme-20.1.14.jar%23363!/:?]
	at guideme.internal.shaded.snakeyaml.scanner.ScannerImpl.checkToken(ScannerImpl.java:263) ~[guideme-20.1.14.jar%23363!/:?]
	at guideme.internal.shaded.snakeyaml.parser.ParserImpl$ParseBlockMappingValue.produce(ParserImpl.java:694) ~[guideme-20.1.14.jar%23363!/:?]
	at guideme.internal.shaded.snakeyaml.parser.ParserImpl.peekEvent(ParserImpl.java:185) ~[guideme-20.1.14.jar%23363!/:?]
	at guideme.internal.shaded.snakeyaml.comments.CommentEventsCollector$1.peek(CommentEventsCollector.java:57) ~[guideme-20.1.14.jar%23363!/:?]
	at guideme.internal.shaded.snakeyaml.comments.CommentEventsCollector$1.peek(CommentEventsCollector.java:43) ~[guideme-20.1.14.jar%23363!/:?]
	at guideme.internal.shaded.snakeyaml.comments.CommentEventsCollector.collectEvents(CommentEventsCollector.java:136) ~[guideme-20.1.14.jar%23363!/:?]
	at guideme.internal.shaded.snakeyaml.comments.CommentEventsCollector.collectEvents(CommentEventsCollector.java:116) ~[guideme-20.1.14.jar%23363!/:?]
	at guideme.internal.shaded.snakeyaml.composer.Composer.composeScalarNode(Composer.java:239) ~[guideme-20.1.14.jar%23363!/:?]
	at guideme.internal.shaded.snakeyaml.composer.Composer.composeNode(Composer.java:208) ~[guideme-20.1.14.jar%23363!/:?]
	at guideme.internal.shaded.snakeyaml.composer.Composer.composeKeyNode(Composer.java:347) ~[guideme-20.1.14.jar%23363!/:?]
	at guideme.internal.shaded.snakeyaml.composer.Composer.composeMappingChildren(Composer.java:332) ~[guideme-20.1.14.jar%23363!/:?]
	at guideme.internal.shaded.snakeyaml.composer.Composer.composeMappingNode(Composer.java:311) ~[guideme-20.1.14.jar%23363!/:?]
	at guideme.internal.shaded.snakeyaml.composer.Composer.composeNode(Composer.java:212) ~[guideme-20.1.14.jar%23363!/:?]
	at guideme.internal.shaded.snakeyaml.composer.Composer.getNode(Composer.java:134) ~[guideme-20.1.14.jar%23363!/:?]
	at guideme.internal.shaded.snakeyaml.composer.Composer.getSingleNode(Composer.java:160) ~[guideme-20.1.14.jar%23363!/:?]
	at guideme.internal.shaded.snakeyaml.constructor.BaseConstructor.getSingleData(BaseConstructor.java:184) ~[guideme-20.1.14.jar%23363!/:?]
	at guideme.internal.shaded.snakeyaml.Yaml.loadFromReader(Yaml.java:477) ~[guideme-20.1.14.jar%23363!/:?]
	at guideme.internal.shaded.snakeyaml.Yaml.load(Yaml.java:406) ~[guideme-20.1.14.jar%23363!/:?]
	at guideme.compiler.Frontmatter.parse(Frontmatter.java:20) ~[guideme-20.1.14.jar%23363!/:?]
	at guideme.compiler.PageCompiler.parseFrontmatter(PageCompiler.java:229) ~[guideme-20.1.14.jar%23363!/:?]
	at guideme.compiler.PageCompiler.parse(PageCompiler.java:170) ~[guideme-20.1.14.jar%23363!/:?]
	at guideme.compiler.PageCompiler.parse(PageCompiler.java:132) ~[guideme-20.1.14.jar%23363!/:?]
	at guideme.internal.GuideReloadListener.loadPages(GuideReloadListener.java:173) ~[guideme-20.1.14.jar%23363!/:?]
	at guideme.internal.GuideReloadListener.prepare(GuideReloadListener.java:56) ~[guideme-20.1.14.jar%23363!/:?]
	at guideme.internal.GuideReloadListener.m_5944_(GuideReloadListener.java:28) ~[guideme-20.1.14.jar%23363!/:?]
	at net.minecraft.server.packs.resources.SimplePreparableReloadListener.m_10786_(SimplePreparableReloadListener.java:11) ~[client-1.20.1-20230612.114412-srg.jar%23426!/:?]
	at java.util.concurrent.CompletableFuture$AsyncSupply.run(CompletableFuture.java:1768) ~[?:?]
	at java.util.concurrent.CompletableFuture$AsyncSupply.exec(CompletableFuture.java:1760) ~[?:?]
	at java.util.concurrent.ForkJoinTask.doExec(ForkJoinTask.java:373) ~[?:?]
	at java.util.concurrent.ForkJoinPool$WorkQueue.topLevelExec(ForkJoinPool.java:1182) ~[?:?]
	at java.util.concurrent.ForkJoinPool.scan(ForkJoinPool.java:1655) ~[?:?]
	at java.util.concurrent.ForkJoinPool.runWorker(ForkJoinPool.java:1622) ~[?:?]
	at java.util.concurrent.ForkJoinWorkerThread.run(ForkJoinWorkerThread.java:165) ~[?:?]
[08Jun2026 11:31:36.983] [Worker-ResourceReload-6/ERROR] [guideme.compiler.PageCompiler/]: Failed to parse frontmatter for page expatternprovider:epp_intro/tag_storage_bus.md
guideme.internal.shaded.snakeyaml.scanner.ScannerException: while scanning for the next token
found character '\t(TAB)' that cannot start any token. (Do not use \t(TAB) for indentation)
 in 'string', line 2, column 1:
    	parent: epp_intro/epp_intro-ind ... 
    ^

	at guideme.internal.shaded.snakeyaml.scanner.ScannerImpl.fetchMoreTokens(ScannerImpl.java:470) ~[guideme-20.1.14.jar%23363!/:?]
	at guideme.internal.shaded.snakeyaml.scanner.ScannerImpl.checkToken(ScannerImpl.java:263) ~[guideme-20.1.14.jar%23363!/:?]
	at guideme.internal.shaded.snakeyaml.parser.ParserImpl$ParseBlockMappingValue.produce(ParserImpl.java:694) ~[guideme-20.1.14.jar%23363!/:?]
	at guideme.internal.shaded.snakeyaml.parser.ParserImpl.peekEvent(ParserImpl.java:185) ~[guideme-20.1.14.jar%23363!/:?]
	at guideme.internal.shaded.snakeyaml.comments.CommentEventsCollector$1.peek(CommentEventsCollector.java:57) ~[guideme-20.1.14.jar%23363!/:?]
	at guideme.internal.shaded.snakeyaml.comments.CommentEventsCollector$1.peek(CommentEventsCollector.java:43) ~[guideme-20.1.14.jar%23363!/:?]
	at guideme.internal.shaded.snakeyaml.comments.CommentEventsCollector.collectEvents(CommentEventsCollector.java:136) ~[guideme-20.1.14.jar%23363!/:?]
	at guideme.internal.shaded.snakeyaml.comments.CommentEventsCollector.collectEvents(CommentEventsCollector.java:116) ~[guideme-20.1.14.jar%23363!/:?]
	at guideme.internal.shaded.snakeyaml.composer.Composer.composeScalarNode(Composer.java:239) ~[guideme-20.1.14.jar%23363!/:?]
	at guideme.internal.shaded.snakeyaml.composer.Composer.composeNode(Composer.java:208) ~[guideme-20.1.14.jar%23363!/:?]
	at guideme.internal.shaded.snakeyaml.composer.Composer.composeKeyNode(Composer.java:347) ~[guideme-20.1.14.jar%23363!/:?]
	at guideme.internal.shaded.snakeyaml.composer.Composer.composeMappingChildren(Composer.java:332) ~[guideme-20.1.14.jar%23363!/:?]
	at guideme.internal.shaded.snakeyaml.composer.Composer.composeMappingNode(Composer.java:311) ~[guideme-20.1.14.jar%23363!/:?]
	at guideme.internal.shaded.snakeyaml.composer.Composer.composeNode(Composer.java:212) ~[guideme-20.1.14.jar%23363!/:?]
	at guideme.internal.shaded.snakeyaml.composer.Composer.getNode(Composer.java:134) ~[guideme-20.1.14.jar%23363!/:?]
	at guideme.internal.shaded.snakeyaml.composer.Composer.getSingleNode(Composer.java:160) ~[guideme-20.1.14.jar%23363!/:?]
	at guideme.internal.shaded.snakeyaml.constructor.BaseConstructor.getSingleData(BaseConstructor.java:184) ~[guideme-20.1.14.jar%23363!/:?]
	at guideme.internal.shaded.snakeyaml.Yaml.loadFromReader(Yaml.java:477) ~[guideme-20.1.14.jar%23363!/:?]
	at guideme.internal.shaded.snakeyaml.Yaml.load(Yaml.java:406) ~[guideme-20.1.14.jar%23363!/:?]
	at guideme.compiler.Frontmatter.parse(Frontmatter.java:20) ~[guideme-20.1.14.jar%23363!/:?]
	at guideme.compiler.PageCompiler.parseFrontmatter(PageCompiler.java:229) ~[guideme-20.1.14.jar%23363!/:?]
	at guideme.compiler.PageCompiler.parse(PageCompiler.java:170) ~[guideme-20.1.14.jar%23363!/:?]
	at guideme.compiler.PageCompiler.parse(PageCompiler.java:132) ~[guideme-20.1.14.jar%23363!/:?]
	at guideme.internal.GuideReloadListener.loadPages(GuideReloadListener.java:173) ~[guideme-20.1.14.jar%23363!/:?]
	at guideme.internal.GuideReloadListener.prepare(GuideReloadListener.java:56) ~[guideme-20.1.14.jar%23363!/:?]
	at guideme.internal.GuideReloadListener.m_5944_(GuideReloadListener.java:28) ~[guideme-20.1.14.jar%23363!/:?]
	at net.minecraft.server.packs.resources.SimplePreparableReloadListener.m_10786_(SimplePreparableReloadListener.java:11) ~[client-1.20.1-20230612.114412-srg.jar%23426!/:?]
	at java.util.concurrent.CompletableFuture$AsyncSupply.run(CompletableFuture.java:1768) ~[?:?]
	at java.util.concurrent.CompletableFuture$AsyncSupply.exec(CompletableFuture.java:1760) ~[?:?]
	at java.util.concurrent.ForkJoinTask.doExec(ForkJoinTask.java:373) ~[?:?]
	at java.util.concurrent.ForkJoinPool$WorkQueue.topLevelExec(ForkJoinPool.java:1182) ~[?:?]
	at java.util.concurrent.ForkJoinPool.scan(ForkJoinPool.java:1655) ~[?:?]
	at java.util.concurrent.ForkJoinPool.runWorker(ForkJoinPool.java:1622) ~[?:?]
	at java.util.concurrent.ForkJoinWorkerThread.run(ForkJoinWorkerThread.java:165) ~[?:?]
[08Jun2026 11:31:36.991] [Worker-ResourceReload-6/ERROR] [guideme.compiler.PageCompiler/]: Failed to parse frontmatter for page expatternprovider:epp_intro/threshold_export_bus.md
guideme.internal.shaded.snakeyaml.scanner.ScannerException: while scanning for the next token
found character '\t(TAB)' that cannot start any token. (Do not use \t(TAB) for indentation)
 in 'string', line 2, column 1:
    	parent: epp_intro/epp_intro-ind ... 
    ^

	at guideme.internal.shaded.snakeyaml.scanner.ScannerImpl.fetchMoreTokens(ScannerImpl.java:470) ~[guideme-20.1.14.jar%23363!/:?]
	at guideme.internal.shaded.snakeyaml.scanner.ScannerImpl.checkToken(ScannerImpl.java:263) ~[guideme-20.1.14.jar%23363!/:?]
	at guideme.internal.shaded.snakeyaml.parser.ParserImpl$ParseBlockMappingValue.produce(ParserImpl.java:694) ~[guideme-20.1.14.jar%23363!/:?]
	at guideme.internal.shaded.snakeyaml.parser.ParserImpl.peekEvent(ParserImpl.java:185) ~[guideme-20.1.14.jar%23363!/:?]
	at guideme.internal.shaded.snakeyaml.comments.CommentEventsCollector$1.peek(CommentEventsCollector.java:57) ~[guideme-20.1.14.jar%23363!/:?]
	at guideme.internal.shaded.snakeyaml.comments.CommentEventsCollector$1.peek(CommentEventsCollector.java:43) ~[guideme-20.1.14.jar%23363!/:?]
	at guideme.internal.shaded.snakeyaml.comments.CommentEventsCollector.collectEvents(CommentEventsCollector.java:136) ~[guideme-20.1.14.jar%23363!/:?]
	at guideme.internal.shaded.snakeyaml.comments.CommentEventsCollector.collectEvents(CommentEventsCollector.java:116) ~[guideme-20.1.14.jar%23363!/:?]
	at guideme.internal.shaded.snakeyaml.composer.Composer.composeScalarNode(Composer.java:239) ~[guideme-20.1.14.jar%23363!/:?]
	at guideme.internal.shaded.snakeyaml.composer.Composer.composeNode(Composer.java:208) ~[guideme-20.1.14.jar%23363!/:?]
	at guideme.internal.shaded.snakeyaml.composer.Composer.composeKeyNode(Composer.java:347) ~[guideme-20.1.14.jar%23363!/:?]
	at guideme.internal.shaded.snakeyaml.composer.Composer.composeMappingChildren(Composer.java:332) ~[guideme-20.1.14.jar%23363!/:?]
	at guideme.internal.shaded.snakeyaml.composer.Composer.composeMappingNode(Composer.java:311) ~[guideme-20.1.14.jar%23363!/:?]
	at guideme.internal.shaded.snakeyaml.composer.Composer.composeNode(Composer.java:212) ~[guideme-20.1.14.jar%23363!/:?]
	at guideme.internal.shaded.snakeyaml.composer.Composer.getNode(Composer.java:134) ~[guideme-20.1.14.jar%23363!/:?]
	at guideme.internal.shaded.snakeyaml.composer.Composer.getSingleNode(Composer.java:160) ~[guideme-20.1.14.jar%23363!/:?]
	at guideme.internal.shaded.snakeyaml.constructor.BaseConstructor.getSingleData(BaseConstructor.java:184) ~[guideme-20.1.14.jar%23363!/:?]
	at guideme.internal.shaded.snakeyaml.Yaml.loadFromReader(Yaml.java:477) ~[guideme-20.1.14.jar%23363!/:?]
	at guideme.internal.shaded.snakeyaml.Yaml.load(Yaml.java:406) ~[guideme-20.1.14.jar%23363!/:?]
	at guideme.compiler.Frontmatter.parse(Frontmatter.java:20) ~[guideme-20.1.14.jar%23363!/:?]
	at guideme.compiler.PageCompiler.parseFrontmatter(PageCompiler.java:229) ~[guideme-20.1.14.jar%23363!/:?]
	at guideme.compiler.PageCompiler.parse(PageCompiler.java:170) ~[guideme-20.1.14.jar%23363!/:?]
	at guideme.compiler.PageCompiler.parse(PageCompiler.java:132) ~[guideme-20.1.14.jar%23363!/:?]
	at guideme.internal.GuideReloadListener.loadPages(GuideReloadListener.java:173) ~[guideme-20.1.14.jar%23363!/:?]
	at guideme.internal.GuideReloadListener.prepare(GuideReloadListener.java:56) ~[guideme-20.1.14.jar%23363!/:?]
	at guideme.internal.GuideReloadListener.m_5944_(GuideReloadListener.java:28) ~[guideme-20.1.14.jar%23363!/:?]
	at net.minecraft.server.packs.resources.SimplePreparableReloadListener.m_10786_(SimplePreparableReloadListener.java:11) ~[client-1.20.1-20230612.114412-srg.jar%23426!/:?]
	at java.util.concurrent.CompletableFuture$AsyncSupply.run(CompletableFuture.java:1768) ~[?:?]
	at java.util.concurrent.CompletableFuture$AsyncSupply.exec(CompletableFuture.java:1760) ~[?:?]
	at java.util.concurrent.ForkJoinTask.doExec(ForkJoinTask.java:373) ~[?:?]
	at java.util.concurrent.ForkJoinPool$WorkQueue.topLevelExec(ForkJoinPool.java:1182) ~[?:?]
	at java.util.concurrent.ForkJoinPool.scan(ForkJoinPool.java:1655) ~[?:?]
	at java.util.concurrent.ForkJoinPool.runWorker(ForkJoinPool.java:1622) ~[?:?]
	at java.util.concurrent.ForkJoinWorkerThread.run(ForkJoinWorkerThread.java:165) ~[?:?]
[08Jun2026 11:31:37.026] [Worker-ResourceReload-6/ERROR] [guideme.compiler.PageCompiler/]: Failed to parse frontmatter for page expatternprovider:epp_intro/upgrade_items.md
guideme.internal.shaded.snakeyaml.scanner.ScannerException: while scanning for the next token
found character '\t(TAB)' that cannot start any token. (Do not use \t(TAB) for indentation)
 in 'string', line 2, column 1:
    	parent: epp_intro/epp_intro-ind ... 
    ^

	at guideme.internal.shaded.snakeyaml.scanner.ScannerImpl.fetchMoreTokens(ScannerImpl.java:470) ~[guideme-20.1.14.jar%23363!/:?]
	at guideme.internal.shaded.snakeyaml.scanner.ScannerImpl.checkToken(ScannerImpl.java:263) ~[guideme-20.1.14.jar%23363!/:?]
	at guideme.internal.shaded.snakeyaml.parser.ParserImpl$ParseBlockMappingValue.produce(ParserImpl.java:694) ~[guideme-20.1.14.jar%23363!/:?]
	at guideme.internal.shaded.snakeyaml.parser.ParserImpl.peekEvent(ParserImpl.java:185) ~[guideme-20.1.14.jar%23363!/:?]
	at guideme.internal.shaded.snakeyaml.comments.CommentEventsCollector$1.peek(CommentEventsCollector.java:57) ~[guideme-20.1.14.jar%23363!/:?]
	at guideme.internal.shaded.snakeyaml.comments.CommentEventsCollector$1.peek(CommentEventsCollector.java:43) ~[guideme-20.1.14.jar%23363!/:?]
	at guideme.internal.shaded.snakeyaml.comments.CommentEventsCollector.collectEvents(CommentEventsCollector.java:136) ~[guideme-20.1.14.jar%23363!/:?]
	at guideme.internal.shaded.snakeyaml.comments.CommentEventsCollector.collectEvents(CommentEventsCollector.java:116) ~[guideme-20.1.14.jar%23363!/:?]
	at guideme.internal.shaded.snakeyaml.composer.Composer.composeScalarNode(Composer.java:239) ~[guideme-20.1.14.jar%23363!/:?]
	at guideme.internal.shaded.snakeyaml.composer.Composer.composeNode(Composer.java:208) ~[guideme-20.1.14.jar%23363!/:?]
	at guideme.internal.shaded.snakeyaml.composer.Composer.composeKeyNode(Composer.java:347) ~[guideme-20.1.14.jar%23363!/:?]
	at guideme.internal.shaded.snakeyaml.composer.Composer.composeMappingChildren(Composer.java:332) ~[guideme-20.1.14.jar%23363!/:?]
	at guideme.internal.shaded.snakeyaml.composer.Composer.composeMappingNode(Composer.java:311) ~[guideme-20.1.14.jar%23363!/:?]
	at guideme.internal.shaded.snakeyaml.composer.Composer.composeNode(Composer.java:212) ~[guideme-20.1.14.jar%23363!/:?]
	at guideme.internal.shaded.snakeyaml.composer.Composer.getNode(Composer.java:134) ~[guideme-20.1.14.jar%23363!/:?]
	at guideme.internal.shaded.snakeyaml.composer.Composer.getSingleNode(Composer.java:160) ~[guideme-20.1.14.jar%23363!/:?]
	at guideme.internal.shaded.snakeyaml.constructor.BaseConstructor.getSingleData(BaseConstructor.java:184) ~[guideme-20.1.14.jar%23363!/:?]
	at guideme.internal.shaded.snakeyaml.Yaml.loadFromReader(Yaml.java:477) ~[guideme-20.1.14.jar%23363!/:?]
	at guideme.internal.shaded.snakeyaml.Yaml.load(Yaml.java:406) ~[guideme-20.1.14.jar%23363!/:?]
	at guideme.compiler.Frontmatter.parse(Frontmatter.java:20) ~[guideme-20.1.14.jar%23363!/:?]
	at guideme.compiler.PageCompiler.parseFrontmatter(PageCompiler.java:229) ~[guideme-20.1.14.jar%23363!/:?]
	at guideme.compiler.PageCompiler.parse(PageCompiler.java:170) ~[guideme-20.1.14.jar%23363!/:?]
	at guideme.compiler.PageCompiler.parse(PageCompiler.java:132) ~[guideme-20.1.14.jar%23363!/:?]
	at guideme.internal.GuideReloadListener.loadPages(GuideReloadListener.java:173) ~[guideme-20.1.14.jar%23363!/:?]
	at guideme.internal.GuideReloadListener.prepare(GuideReloadListener.java:56) ~[guideme-20.1.14.jar%23363!/:?]
	at guideme.internal.GuideReloadListener.m_5944_(GuideReloadListener.java:28) ~[guideme-20.1.14.jar%23363!/:?]
	at net.minecraft.server.packs.resources.SimplePreparableReloadListener.m_10786_(SimplePreparableReloadListener.java:11) ~[client-1.20.1-20230612.114412-srg.jar%23426!/:?]
	at java.util.concurrent.CompletableFuture$AsyncSupply.run(CompletableFuture.java:1768) ~[?:?]
	at java.util.concurrent.CompletableFuture$AsyncSupply.exec(CompletableFuture.java:1760) ~[?:?]
	at java.util.concurrent.ForkJoinTask.doExec(ForkJoinTask.java:373) ~[?:?]
	at java.util.concurrent.ForkJoinPool$WorkQueue.topLevelExec(ForkJoinPool.java:1182) ~[?:?]
	at java.util.concurrent.ForkJoinPool.scan(ForkJoinPool.java:1655) ~[?:?]
	at java.util.concurrent.ForkJoinPool.runWorker(ForkJoinPool.java:1622) ~[?:?]
	at java.util.concurrent.ForkJoinWorkerThread.run(ForkJoinWorkerThread.java:165) ~[?:?]
[08Jun2026 11:31:37.036] [Worker-ResourceReload-6/ERROR] [guideme.compiler.PageCompiler/]: Failed to parse frontmatter for page expatternprovider:epp_intro/wireless_connector.md
guideme.internal.shaded.snakeyaml.scanner.ScannerException: while scanning for the next token
found character '\t(TAB)' that cannot start any token. (Do not use \t(TAB) for indentation)
 in 'string', line 2, column 1:
    	parent: epp_intro/epp_intro-ind ... 
    ^

	at guideme.internal.shaded.snakeyaml.scanner.ScannerImpl.fetchMoreTokens(ScannerImpl.java:470) ~[guideme-20.1.14.jar%23363!/:?]
	at guideme.internal.shaded.snakeyaml.scanner.ScannerImpl.checkToken(ScannerImpl.java:263) ~[guideme-20.1.14.jar%23363!/:?]
	at guideme.internal.shaded.snakeyaml.parser.ParserImpl$ParseBlockMappingValue.produce(ParserImpl.java:694) ~[guideme-20.1.14.jar%23363!/:?]
	at guideme.internal.shaded.snakeyaml.parser.ParserImpl.peekEvent(ParserImpl.java:185) ~[guideme-20.1.14.jar%23363!/:?]
	at guideme.internal.shaded.snakeyaml.comments.CommentEventsCollector$1.peek(CommentEventsCollector.java:57) ~[guideme-20.1.14.jar%23363!/:?]
	at guideme.internal.shaded.snakeyaml.comments.CommentEventsCollector$1.peek(CommentEventsCollector.java:43) ~[guideme-20.1.14.jar%23363!/:?]
	at guideme.internal.shaded.snakeyaml.comments.CommentEventsCollector.collectEvents(CommentEventsCollector.java:136) ~[guideme-20.1.14.jar%23363!/:?]
	at guideme.internal.shaded.snakeyaml.comments.CommentEventsCollector.collectEvents(CommentEventsCollector.java:116) ~[guideme-20.1.14.jar%23363!/:?]
	at guideme.internal.shaded.snakeyaml.composer.Composer.composeScalarNode(Composer.java:239) ~[guideme-20.1.14.jar%23363!/:?]
	at guideme.internal.shaded.snakeyaml.composer.Composer.composeNode(Composer.java:208) ~[guideme-20.1.14.jar%23363!/:?]
	at guideme.internal.shaded.snakeyaml.composer.Composer.composeKeyNode(Composer.java:347) ~[guideme-20.1.14.jar%23363!/:?]
	at guideme.internal.shaded.snakeyaml.composer.Composer.composeMappingChildren(Composer.java:332) ~[guideme-20.1.14.jar%23363!/:?]
	at guideme.internal.shaded.snakeyaml.composer.Composer.composeMappingNode(Composer.java:311) ~[guideme-20.1.14.jar%23363!/:?]
	at guideme.internal.shaded.snakeyaml.composer.Composer.composeNode(Composer.java:212) ~[guideme-20.1.14.jar%23363!/:?]
	at guideme.internal.shaded.snakeyaml.composer.Composer.getNode(Composer.java:134) ~[guideme-20.1.14.jar%23363!/:?]
	at guideme.internal.shaded.snakeyaml.composer.Composer.getSingleNode(Composer.java:160) ~[guideme-20.1.14.jar%23363!/:?]
	at guideme.internal.shaded.snakeyaml.constructor.BaseConstructor.getSingleData(BaseConstructor.java:184) ~[guideme-20.1.14.jar%23363!/:?]
	at guideme.internal.shaded.snakeyaml.Yaml.loadFromReader(Yaml.java:477) ~[guideme-20.1.14.jar%23363!/:?]
	at guideme.internal.shaded.snakeyaml.Yaml.load(Yaml.java:406) ~[guideme-20.1.14.jar%23363!/:?]
	at guideme.compiler.Frontmatter.parse(Frontmatter.java:20) ~[guideme-20.1.14.jar%23363!/:?]
	at guideme.compiler.PageCompiler.parseFrontmatter(PageCompiler.java:229) ~[guideme-20.1.14.jar%23363!/:?]
	at guideme.compiler.PageCompiler.parse(PageCompiler.java:170) ~[guideme-20.1.14.jar%23363!/:?]
	at guideme.compiler.PageCompiler.parse(PageCompiler.java:132) ~[guideme-20.1.14.jar%23363!/:?]
	at guideme.internal.GuideReloadListener.loadPages(GuideReloadListener.java:173) ~[guideme-20.1.14.jar%23363!/:?]
	at guideme.internal.GuideReloadListener.prepare(GuideReloadListener.java:56) ~[guideme-20.1.14.jar%23363!/:?]
	at guideme.internal.GuideReloadListener.m_5944_(GuideReloadListener.java:28) ~[guideme-20.1.14.jar%23363!/:?]
	at net.minecraft.server.packs.resources.SimplePreparableReloadListener.m_10786_(SimplePreparableReloadListener.java:11) ~[client-1.20.1-20230612.114412-srg.jar%23426!/:?]
	at java.util.concurrent.CompletableFuture$AsyncSupply.run(CompletableFuture.java:1768) ~[?:?]
	at java.util.concurrent.CompletableFuture$AsyncSupply.exec(CompletableFuture.java:1760) ~[?:?]
	at java.util.concurrent.ForkJoinTask.doExec(ForkJoinTask.java:373) ~[?:?]
	at java.util.concurrent.ForkJoinPool$WorkQueue.topLevelExec(ForkJoinPool.java:1182) ~[?:?]
	at java.util.concurrent.ForkJoinPool.scan(ForkJoinPool.java:1655) ~[?:?]
	at java.util.concurrent.ForkJoinPool.runWorker(ForkJoinPool.java:1622) ~[?:?]
	at java.util.concurrent.ForkJoinWorkerThread.run(ForkJoinWorkerThread.java:165) ~[?:?]
[08Jun2026 11:31:38.443] [Worker-ResourceReload-5/INFO] [com.teampotato.redirector.Redirector/]: Redirecting net/mehvahdjukaar/supplementaries/common/fluids/FlammableLiquidBlock$FireStage
[08Jun2026 11:31:38.933] [Worker-ResourceReload-5/WARN] [net.minecraft.client.resources.model.ModelBakery/]: Unable to load model: 'decorative_blocks:blockstate_copy_item#inventory' referenced from: decorative_blocks:blockstate_copy_item#inventory: java.io.FileNotFoundException: decorative_blocks:models/item/blockstate_copy_item.json
[08Jun2026 11:31:39.215] [Render thread/INFO] [com.teampotato.redirector.Redirector/]: Redirecting com/railwayteam/railways/registry/CRPotatoProjectileTypes$PaintAction
[08Jun2026 11:31:39.229] [Render thread/INFO] [com.teampotato.redirector.Redirector/]: Redirecting com/railwayteam/railways/registry/advancement/CRAdvancement$TaskType
[08Jun2026 11:31:39.230] [Render thread/INFO] [com.teampotato.redirector.Redirector/]: Redirecting net/minecraft/advancements/FrameType
[08Jun2026 11:31:39.246] [Render thread/INFO] [com.teampotato.redirector.Redirector/]: Redirecting com/hlysine/create_connected/datagen/advancements/CCAdvancement$TaskType
[08Jun2026 11:31:39.261] [Render thread/INFO] [com.teampotato.redirector.Redirector/]: Redirecting com/negodya1/vintageimprovements/foundation/advancement/VintageAdvancements
[08Jun2026 11:31:39.284] [Render thread/INFO] [com.teampotato.redirector.Redirector/]: Redirecting net/minecraft/world/item/FireworkRocketItem$Shape
[08Jun2026 11:31:39.334] [Render thread/INFO] [com.teampotato.redirector.Redirector/]: Redirecting mekanism/common/network/to_client/container/property/PropertyType
[08Jun2026 11:31:39.349] [Render thread/INFO] [com.teampotato.redirector.Redirector/]: Redirecting mekanism/common/network/to_client/container/property/list/ListType
[08Jun2026 11:31:39.428] [Render thread/INFO] [com.teampotato.redirector.Redirector/]: Redirecting slimeknights/tconstruct/library/modifiers/impl/BasicModifier$TooltipDisplay
[08Jun2026 11:31:39.433] [Render thread/INFO] [com.teampotato.redirector.Redirector/]: Redirecting slimeknights/tconstruct/library/modifiers/modules/technical/CureOnRemovalModule
[08Jun2026 11:31:39.513] [Render thread/INFO] [Moonlight/]: Initialized color sets in 68ms
[08Jun2026 11:31:39.515] [Render thread/INFO] [com.teampotato.redirector.Redirector/]: Redirecting terrablender/api/RegionType
[08Jun2026 11:31:39.519] [Render thread/INFO] [terrablender/]: Registered region minecraft:overworld to index 0 for type OVERWORLD
[08Jun2026 11:31:39.519] [Render thread/INFO] [terrablender/]: Registered region minecraft:nether to index 0 for type NETHER
[08Jun2026 11:31:39.519] [Render thread/INFO] [terrablender/]: Registered region biomesoplenty:overworld_primary to index 1 for type OVERWORLD
[08Jun2026 11:31:39.519] [Render thread/INFO] [terrablender/]: Registered region biomesoplenty:overworld_secondary to index 2 for type OVERWORLD
[08Jun2026 11:31:39.519] [Render thread/INFO] [terrablender/]: Registered region biomesoplenty:overworld_rare to index 3 for type OVERWORLD
[08Jun2026 11:31:39.519] [Render thread/INFO] [terrablender/]: Registered region biomesoplenty:nether_common to index 1 for type NETHER
[08Jun2026 11:31:39.520] [Render thread/INFO] [terrablender/]: Registered region biomesoplenty:nether_rare to index 2 for type NETHER
[08Jun2026 11:31:39.584] [Render thread/INFO] [com.teampotato.redirector.Redirector/]: Redirecting com/simibubi/create/api/behaviour/spouting/CauldronSpoutingBehavior
[08Jun2026 11:31:39.587] [Render thread/INFO] [com.teampotato.redirector.Redirector/]: Redirecting com/simibubi/create/compat/tconstruct/SpoutCasting
[08Jun2026 11:31:39.605] [Render thread/INFO] [com.teampotato.redirector.Redirector/]: Redirecting com/simibubi/create/impl/contraption/dispenser/DispenserBehaviorConverter
[08Jun2026 11:31:39.609] [Render thread/INFO] [com.teampotato.redirector.Redirector/]: Redirecting com/simibubi/create/impl/unpacking/DefaultUnpackingHandler
[08Jun2026 11:31:39.611] [Render thread/INFO] [com.teampotato.redirector.Redirector/]: Redirecting com/simibubi/create/impl/unpacking/BasinUnpackingHandler
[08Jun2026 11:31:39.613] [Render thread/INFO] [com.teampotato.redirector.Redirector/]: Redirecting com/simibubi/create/api/packager/unpacking/VoidingUnpackingHandler
[08Jun2026 11:31:39.615] [Render thread/INFO] [com.teampotato.redirector.Redirector/]: Redirecting com/simibubi/create/impl/unpacking/CrafterUnpackingHandler
[08Jun2026 11:31:39.663] [Render thread/INFO] [com.teampotato.redirector.Redirector/]: Redirecting com/simibubi/create/foundation/advancement/CreateAdvancement$TaskType
[08Jun2026 11:31:39.690] [Render thread/INFO] [Every Compat/]: Every Compat has loaded 4 modules: [decorative_blocks, farmersdelight, storagedrawers, create]
[08Jun2026 11:31:39.690] [Render thread/INFO] [Every Compat/]: Registered 285 compat blocks making up 3.52% of total blocks registered
[08Jun2026 11:31:39.718] [Render thread/INFO] [Supplementaries/]: Finished mod setup in: [3, 3, 0, 1, 0, 0, 17, 0] ms
[08Jun2026 11:31:39.758] [Render thread/INFO] [com.teampotato.redirector.Redirector/]: Redirecting plus/dragons/createenchantmentindustry/entry/CeiPackets
[08Jun2026 11:31:39.834] [Worker-ResourceReload-2/INFO] [de.keksuccino.konkrete.Konkrete/]: [KONKRETE] Client-side libs ready to use!
[08Jun2026 11:31:39.954] [Worker-ResourceReload-2/INFO] [EMI/]: [EMI] Discovered Sodium
[08Jun2026 11:31:40.013] [Worker-ResourceReload-2/INFO] [com.teampotato.redirector.Redirector/]: Redirecting mekanism/common/tile/qio/TileEntityQIODriveArray$DriveStatus
[08Jun2026 11:31:40.031] [Worker-ResourceReload-8/INFO] [mekanism.common.Mekanism/]: Initialized HolidayManager.
[08Jun2026 11:31:40.105] [Worker-ResourceReload-8/INFO] [dev.architectury.networking.forge.NetworkManagerImpl/]: Registering S2C receiver with id ae2wtlib:update_wut
[08Jun2026 11:31:40.106] [Worker-ResourceReload-8/INFO] [dev.architectury.networking.forge.NetworkManagerImpl/]: Registering S2C receiver with id ae2wtlib:update_restock
[08Jun2026 11:31:40.108] [Worker-ResourceReload-8/INFO] [dev.architectury.networking.forge.NetworkManagerImpl/]: Registering S2C receiver with id ae2wtlib:restock_amounts
[08Jun2026 11:31:40.128] [Worker-ResourceReload-8/INFO] [xaero.minimap.XaeroMinimap/]: Loading Xaero's Minimap - Stage 1/2
[08Jun2026 11:31:40.426] [Worker-ResourceReload-8/INFO] [com.teampotato.redirector.Redirector/]: Redirecting squeek/appleskin/client/HUDOverlayHandler$RenderOverlayType
[08Jun2026 11:31:40.504] [Render thread/INFO] [com.teampotato.redirector.Redirector/]: Redirecting net/minecraft/client/resources/DefaultPlayerSkin$ModelType
[08Jun2026 11:31:40.555] [Render thread/INFO] [com.teampotato.redirector.Redirector/]: Redirecting appeng/api/config/LockCraftingMode
[08Jun2026 11:31:40.669] [Render thread/INFO] [xaero.minimap.XaeroMinimap/]: Loading Xaero's Minimap - Stage 2/2
[08Jun2026 11:31:40.674] [Worker-ResourceReload-6/INFO] [Mantle/]: Loaded 72 fluid textures in 2640.6453 ms
[08Jun2026 11:31:40.784] [Render thread/INFO] [com.teampotato.redirector.Redirector/]: Redirecting xaero/common/category/rule/ExcludeListMode
[08Jun2026 11:31:41.085] [Worker-ResourceReload-5/INFO] [com.teampotato.redirector.Redirector/]: Redirecting slimeknights/tconstruct/library/client/materials/MaterialTextureField
[08Jun2026 11:31:41.086] [Worker-ResourceReload-5/INFO] [com.teampotato.redirector.Redirector/]: Redirecting slimeknights/tconstruct/library/client/materials/MaterialTextureField$TextureType
[08Jun2026 11:31:41.096] [Worker-ResourceReload-5/INFO] [slimeknights.tconstruct.library.client.materials.MaterialRenderInfoLoader/]: 132 material render infos loaded
[08Jun2026 11:31:42.366] [Render thread/INFO] [com.teampotato.redirector.Redirector/]: Redirecting xaero/common/gui/widget/WidgetType
[08Jun2026 11:31:42.377] [Render thread/INFO] [com.teampotato.redirector.Redirector/]: Redirecting xaero/common/gui/widget/ClickAction
[08Jun2026 11:31:42.378] [Render thread/INFO] [com.teampotato.redirector.Redirector/]: Redirecting xaero/common/gui/widget/HoverAction
[08Jun2026 11:31:42.379] [Render thread/INFO] [com.teampotato.redirector.Redirector/]: Redirecting xaero/common/gui/widget/Alignment
[08Jun2026 11:31:42.383] [Render thread/INFO] [xaero.hud.minimap.MinimapLogs/]: Registered player tracker system: minimap_synced
[08Jun2026 11:31:42.384] [Render thread/INFO] [xaero.hud.minimap.MinimapLogs/]: No Optifine!
[08Jun2026 11:31:42.384] [Render thread/INFO] [xaero.hud.minimap.MinimapLogs/]: Xaero's Minimap: No Vivecraft!
[08Jun2026 11:31:42.385] [Render thread/INFO] [xaero.hud.minimap.MinimapLogs/]: Xaero's Minimap: Iris found!
[08Jun2026 11:31:42.385] [Render thread/WARN] [net.minecraftforge.fml.DeferredWorkQueue/LOADING]: Mod 'xaerominimap' took 1.716 s to run a deferred task.
[08Jun2026 11:31:45.487] [Worker-ResourceReload-0/WARN] [net.minecraft.client.renderer.texture.SpriteLoader/]: Texture eccentrictome:item/tome with size 64x65 limits mip level from 4 to 0
[08Jun2026 11:31:46.485] [Worker-ResourceReload-5/INFO] [com.teampotato.redirector.Redirector/]: Redirecting net/minecraft/client/renderer/FaceInfo
[08Jun2026 11:31:46.489] [Worker-ResourceReload-5/INFO] [com.teampotato.redirector.Redirector/]: Redirecting me/jellysquid/mods/sodium/client/model/quad/properties/ModelQuadFacing
[08Jun2026 11:31:46.523] [Worker-ResourceReload-5/INFO] [com.teampotato.redirector.Redirector/]: Redirecting net/minecraft/client/renderer/block/model/ItemModelGenerator$SpanFacing
[08Jun2026 11:31:46.751] [Worker-ResourceReload-5/INFO] [com.teampotato.redirector.Redirector/]: Redirecting mekanism/common/lib/transmitter/ConnectionType
[08Jun2026 11:31:46.988] [Worker-ResourceReload-5/INFO] [com.teampotato.redirector.Redirector/]: Redirecting appeng/client/render/cablebus/CableCoreType
[08Jun2026 11:31:46.990] [Worker-ResourceReload-5/INFO] [com.teampotato.redirector.Redirector/]: Redirecting appeng/api/util/AECableSize
[08Jun2026 11:31:46.991] [Worker-ResourceReload-5/INFO] [com.teampotato.redirector.Redirector/]: Redirecting appeng/api/util/AECableVariant
[08Jun2026 11:31:47.001] [Worker-ResourceReload-5/INFO] [com.teampotato.redirector.Redirector/]: Redirecting appeng/api/orientation/BlockOrientation
[08Jun2026 11:31:47.597] [Worker-ResourceReload-5/INFO] [com.teampotato.redirector.Redirector/]: Redirecting mekanism/common/tile/TileEntityEnergyCube$CubeSideState
[08Jun2026 11:31:50.846] [ForkJoinPool.commonPool-worker-1/ERROR] [Railways/]: Failed to fetch dev cape data
java.net.ConnectException: null
	at jdk.internal.net.http.HttpClientImpl.send(HttpClientImpl.java:574) ~[java.net.http:?]
	at jdk.internal.net.http.HttpClientFacade.send(HttpClientFacade.java:123) ~[java.net.http:?]
	at com.railwayteam.railways.util.DevCapeUtils.lambda$refresh$0(DevCapeUtils.java:61) ~[?:?]
	at java.util.concurrent.CompletableFuture$AsyncRun.run(CompletableFuture.java:1804) ~[?:?]
	at java.util.concurrent.CompletableFuture$AsyncRun.exec(CompletableFuture.java:1796) ~[?:?]
	at java.util.concurrent.ForkJoinTask.doExec(ForkJoinTask.java:373) ~[?:?]
	at java.util.concurrent.ForkJoinPool$WorkQueue.topLevelExec(ForkJoinPool.java:1182) ~[?:?]
	at java.util.concurrent.ForkJoinPool.scan(ForkJoinPool.java:1655) ~[?:?]
	at java.util.concurrent.ForkJoinPool.runWorker(ForkJoinPool.java:1622) ~[?:?]
	at java.util.concurrent.ForkJoinWorkerThread.run(ForkJoinWorkerThread.java:165) ~[?:?]
Caused by: java.net.ConnectException
	at jdk.internal.net.http.common.Utils.toConnectException(Utils.java:1083) ~[java.net.http:?]
	at jdk.internal.net.http.PlainHttpConnection.connectAsync(PlainHttpConnection.java:198) ~[java.net.http:?]
	at jdk.internal.net.http.PlainHttpConnection.checkRetryConnect(PlainHttpConnection.java:230) ~[java.net.http:?]
	at jdk.internal.net.http.PlainHttpConnection.lambda$connectAsync$1(PlainHttpConnection.java:206) ~[java.net.http:?]
	at java.util.concurrent.CompletableFuture.uniHandle(CompletableFuture.java:934) ~[?:?]
	at java.util.concurrent.CompletableFuture$UniHandle.tryFire(CompletableFuture.java:911) ~[?:?]
	at java.util.concurrent.CompletableFuture.postComplete(CompletableFuture.java:510) ~[?:?]
	at java.util.concurrent.CompletableFuture$AsyncSupply.run(CompletableFuture.java:1773) ~[?:?]
	at java.util.concurrent.ThreadPoolExecutor.runWorker(ThreadPoolExecutor.java:1136) ~[?:?]
	at java.util.concurrent.ThreadPoolExecutor$Worker.run(ThreadPoolExecutor.java:635) ~[?:?]
	at java.lang.Thread.run(Thread.java:840) ~[?:?]
Caused by: java.nio.channels.ClosedChannelException
	at sun.nio.ch.SocketChannelImpl.ensureOpen(SocketChannelImpl.java:195) ~[?:?]
	at sun.nio.ch.SocketChannelImpl.beginConnect(SocketChannelImpl.java:760) ~[?:?]
	at sun.nio.ch.SocketChannelImpl.connect(SocketChannelImpl.java:848) ~[?:?]
	at jdk.internal.net.http.PlainHttpConnection.lambda$connectAsync$0(PlainHttpConnection.java:183) ~[java.net.http:?]
	at java.security.AccessController.doPrivileged(AccessController.java:569) ~[?:?]
	at jdk.internal.net.http.PlainHttpConnection.connectAsync(PlainHttpConnection.java:185) ~[java.net.http:?]
	at jdk.internal.net.http.PlainHttpConnection.checkRetryConnect(PlainHttpConnection.java:230) ~[java.net.http:?]
	at jdk.internal.net.http.PlainHttpConnection.lambda$connectAsync$1(PlainHttpConnection.java:206) ~[java.net.http:?]
	at java.util.concurrent.CompletableFuture.uniHandle(CompletableFuture.java:934) ~[?:?]
	at java.util.concurrent.CompletableFuture$UniHandle.tryFire(CompletableFuture.java:911) ~[?:?]
	at java.util.concurrent.CompletableFuture.postComplete(CompletableFuture.java:510) ~[?:?]
	at java.util.concurrent.CompletableFuture$AsyncSupply.run(CompletableFuture.java:1773) ~[?:?]
	at java.util.concurrent.ThreadPoolExecutor.runWorker(ThreadPoolExecutor.java:1136) ~[?:?]
	at java.util.concurrent.ThreadPoolExecutor$Worker.run(ThreadPoolExecutor.java:635) ~[?:?]
	at java.lang.Thread.run(Thread.java:840) ~[?:?]
[08Jun2026 11:31:51.095] [Worker-ResourceReload-5/INFO] [com.teampotato.redirector.Redirector/]: Redirecting appeng/client/render/tesr/spatial/SpatialPylonTextureType
[08Jun2026 11:31:51.620] [Worker-ResourceReload-5/WARN] [Mantle/]: Using deprecated 'luminosity' field on ColoredBlockModel color data for tconstruct:queens_slime_block#inventory, this will be removed in 1.20 in favor of Forge's 'emissivity'.
[08Jun2026 11:31:51.764] [Worker-ResourceReload-5/WARN] [Mantle/]: Using deprecated 'luminosity' field on ColoredBlockModel color data for tconstruct:block/storage/queens_slime, this will be removed in 1.20 in favor of Forge's 'emissivity'.
[08Jun2026 11:31:51.844] [Worker-ResourceReload-5/WARN] [net.minecraft.client.resources.model.ModelManager/]: Missing textures in model ue_addons:pb_f#level=12:
    minecraft:textures/atlas/blocks.png:ue_addons:block/pb_still
[08Jun2026 11:31:51.844] [Worker-ResourceReload-5/WARN] [net.minecraft.client.resources.model.ModelManager/]: Missing textures in model ue_addons:iron_f#level=1:
    minecraft:textures/atlas/blocks.png:ue_addons:block/iron_still
[08Jun2026 11:31:51.844] [Worker-ResourceReload-5/WARN] [net.minecraft.client.resources.model.ModelManager/]: Missing textures in model supplementaries:confetti_popper#inventory:
    minecraft:textures/atlas/blocks.png:supplementaries:party_hat/party_hat
[08Jun2026 11:31:51.844] [Worker-ResourceReload-5/WARN] [net.minecraft.client.resources.model.ModelManager/]: Missing textures in model ue_addons:cu_f#level=8:
    minecraft:textures/atlas/blocks.png:ue_addons:block/cu_still
[08Jun2026 11:31:51.844] [Worker-ResourceReload-5/WARN] [net.minecraft.client.resources.model.ModelManager/]: Missing textures in model ue_addons:ni_f_bucket#inventory:
    minecraft:textures/atlas/blocks.png:ue_addons:block/ni_still
[08Jun2026 11:31:51.844] [Worker-ResourceReload-5/WARN] [net.minecraft.client.resources.model.ModelManager/]: Missing textures in model ue_addons:zn_f#level=7:
    minecraft:textures/atlas/blocks.png:ue_addons:block/zn_still
[08Jun2026 11:31:51.845] [Worker-ResourceReload-5/WARN] [net.minecraft.client.resources.model.ModelManager/]: Missing textures in model ue_addons:zn_f_bucket#inventory:
    minecraft:textures/atlas/blocks.png:ue_addons:block/zn_still
[08Jun2026 11:31:51.845] [Worker-ResourceReload-5/WARN] [net.minecraft.client.resources.model.ModelManager/]: Missing textures in model ue_addons:au_f#level=0:
    minecraft:textures/atlas/blocks.png:ue_addons:block/au_still
[08Jun2026 11:31:51.845] [Worker-ResourceReload-5/WARN] [net.minecraft.client.resources.model.ModelManager/]: Missing textures in model ue_addons:sn_f#level=3:
    minecraft:textures/atlas/blocks.png:ue_addons:block/sn_still
[08Jun2026 11:31:51.845] [Worker-ResourceReload-5/WARN] [net.minecraft.client.resources.model.ModelManager/]: Missing textures in model ue_addons:au_f_bucket#inventory:
    minecraft:textures/atlas/blocks.png:ue_addons:block/au_still
[08Jun2026 11:31:51.845] [Worker-ResourceReload-5/WARN] [net.minecraft.client.resources.model.ModelManager/]: Missing textures in model ue_addons:brass_machine#inventory:
    minecraft:textures/atlas/blocks.png:ue_addons:block/au_still
[08Jun2026 11:31:51.845] [Worker-ResourceReload-5/WARN] [net.minecraft.client.resources.model.ModelManager/]: Missing textures in model ue_addons:brass_machine#facing=south,waterlogged=false:
    minecraft:textures/atlas/blocks.png:ue_addons:block/au_still
[08Jun2026 11:31:51.845] [Worker-ResourceReload-5/WARN] [net.minecraft.client.resources.model.ModelManager/]: Missing textures in model ue_addons:brass_machine#facing=east,waterlogged=true:
    minecraft:textures/atlas/blocks.png:ue_addons:block/au_still
[08Jun2026 11:31:51.845] [Worker-ResourceReload-5/WARN] [net.minecraft.client.resources.model.ModelManager/]: Missing textures in model ue_addons:os_f#level=6:
    minecraft:textures/atlas/blocks.png:ue_addons:block/os_still
[08Jun2026 11:31:51.845] [Worker-ResourceReload-5/WARN] [net.minecraft.client.resources.model.ModelManager/]: Missing textures in model create_connected:fan_enriched_catalyst#:
    minecraft:textures/atlas/blocks.png:createnuclear:block/enriched_soul_soil
    minecraft:textures/atlas/blocks.png:createnuclear:block/enriching/campfire/enriching_flame
[08Jun2026 11:31:51.845] [Worker-ResourceReload-5/WARN] [net.minecraft.client.resources.model.ModelManager/]: Missing textures in model ue_addons:brass_machine#facing=north,waterlogged=false:
    minecraft:textures/atlas/blocks.png:ue_addons:block/au_still
[08Jun2026 11:31:51.845] [Worker-ResourceReload-5/WARN] [net.minecraft.client.resources.model.ModelManager/]: Missing textures in model create_connected:fan_ending_catalyst_dragons_breath#inventory:
    minecraft:textures/atlas/blocks.png:create_dragons_plus:fluid/dragon_breath_flow
[08Jun2026 11:31:51.846] [Worker-ResourceReload-5/WARN] [net.minecraft.client.resources.model.ModelManager/]: Missing textures in model ue_addons:uf#level=4:
    minecraft:textures/atlas/blocks.png:ue_addons:block/u_still
[08Jun2026 11:31:51.846] [Worker-ResourceReload-5/WARN] [net.minecraft.client.resources.model.ModelManager/]: Missing textures in model ue_addons:cu_f_bucket#inventory:
    minecraft:textures/atlas/blocks.png:ue_addons:block/cu_still
[08Jun2026 11:31:51.846] [Worker-ResourceReload-5/WARN] [net.minecraft.client.resources.model.ModelManager/]: Missing textures in model ue_addons:iron_f_bucket#inventory:
    minecraft:textures/atlas/blocks.png:ue_addons:block/iron_still
[08Jun2026 11:31:51.846] [Worker-ResourceReload-5/WARN] [net.minecraft.client.resources.model.ModelManager/]: Missing textures in model ue_addons:ni_f#level=12:
    minecraft:textures/atlas/blocks.png:ue_addons:block/ni_still
[08Jun2026 11:31:51.846] [Worker-ResourceReload-5/WARN] [net.minecraft.client.resources.model.ModelManager/]: Missing textures in model ue_addons:os_f_bucket#inventory:
    minecraft:textures/atlas/blocks.png:ue_addons:block/os_still
[08Jun2026 11:31:51.846] [Worker-ResourceReload-5/WARN] [net.minecraft.client.resources.model.ModelManager/]: Missing textures in model create_connected:fan_ending_catalyst_dragons_breath#:
    minecraft:textures/atlas/blocks.png:create_dragons_plus:fluid/dragon_breath_flow
[08Jun2026 11:31:51.846] [Worker-ResourceReload-5/WARN] [net.minecraft.client.resources.model.ModelManager/]: Missing textures in model createaddition:small_light_connector#facing=west,mode=push,powered=true,rotation=x_clockwise_180,variant=default:
    minecraft:textures/atlas/blocks.png:create:block/chute_block
[08Jun2026 11:31:51.846] [Worker-ResourceReload-5/WARN] [net.minecraft.client.resources.model.ModelManager/]: Missing textures in model create_connected:fan_enriched_catalyst#inventory:
    minecraft:textures/atlas/blocks.png:createnuclear:block/enriched_soul_soil
    minecraft:textures/atlas/blocks.png:createnuclear:block/enriching/campfire/enriching_flame
[08Jun2026 11:31:51.846] [Worker-ResourceReload-5/WARN] [net.minecraft.client.resources.model.ModelManager/]: Missing textures in model ue_addons:sn_f_bucket#inventory:
    minecraft:textures/atlas/blocks.png:ue_addons:block/sn_still
[08Jun2026 11:31:51.846] [Worker-ResourceReload-5/WARN] [net.minecraft.client.resources.model.ModelManager/]: Missing textures in model ue_addons:brass_machine#facing=west,waterlogged=true:
    minecraft:textures/atlas/blocks.png:ue_addons:block/au_still
[08Jun2026 11:31:51.846] [Worker-ResourceReload-5/WARN] [net.minecraft.client.resources.model.ModelManager/]: Missing textures in model ue_addons:uf_bucket#inventory:
    minecraft:textures/atlas/blocks.png:ue_addons:block/u_still
[08Jun2026 11:31:51.846] [Worker-ResourceReload-5/WARN] [net.minecraft.client.resources.model.ModelManager/]: Missing textures in model ue_addons:pb_f_bucket#inventory:
    minecraft:textures/atlas/blocks.png:ue_addons:block/pb_still
[08Jun2026 11:31:51.873] [Worker-ResourceReload-5/INFO] [com.teampotato.redirector.Redirector/]: Redirecting team/chisel/ctm/client/util/BlockRenderLayer
[08Jun2026 11:31:56.401] [Worker-ResourceReload-5/INFO] [com.teampotato.redirector.Redirector/]: Redirecting com/copycatsplus/copycats/foundation/copycat/model/CopycatModelCore$EntryType
[08Jun2026 11:31:56.469] [Worker-ResourceReload-5/INFO] [com.teampotato.redirector.Redirector/]: Redirecting com/jaquadro/minecraft/storagedrawers/client/model/DrawerModelStore$DynamicPart
[08Jun2026 11:31:57.187] [Render thread/INFO] [com.teampotato.redirector.Redirector/]: Redirecting dev/ftb/mods/ftbquests/quest/theme/selector/ThemeSelectorType
[08Jun2026 11:31:57.226] [Worker-ResourceReload-0/INFO] [com.teampotato.redirector.Redirector/]: Redirecting top/theillusivec4/curios/api/SlotTypePreset
[08Jun2026 11:31:57.302] [Worker-ResourceReload-10/INFO] [com.teampotato.redirector.Redirector/]: Redirecting snownee/jade/api/config/IWailaConfig$DisplayMode
[08Jun2026 11:31:57.306] [Worker-ResourceReload-10/INFO] [com.teampotato.redirector.Redirector/]: Redirecting snownee/jade/api/config/IWailaConfig$TTSMode
[08Jun2026 11:31:57.309] [Worker-ResourceReload-10/INFO] [com.teampotato.redirector.Redirector/]: Redirecting snownee/jade/api/config/IWailaConfig$FluidMode
[08Jun2026 11:31:57.313] [Worker-ResourceReload-10/INFO] [com.teampotato.redirector.Redirector/]: Redirecting snownee/jade/api/config/IWailaConfig$BossBarOverlapMode
[08Jun2026 11:31:57.323] [Worker-ResourceReload-10/INFO] [com.teampotato.redirector.Redirector/]: Redirecting snownee/jade/api/config/IWailaConfig$IconMode
[08Jun2026 11:31:57.331] [Worker-ResourceReload-10/INFO] [Jade/]: Start loading plugin at net.blay09.mods.cookingforblockheads.compat.ForgeJadeCookingForBlockheadsPlugin
[08Jun2026 11:31:57.365] [Worker-ResourceReload-10/INFO] [Jade/]: Start loading plugin at de.maxhenkel.corpse.integration.waila.PluginCorpse
[08Jun2026 11:31:57.369] [Worker-ResourceReload-10/INFO] [Jade/]: Start loading plugin at com.supermartijn642.entangled.integration.EntangledWailaPlugin
[08Jun2026 11:31:57.370] [Worker-ResourceReload-10/INFO] [Jade/]: Start loading plugin at snownee.jade.addon.JadeAddonsBase
[08Jun2026 11:31:57.382] [Worker-ResourceReload-10/INFO] [com.teampotato.redirector.Redirector/]: Redirecting snownee/jade/addon/create/BlazeBurnerProvider
[08Jun2026 11:31:57.384] [Worker-ResourceReload-10/INFO] [com.teampotato.redirector.Redirector/]: Redirecting snownee/jade/addon/create/BacktankProvider
[08Jun2026 11:31:57.385] [Worker-ResourceReload-10/INFO] [com.teampotato.redirector.Redirector/]: Redirecting snownee/jade/addon/create/ContraptionItemStorageProvider
[08Jun2026 11:31:57.386] [Worker-ResourceReload-10/INFO] [com.teampotato.redirector.Redirector/]: Redirecting snownee/jade/addon/create/ContraptionFluidStorageProvider
[08Jun2026 11:31:57.388] [Worker-ResourceReload-10/INFO] [com.teampotato.redirector.Redirector/]: Redirecting snownee/jade/addon/create/HideBoilerHandlerProvider
[08Jun2026 11:31:57.396] [Worker-ResourceReload-10/INFO] [com.teampotato.redirector.Redirector/]: Redirecting snownee/jade/addon/create/CraftingBlueprintProvider
[08Jun2026 11:31:57.399] [Worker-ResourceReload-10/INFO] [com.teampotato.redirector.Redirector/]: Redirecting snownee/jade/addon/create/PlacardProvider
[08Jun2026 11:31:57.400] [Worker-ResourceReload-10/INFO] [com.teampotato.redirector.Redirector/]: Redirecting snownee/jade/addon/create/ContraptionExactBlockProvider
[08Jun2026 11:31:57.403] [Worker-ResourceReload-10/INFO] [com.teampotato.redirector.Redirector/]: Redirecting snownee/jade/addon/create/FilterProvider
[08Jun2026 11:31:57.411] [Worker-ResourceReload-10/INFO] [Jade/]: Start loading plugin at snownee.kiwi.customization.compat.jade.JadeCompat
[08Jun2026 11:31:57.412] [Worker-ResourceReload-10/INFO] [Jade/]: Start loading plugin at mekanism.common.integration.lookingat.jade.MekanismJadePlugin
[08Jun2026 11:31:57.423] [Worker-ResourceReload-10/INFO] [Jade/]: Start loading plugin at snownee.jade.addon.vanilla.VanillaPlugin
[08Jun2026 11:31:57.426] [Worker-ResourceReload-10/INFO] [com.teampotato.redirector.Redirector/]: Redirecting snownee/jade/addon/vanilla/BrewingStandProvider
[08Jun2026 11:31:57.428] [Worker-ResourceReload-10/INFO] [com.teampotato.redirector.Redirector/]: Redirecting snownee/jade/addon/vanilla/BeehiveProvider
[08Jun2026 11:31:57.429] [Worker-ResourceReload-10/INFO] [com.teampotato.redirector.Redirector/]: Redirecting snownee/jade/addon/vanilla/CommandBlockProvider
[08Jun2026 11:31:57.431] [Worker-ResourceReload-10/INFO] [com.teampotato.redirector.Redirector/]: Redirecting snownee/jade/addon/vanilla/JukeboxProvider
[08Jun2026 11:31:57.433] [Worker-ResourceReload-10/INFO] [com.teampotato.redirector.Redirector/]: Redirecting snownee/jade/addon/vanilla/LecternProvider
[08Jun2026 11:31:57.434] [Worker-ResourceReload-10/INFO] [com.teampotato.redirector.Redirector/]: Redirecting snownee/jade/addon/vanilla/RedstoneProvider
[08Jun2026 11:31:57.437] [Worker-ResourceReload-10/INFO] [com.teampotato.redirector.Redirector/]: Redirecting snownee/jade/addon/vanilla/FurnaceProvider
[08Jun2026 11:31:57.438] [Worker-ResourceReload-10/INFO] [com.teampotato.redirector.Redirector/]: Redirecting snownee/jade/addon/vanilla/ChiseledBookshelfProvider
[08Jun2026 11:31:57.440] [Worker-ResourceReload-10/INFO] [com.teampotato.redirector.Redirector/]: Redirecting snownee/jade/addon/universal/ItemStorageProvider
[08Jun2026 11:31:57.445] [Worker-ResourceReload-10/INFO] [com.teampotato.redirector.Redirector/]: Redirecting snownee/jade/addon/vanilla/AnimalOwnerProvider
[08Jun2026 11:31:57.447] [Worker-ResourceReload-10/INFO] [com.teampotato.redirector.Redirector/]: Redirecting snownee/jade/addon/vanilla/StatusEffectsProvider
[08Jun2026 11:31:57.448] [Worker-ResourceReload-10/INFO] [com.teampotato.redirector.Redirector/]: Redirecting snownee/jade/addon/vanilla/MobGrowthProvider
[08Jun2026 11:31:57.449] [Worker-ResourceReload-10/INFO] [com.teampotato.redirector.Redirector/]: Redirecting snownee/jade/addon/vanilla/MobBreedingProvider
[08Jun2026 11:31:57.451] [Worker-ResourceReload-10/INFO] [com.teampotato.redirector.Redirector/]: Redirecting snownee/jade/addon/vanilla/ChickenEggProvider
[08Jun2026 11:31:57.452] [Worker-ResourceReload-10/INFO] [com.teampotato.redirector.Redirector/]: Redirecting snownee/jade/addon/vanilla/ZombieVillagerProvider
[08Jun2026 11:31:57.454] [Worker-ResourceReload-10/INFO] [com.teampotato.redirector.Redirector/]: Redirecting snownee/jade/addon/vanilla/CampfireProvider
[08Jun2026 11:31:57.456] [Worker-ResourceReload-10/INFO] [com.teampotato.redirector.Redirector/]: Redirecting snownee/jade/addon/vanilla/BlockStatesProvider
[08Jun2026 11:31:57.458] [Worker-ResourceReload-10/INFO] [com.teampotato.redirector.Redirector/]: Redirecting snownee/jade/addon/vanilla/HorseStatsProvider
[08Jun2026 11:31:57.460] [Worker-ResourceReload-10/INFO] [com.teampotato.redirector.Redirector/]: Redirecting snownee/jade/addon/vanilla/ItemFrameProvider
[08Jun2026 11:31:57.461] [Worker-ResourceReload-10/INFO] [com.teampotato.redirector.Redirector/]: Redirecting snownee/jade/addon/vanilla/TNTStabilityProvider
[08Jun2026 11:31:57.462] [Worker-ResourceReload-10/INFO] [com.teampotato.redirector.Redirector/]: Redirecting snownee/jade/addon/vanilla/NoteBlockProvider
[08Jun2026 11:31:57.463] [Worker-ResourceReload-10/INFO] [com.teampotato.redirector.Redirector/]: Redirecting snownee/jade/addon/vanilla/ArmorStandProvider
[08Jun2026 11:31:57.464] [Worker-ResourceReload-10/INFO] [com.teampotato.redirector.Redirector/]: Redirecting snownee/jade/addon/vanilla/PaintingProvider
[08Jun2026 11:31:57.465] [Worker-ResourceReload-10/INFO] [com.teampotato.redirector.Redirector/]: Redirecting snownee/jade/addon/harvest/HarvestToolProvider
[08Jun2026 11:31:57.469] [Worker-ResourceReload-10/INFO] [com.teampotato.redirector.Redirector/]: Redirecting snownee/jade/addon/vanilla/EnchantmentPowerProvider
[08Jun2026 11:31:57.469] [Worker-ResourceReload-10/INFO] [com.teampotato.redirector.Redirector/]: Redirecting snownee/jade/addon/vanilla/TotalEnchantmentPowerProvider
[08Jun2026 11:31:57.470] [Worker-ResourceReload-10/INFO] [com.teampotato.redirector.Redirector/]: Redirecting snownee/jade/addon/vanilla/PlayerHeadProvider
[08Jun2026 11:31:57.471] [Worker-ResourceReload-10/INFO] [com.teampotato.redirector.Redirector/]: Redirecting snownee/jade/addon/vanilla/ItemBERProvider
[08Jun2026 11:31:57.472] [Worker-ResourceReload-10/INFO] [com.teampotato.redirector.Redirector/]: Redirecting snownee/jade/addon/vanilla/VillagerProfessionProvider
[08Jun2026 11:31:57.475] [Worker-ResourceReload-10/INFO] [com.teampotato.redirector.Redirector/]: Redirecting snownee/jade/addon/vanilla/ItemTooltipProvider
[08Jun2026 11:31:57.477] [Worker-ResourceReload-10/INFO] [com.teampotato.redirector.Redirector/]: Redirecting snownee/jade/addon/vanilla/FallingBlockProvider
[08Jun2026 11:31:57.478] [Worker-ResourceReload-10/INFO] [com.teampotato.redirector.Redirector/]: Redirecting snownee/jade/addon/vanilla/EntityHealthProvider
[08Jun2026 11:31:57.479] [Worker-ResourceReload-10/INFO] [com.teampotato.redirector.Redirector/]: Redirecting snownee/jade/addon/vanilla/EntityArmorProvider
[08Jun2026 11:31:57.480] [Worker-ResourceReload-10/INFO] [com.teampotato.redirector.Redirector/]: Redirecting snownee/jade/addon/vanilla/CropProgressProvider
[08Jun2026 11:31:57.481] [Worker-ResourceReload-10/INFO] [com.teampotato.redirector.Redirector/]: Redirecting snownee/jade/addon/vanilla/MobSpawnerProvider
[08Jun2026 11:31:57.482] [Worker-ResourceReload-10/INFO] [com.teampotato.redirector.Redirector/]: Redirecting snownee/jade/addon/core/ObjectNameProvider
[08Jun2026 11:31:57.483] [Worker-ResourceReload-10/INFO] [com.teampotato.redirector.Redirector/]: Redirecting snownee/jade/addon/vanilla/ItemDisplayProvider
[08Jun2026 11:31:57.484] [Worker-ResourceReload-10/INFO] [com.teampotato.redirector.Redirector/]: Redirecting snownee/jade/addon/vanilla/BlockDisplayProvider
[08Jun2026 11:31:57.485] [Worker-ResourceReload-10/INFO] [com.teampotato.redirector.Redirector/]: Redirecting snownee/jade/addon/vanilla/WaxedProvider
[08Jun2026 11:31:57.487] [Worker-ResourceReload-10/INFO] [Jade/]: Start loading plugin at snownee.jade.addon.universal.UniversalPlugin
[08Jun2026 11:31:57.488] [Worker-ResourceReload-10/INFO] [com.teampotato.redirector.Redirector/]: Redirecting snownee/jade/addon/universal/EntityItemStorageProvider
[08Jun2026 11:31:57.489] [Worker-ResourceReload-10/INFO] [com.teampotato.redirector.Redirector/]: Redirecting snownee/jade/addon/universal/FluidStorageProvider
[08Jun2026 11:31:57.492] [Worker-ResourceReload-10/INFO] [com.teampotato.redirector.Redirector/]: Redirecting snownee/jade/addon/universal/EntityFluidStorageProvider
[08Jun2026 11:31:57.493] [Worker-ResourceReload-10/INFO] [com.teampotato.redirector.Redirector/]: Redirecting snownee/jade/addon/universal/EnergyStorageProvider
[08Jun2026 11:31:57.495] [Worker-ResourceReload-10/INFO] [com.teampotato.redirector.Redirector/]: Redirecting snownee/jade/addon/universal/EntityEnergyStorageProvider
[08Jun2026 11:31:57.496] [Worker-ResourceReload-10/INFO] [com.teampotato.redirector.Redirector/]: Redirecting snownee/jade/addon/universal/ProgressProvider
[08Jun2026 11:31:57.498] [Worker-ResourceReload-10/INFO] [com.teampotato.redirector.Redirector/]: Redirecting snownee/jade/addon/universal/EntityProgressProvider
[08Jun2026 11:31:57.499] [Worker-ResourceReload-10/INFO] [Jade/]: Start loading plugin at snownee.jade.addon.core.CorePlugin
[08Jun2026 11:31:57.500] [Worker-ResourceReload-10/INFO] [com.teampotato.redirector.Redirector/]: Redirecting snownee/jade/addon/core/RegistryNameProvider$Mode
[08Jun2026 11:31:57.502] [Worker-ResourceReload-10/INFO] [com.teampotato.redirector.Redirector/]: Redirecting snownee/jade/addon/core/RegistryNameProvider
[08Jun2026 11:31:57.503] [Worker-ResourceReload-10/INFO] [com.teampotato.redirector.Redirector/]: Redirecting snownee/jade/addon/core/ModNameProvider
[08Jun2026 11:31:57.505] [Worker-ResourceReload-10/INFO] [com.teampotato.redirector.Redirector/]: Redirecting snownee/jade/addon/core/DistanceProvider
[08Jun2026 11:31:57.506] [Worker-ResourceReload-10/INFO] [com.teampotato.redirector.Redirector/]: Redirecting snownee/jade/addon/core/BlockFaceProvider
[08Jun2026 11:31:57.507] [Worker-ResourceReload-10/INFO] [Jade/]: Start loading plugin at appeng.integration.modules.jade.JadeModule
[08Jun2026 11:31:57.522] [Worker-ResourceReload-2/INFO] [PonderIndex/]: Registering Ponder Scenes took 251.9 ms
[08Jun2026 11:31:57.527] [Worker-ResourceReload-10/INFO] [Jade/]: Start loading plugin at net.mehvahdjukaar.supplementaries.integration.JadeCompat
[08Jun2026 11:31:57.528] [Worker-ResourceReload-10/INFO] [Jade/]: Start loading plugin at dev.celestiacraft.industrialplatform.compat.jade.IPJadePlugin
[08Jun2026 11:31:57.529] [Worker-ResourceReload-10/INFO] [com.teampotato.redirector.Redirector/]: Redirecting dev/celestiacraft/industrialplatform/compat/jade/IPComponentProvider
[08Jun2026 11:31:57.530] [Worker-ResourceReload-10/INFO] [Industrial Platform/]: Jade Plugin is registered!
[08Jun2026 11:31:57.531] [Worker-ResourceReload-10/INFO] [Jade/]: Start loading plugin at com.jaquadro.minecraft.storagedrawers.integration.Waila
[08Jun2026 11:31:57.532] [Worker-ResourceReload-10/INFO] [Jade/]: Start loading plugin at me.ramidzkh.mekae2.integration.jade.AMJadePlugin
[08Jun2026 11:31:57.543] [Worker-ResourceReload-2/INFO] [PonderIndex/]: Registering Ponder Tags took 22.18 ms
[08Jun2026 11:31:57.798] [modloading-worker-0/INFO] [com.teampotato.redirector.Redirector/]: Redirecting org/embeddedt/modernfix/util/BakeReason
[08Jun2026 11:31:58.684] [Render thread/WARN] [net.minecraft.client.resources.language.ClientLanguage/]: Skipped language file: patchouli:lang/zh_cn.json (com.google.gson.JsonSyntaxException: com.google.gson.stream.MalformedJsonException: Unterminated object at line 98 column 3 path $.patchouli.gui.lexicon.button.history)
[08Jun2026 11:31:58.764] [Render thread/INFO] [com.teampotato.redirector.Redirector/]: Redirecting net/mehvahdjukaar/supplementaries/common/utils/MiscUtils$Festivity
[08Jun2026 11:31:59.109] [Render thread/WARN] [net.minecraft.client.sounds.SoundEngine/]: Missing sound for event: minecraft:item.goat_horn.play
[08Jun2026 11:31:59.109] [Render thread/WARN] [net.minecraft.client.sounds.SoundEngine/]: Missing sound for event: minecraft:entity.goat.screaming.horn_break
[08Jun2026 11:31:59.165] [Render thread/INFO] [com.mojang.blaze3d.audio.Library/]: OpenAL initialized on device OpenAL Soft on 扬声器 (Realtek(R) Audio)
[08Jun2026 11:31:59.166] [Render thread/INFO] [net.minecraft.client.sounds.SoundEngine/SOUNDS]: Sound engine started
[08Jun2026 11:31:59.169] [Render thread/INFO] [net.minecraft.client.sounds.SoundEngine/]: [FANCYMENU] Reloading AudioResourceHandler after Minecraft SoundEngine reload..
[08Jun2026 11:31:59.296] [Render thread/INFO] [mod.chiselsandbits.client.reloading.ClientResourceReloadingManager/]: Resetting client caches
[08Jun2026 11:31:59.297] [Render thread/INFO] [mod.chiselsandbits.reloading.DataReloadingResourceManager/]: Resetting common caches
[08Jun2026 11:31:59.298] [Render thread/INFO] [net.minecraft.client.renderer.texture.TextureAtlas/]: Created: 256x256x0 chiselsandbits:textures/atlases/icons.png-atlas
[08Jun2026 11:31:59.322] [Render thread/INFO] [net.minecraft.client.renderer.texture.TextureAtlas/]: Created: 8192x4096x4 minecraft:textures/atlas/blocks.png-atlas
[08Jun2026 11:32:10.182] [Thread-18/WARN] [Supplementaries/]: Failed to fetch contributors data from url https://raw.githubusercontent.com/MehVahdJukaar/Supplementaries/master/credits.json, java.net.ConnectException: Connection timed out: connect
[08Jun2026 11:32:18.949] [Render thread/INFO] [net.minecraft.client.renderer.texture.TextureAtlas/]: Created: 512x512x4 minecraft:textures/atlas/signs.png-atlas
[08Jun2026 11:32:19.025] [Render thread/INFO] [net.minecraft.client.renderer.texture.TextureAtlas/]: Created: 512x512x4 minecraft:textures/atlas/shield_patterns.png-atlas
[08Jun2026 11:32:19.052] [Render thread/INFO] [net.minecraft.client.renderer.texture.TextureAtlas/]: Created: 512x512x4 minecraft:textures/atlas/banner_patterns.png-atlas
[08Jun2026 11:32:19.147] [Render thread/INFO] [net.minecraft.client.renderer.texture.TextureAtlas/]: Created: 2048x2048x4 minecraft:textures/atlas/armor_trims.png-atlas
[08Jun2026 11:32:20.293] [Render thread/INFO] [net.minecraft.client.renderer.texture.TextureAtlas/]: Created: 128x64x4 minecraft:textures/atlas/decorated_pot.png-atlas
[08Jun2026 11:32:20.295] [Render thread/INFO] [net.minecraft.client.renderer.texture.TextureAtlas/]: Created: 512x256x4 minecraft:textures/atlas/chest.png-atlas
[08Jun2026 11:32:20.299] [Render thread/INFO] [net.minecraft.client.renderer.texture.TextureAtlas/]: Created: 512x256x4 minecraft:textures/atlas/beds.png-atlas
[08Jun2026 11:32:20.303] [Render thread/INFO] [net.minecraft.client.renderer.texture.TextureAtlas/]: Created: 512x256x4 minecraft:textures/atlas/shulker_boxes.png-atlas
[08Jun2026 11:32:20.496] [Render thread/INFO] [com.teampotato.redirector.Redirector/]: Redirecting team/chisel/ctm/client/util/BlockstatePredicateParser$ComparisonType
[08Jun2026 11:32:20.895] [Render thread/INFO] [com.teampotato.redirector.Redirector/]: Redirecting team/chisel/ctm/client/util/BlockstatePredicateParser$Composition
[08Jun2026 11:32:30.924] [Render thread/INFO] [com.teampotato.redirector.Redirector/]: Redirecting net/minecraft/client/model/HumanoidModel$ArmPose
[08Jun2026 11:32:30.963] [Render thread/INFO] [com.teampotato.redirector.Redirector/]: Redirecting net/minecraft/world/entity/animal/axolotl/Axolotl$Variant
[08Jun2026 11:32:30.965] [Render thread/INFO] [com.teampotato.redirector.Redirector/]: Redirecting net/minecraft/world/entity/animal/MushroomCow$MushroomType
[08Jun2026 11:32:31.066] [Render thread/INFO] [com.teampotato.redirector.Redirector/]: Redirecting net/minecraft/world/entity/animal/horse/Markings
[08Jun2026 11:32:31.068] [Render thread/INFO] [com.teampotato.redirector.Redirector/]: Redirecting net/minecraft/world/entity/animal/IronGolem$Crackiness
[08Jun2026 11:32:31.119] [Render thread/WARN] [Supplementaries/]: Failed to add slimed layer to entity: entity.create.package. This bug was caused by forge!
[08Jun2026 11:32:31.715] [Render thread/WARN] [net.minecraft.client.renderer.ShaderInstance/]: Shader rendertype_entity_translucent_emissive could not find sampler named Sampler2 in the specified shader program.
[08Jun2026 11:32:32.474] [Render thread/WARN] [net.minecraft.client.renderer.ShaderInstance/]: Shader cofh_core:particle_over could not find sampler named Sampler2 in the specified shader program.
[08Jun2026 11:32:32.490] [Render thread/WARN] [net.minecraft.client.renderer.ShaderInstance/]: Shader cofh_core:particle_add could not find sampler named Sampler2 in the specified shader program.
[08Jun2026 11:32:32.508] [Render thread/WARN] [net.minecraft.client.renderer.ShaderInstance/]: Shader cofh_core:particle_screen could not find sampler named Sampler2 in the specified shader program.
[08Jun2026 11:32:32.559] [Render thread/INFO] [com.mojang.blaze3d.platform.GlDebug/]: OpenGL debug message: id=1, source=SHADER COMPILER, type=ERROR, severity=HIGH, message='SHADER_ID_LINK error has been generated. GLSL link failed for program 235, "": The  shader uses varying frag_IViewRotMat, but previous shader does not write to it.
Out of resource error.
'
[08Jun2026 11:32:32.559] [Render thread/WARN] [com.mojang.blaze3d.shaders.ProgramManager/]: Error encountered when linking program containing VS supplementaries:spherify and FS supplementaries:spherify. Log output:
[08Jun2026 11:32:32.560] [Render thread/WARN] [com.mojang.blaze3d.shaders.ProgramManager/]: The  shader uses varying frag_IViewRotMat, but previous shader does not write to it.
Out of resource error.

[08Jun2026 11:32:32.561] [Render thread/INFO] [com.mojang.blaze3d.platform.GlDebug/]: OpenGL debug message: id=1282, source=API, type=ERROR, severity=HIGH, message='Error has been generated. GL error GL_INVALID_OPERATION in (null): (ID: 3891749976) glGetUniformLocation- program 235, "" is not linked'
[08Jun2026 11:32:32.561] [Render thread/INFO] [com.mojang.blaze3d.platform.GlDebug/]: OpenGL debug message: id=1282, source=API, type=ERROR, severity=HIGH, message='Error has been generated. GL error GL_INVALID_OPERATION in (null): (ID: 3891749976) glGetUniformLocation- program 235, "" is not linked'
[08Jun2026 11:32:32.561] [Render thread/INFO] [com.mojang.blaze3d.platform.GlDebug/]: OpenGL debug message: id=1282, source=API, type=ERROR, severity=HIGH, message='Error has been generated. GL error GL_INVALID_OPERATION in (null): (ID: 3891749976) glGetUniformLocation- program 235, "" is not linked'
[08Jun2026 11:32:32.561] [Render thread/INFO] [com.mojang.blaze3d.platform.GlDebug/]: OpenGL debug message: id=1282, source=API, type=ERROR, severity=HIGH, message='Error has been generated. GL error GL_INVALID_OPERATION in (null): (ID: 3891749976) glGetUniformLocation- program 235, "" is not linked'
[08Jun2026 11:32:32.561] [Render thread/WARN] [net.minecraft.client.renderer.ShaderInstance/]: Shader supplementaries:spherify could not find sampler named Sampler0 in the specified shader program.
[08Jun2026 11:32:32.561] [Render thread/INFO] [com.mojang.blaze3d.platform.GlDebug/]: OpenGL debug message: id=1282, source=API, type=ERROR, severity=HIGH, message='Error has been generated. GL error GL_INVALID_OPERATION in (null): (ID: 3891749976) glGetUniformLocation- program 235, "" is not linked'
[08Jun2026 11:32:32.561] [Render thread/WARN] [net.minecraft.client.renderer.ShaderInstance/]: Shader supplementaries:spherify could not find sampler named Sampler1 in the specified shader program.
[08Jun2026 11:32:32.561] [Render thread/INFO] [com.mojang.blaze3d.platform.GlDebug/]: OpenGL debug message: id=1282, source=API, type=ERROR, severity=HIGH, message='Error has been generated. GL error GL_INVALID_OPERATION in (null): (ID: 3891749976) glGetUniformLocation- program 235, "" is not linked'
[08Jun2026 11:32:32.561] [Render thread/WARN] [net.minecraft.client.renderer.ShaderInstance/]: Shader supplementaries:spherify could not find sampler named Sampler2 in the specified shader program.
[08Jun2026 11:32:32.561] [Render thread/INFO] [com.mojang.blaze3d.platform.GlDebug/]: OpenGL debug message: id=1282, source=API, type=ERROR, severity=HIGH, message='Error has been generated. GL error GL_INVALID_OPERATION in (null): (ID: 3891749976) glGetUniformLocation- program 235, "" is not linked'
[08Jun2026 11:32:32.561] [Render thread/WARN] [net.minecraft.client.renderer.ShaderInstance/]: Shader supplementaries:spherify could not find uniform named ModelViewMat in the specified shader program.
[08Jun2026 11:32:32.561] [Render thread/INFO] [com.mojang.blaze3d.platform.GlDebug/]: OpenGL debug message: id=1282, source=API, type=ERROR, severity=HIGH, message='Error has been generated. GL error GL_INVALID_OPERATION in (null): (ID: 3891749976) glGetUniformLocation- program 235, "" is not linked'
[08Jun2026 11:32:32.561] [Render thread/WARN] [net.minecraft.client.renderer.ShaderInstance/]: Shader supplementaries:spherify could not find uniform named ProjMat in the specified shader program.
[08Jun2026 11:32:32.561] [Render thread/INFO] [com.mojang.blaze3d.platform.GlDebug/]: OpenGL debug message: id=1282, source=API, type=ERROR, severity=HIGH, message='Error has been generated. GL error GL_INVALID_OPERATION in (null): (ID: 3891749976) glGetUniformLocation- program 235, "" is not linked'
[08Jun2026 11:32:32.561] [Render thread/WARN] [net.minecraft.client.renderer.ShaderInstance/]: Shader supplementaries:spherify could not find uniform named IViewRotMat in the specified shader program.
[08Jun2026 11:32:32.562] [Render thread/INFO] [com.mojang.blaze3d.platform.GlDebug/]: OpenGL debug message: id=1282, source=API, type=ERROR, severity=HIGH, message='Error has been generated. GL error GL_INVALID_OPERATION in (null): (ID: 3891749976) glGetUniformLocation- program 235, "" is not linked'
[08Jun2026 11:32:32.562] [Render thread/WARN] [net.minecraft.client.renderer.ShaderInstance/]: Shader supplementaries:spherify could not find uniform named ColorModulator in the specified shader program.
[08Jun2026 11:32:32.562] [Render thread/INFO] [com.mojang.blaze3d.platform.GlDebug/]: OpenGL debug message: id=1282, source=API, type=ERROR, severity=HIGH, message='Error has been generated. GL error GL_INVALID_OPERATION in (null): (ID: 3891749976) glGetUniformLocation- program 235, "" is not linked'
[08Jun2026 11:32:32.562] [Render thread/WARN] [net.minecraft.client.renderer.ShaderInstance/]: Shader supplementaries:spherify could not find uniform named Light0_Direction in the specified shader program.
[08Jun2026 11:32:32.562] [Render thread/INFO] [com.mojang.blaze3d.platform.GlDebug/]: OpenGL debug message: id=1282, source=API, type=ERROR, severity=HIGH, message='Error has been generated. GL error GL_INVALID_OPERATION in (null): (ID: 3891749976) glGetUniformLocation- program 235, "" is not linked'
[08Jun2026 11:32:32.562] [Render thread/WARN] [net.minecraft.client.renderer.ShaderInstance/]: Shader supplementaries:spherify could not find uniform named Light1_Direction in the specified shader program.
[08Jun2026 11:32:32.562] [Render thread/INFO] [com.mojang.blaze3d.platform.GlDebug/]: OpenGL debug message: id=1282, source=API, type=ERROR, severity=HIGH, message='Error has been generated. GL error GL_INVALID_OPERATION in (null): (ID: 3891749976) glGetUniformLocation- program 235, "" is not linked'
[08Jun2026 11:32:32.562] [Render thread/WARN] [net.minecraft.client.renderer.ShaderInstance/]: Shader supplementaries:spherify could not find uniform named FogStart in the specified shader program.
[08Jun2026 11:32:32.562] [Render thread/INFO] [com.mojang.blaze3d.platform.GlDebug/]: OpenGL debug message: id=1282, source=API, type=ERROR, severity=HIGH, message='Error has been generated. GL error GL_INVALID_OPERATION in (null): (ID: 3891749976) glGetUniformLocation- program 235, "" is not linked'
[08Jun2026 11:32:32.562] [Render thread/WARN] [net.minecraft.client.renderer.ShaderInstance/]: Shader supplementaries:spherify could not find uniform named FogEnd in the specified shader program.
[08Jun2026 11:32:32.562] [Render thread/INFO] [com.mojang.blaze3d.platform.GlDebug/]: OpenGL debug message: id=1282, source=API, type=ERROR, severity=HIGH, message='Error has been generated. GL error GL_INVALID_OPERATION in (null): (ID: 3891749976) glGetUniformLocation- program 235, "" is not linked'
[08Jun2026 11:32:32.562] [Render thread/WARN] [net.minecraft.client.renderer.ShaderInstance/]: Shader supplementaries:spherify could not find uniform named FogColor in the specified shader program.
[08Jun2026 11:32:32.562] [Render thread/INFO] [com.mojang.blaze3d.platform.GlDebug/]: OpenGL debug message: id=1282, source=API, type=ERROR, severity=HIGH, message='Error has been generated. GL error GL_INVALID_OPERATION in (null): (ID: 3891749976) glGetUniformLocation- program 235, "" is not linked'
[08Jun2026 11:32:32.562] [Render thread/WARN] [net.minecraft.client.renderer.ShaderInstance/]: Shader supplementaries:spherify could not find uniform named FogShape in the specified shader program.
[08Jun2026 11:32:32.562] [Render thread/INFO] [com.mojang.blaze3d.platform.GlDebug/]: OpenGL debug message: id=1282, source=API, type=ERROR, severity=HIGH, message='Error has been generated. GL error GL_INVALID_OPERATION in (null): (ID: 3891749976) glGetUniformLocation- program 235, "" is not linked'
[08Jun2026 11:32:32.562] [Render thread/WARN] [net.minecraft.client.renderer.ShaderInstance/]: Shader supplementaries:spherify could not find uniform named NoiseSpeed in the specified shader program.
[08Jun2026 11:32:32.562] [Render thread/INFO] [com.mojang.blaze3d.platform.GlDebug/]: OpenGL debug message: id=1282, source=API, type=ERROR, severity=HIGH, message='Error has been generated. GL error GL_INVALID_OPERATION in (null): (ID: 3891749976) glGetUniformLocation- program 235, "" is not linked'
[08Jun2026 11:32:32.562] [Render thread/WARN] [net.minecraft.client.renderer.ShaderInstance/]: Shader supplementaries:spherify could not find uniform named NoiseScale in the specified shader program.
[08Jun2026 11:32:32.562] [Render thread/INFO] [com.mojang.blaze3d.platform.GlDebug/]: OpenGL debug message: id=1282, source=API, type=ERROR, severity=HIGH, message='Error has been generated. GL error GL_INVALID_OPERATION in (null): (ID: 3891749976) glGetUniformLocation- program 235, "" is not linked'
[08Jun2026 11:32:32.562] [Render thread/WARN] [net.minecraft.client.renderer.ShaderInstance/]: Shader supplementaries:spherify could not find uniform named Intensity in the specified shader program.
[08Jun2026 11:32:32.563] [Render thread/INFO] [com.mojang.blaze3d.platform.GlDebug/]: OpenGL debug message: id=1282, source=API, type=ERROR, severity=HIGH, message='Error has been generated. GL error GL_INVALID_OPERATION in (null): (ID: 3891749976) glGetUniformLocation- program 235, "" is not linked'
[08Jun2026 11:32:32.563] [Render thread/WARN] [net.minecraft.client.renderer.ShaderInstance/]: Shader supplementaries:spherify could not find uniform named CameraPos in the specified shader program.
[08Jun2026 11:32:32.703] [Render thread/INFO] [net.minecraft.client.renderer.texture.TextureAtlas/]: Created: 2048x2048x0 minecraft:textures/atlas/particles.png-atlas
[08Jun2026 11:32:32.827] [Render thread/INFO] [net.minecraft.client.renderer.texture.TextureAtlas/]: Created: 512x256x0 minecraft:textures/atlas/paintings.png-atlas
[08Jun2026 11:32:32.846] [Render thread/INFO] [net.minecraft.client.renderer.texture.TextureAtlas/]: Created: 256x256x0 minecraft:textures/atlas/mob_effects.png-atlas
[08Jun2026 11:32:32.872] [Render thread/INFO] [com.teampotato.redirector.Redirector/]: Redirecting me/jellysquid/mods/sodium/client/gl/buffer/GlBufferTarget
[08Jun2026 11:32:32.875] [Render thread/INFO] [com.teampotato.redirector.Redirector/]: Redirecting me/jellysquid/mods/sodium/client/gl/buffer/GlBufferMapFlags
[08Jun2026 11:32:32.875] [Render thread/INFO] [com.teampotato.redirector.Redirector/]: Redirecting me/jellysquid/mods/sodium/client/gl/buffer/GlBufferStorageFlags
[08Jun2026 11:32:32.877] [Render thread/WARN] [Embeddium-MixinTaintDetector/]: Mod(s) [oculus] are modifying Embeddium class me.jellysquid.mods.sodium.client.gl.device.GLRenderDevice$ImmediateDrawCommandList, which may cause instability.
[08Jun2026 11:32:32.878] [Render thread/INFO] [com.teampotato.redirector.Redirector/]: Redirecting me/jellysquid/mods/sodium/client/gl/functions/BufferStorageFunctions
[08Jun2026 11:32:32.883] [Render thread/INFO] [patchouli/]: BookContentResourceListenerLoader preloaded 1230 jsons
[08Jun2026 11:32:32.883] [Render thread/INFO] [net.minecraft.client.renderer.texture.TextureAtlas/]: Created: 512x256x0 polylib:textures/atlas/gui.png-atlas
[08Jun2026 11:32:32.892] [Render thread/INFO] [guideme.internal.GuideReloadListener/]: Data driven guides: []
[08Jun2026 11:32:32.894] [Render thread/WARN] [guideme.indices.ItemIndex/]: Page expatternprovider:epp_intro/extended_charger.md references an unknown item expatternprovider:ex_charger in its item_ids frontmatter
[08Jun2026 11:32:32.894] [Render thread/WARN] [guideme.indices.ItemIndex/]: Page advanced_ae:aae_intro/throughput_monitor.md references an unknown item advanced_ae:throughput_monitor in its item_ids frontmatter
[08Jun2026 11:32:32.894] [Render thread/WARN] [guideme.indices.ItemIndex/]: Page advanced_ae:aae_intro/throughput_monitor.md references an unknown item advanced_ae:throughput_monitor_configurator in its item_ids frontmatter
[08Jun2026 11:32:32.894] [Render thread/WARN] [guideme.indices.ItemIndex/]: Page expatternprovider:epp_intro/precise_storage_bus.md references an unknown item expatternprovider:precise_storage_bus in its item_ids frontmatter
[08Jun2026 11:32:32.894] [Render thread/WARN] [guideme.indices.ItemIndex/]: Page advanced_ae:aae_intro/advanced_pattern_provider.md references an unknown item advanced_ae:adv_pattern_provider in its item_ids frontmatter
[08Jun2026 11:32:32.894] [Render thread/WARN] [guideme.indices.ItemIndex/]: Page advanced_ae:aae_intro/advanced_pattern_provider.md references an unknown item advanced_ae:small_adv_pattern_provider in its item_ids frontmatter
[08Jun2026 11:32:32.894] [Render thread/WARN] [guideme.indices.ItemIndex/]: Page advanced_ae:aae_intro/advanced_pattern_provider.md references an unknown item advanced_ae:adv_pattern_provider_part in its item_ids frontmatter
[08Jun2026 11:32:32.894] [Render thread/WARN] [guideme.indices.ItemIndex/]: Page advanced_ae:aae_intro/advanced_pattern_provider.md references an unknown item advanced_ae:small_adv_pattern_provider_part in its item_ids frontmatter
[08Jun2026 11:32:32.894] [Render thread/WARN] [guideme.indices.ItemIndex/]: Page expatternprovider:epp_intro/oversize_interface.md references an unknown item expatternprovider:oversize_interface in its item_ids frontmatter
[08Jun2026 11:32:32.894] [Render thread/WARN] [guideme.indices.ItemIndex/]: Page expatternprovider:epp_intro/oversize_interface.md references an unknown item expatternprovider:oversize_interface_part in its item_ids frontmatter
[08Jun2026 11:32:32.894] [Render thread/WARN] [guideme.indices.ItemIndex/]: Page advanced_ae:aae_intro/stock_export_bus.md references an unknown item advanced_ae:stock_export_bus_part in its item_ids frontmatter
[08Jun2026 11:32:32.894] [Render thread/WARN] [guideme.indices.ItemIndex/]: Page expatternprovider:epp_intro/extended_interface.md references an unknown item expatternprovider:ex_interface in its item_ids frontmatter
[08Jun2026 11:32:32.894] [Render thread/WARN] [guideme.indices.ItemIndex/]: Page expatternprovider:epp_intro/extended_interface.md references an unknown item expatternprovider:ex_interface_part in its item_ids frontmatter
[08Jun2026 11:32:32.894] [Render thread/WARN] [guideme.indices.ItemIndex/]: Page advanced_ae:aae_intro/app_upgrade_items.md references an unknown item advanced_ae:adv_pattern_provider_upgrade in its item_ids frontmatter
[08Jun2026 11:32:32.894] [Render thread/WARN] [guideme.indices.ItemIndex/]: Page advanced_ae:aae_intro/app_upgrade_items.md references an unknown item advanced_ae:adv_pattern_provider_capacity_upgrade in its item_ids frontmatter
[08Jun2026 11:32:32.894] [Render thread/WARN] [guideme.indices.ItemIndex/]: Page advanced_ae:aae_intro/advanced_pattern_encoder.md references an unknown item advanced_ae:adv_pattern_encoder in its item_ids frontmatter
[08Jun2026 11:32:32.894] [Render thread/WARN] [guideme.indices.ItemIndex/]: Page advanced_ae:aae_intro/advanced_pattern_encoder.md references an unknown item advanced_ae:adv_processing_pattern in its item_ids frontmatter
[08Jun2026 11:32:32.894] [Render thread/WARN] [guideme.indices.ItemIndex/]: Page expatternprovider:epp_intro/pattern_modifier.md references an unknown item expatternprovider:pattern_modifier in its item_ids frontmatter
[08Jun2026 11:32:32.894] [Render thread/WARN] [guideme.indices.ItemIndex/]: Page expatternprovider:epp_intro/extended_pattern_provider.md references an unknown item expatternprovider:ex_pattern_provider in its item_ids frontmatter
[08Jun2026 11:32:32.895] [Render thread/WARN] [guideme.indices.ItemIndex/]: Page expatternprovider:epp_intro/extended_pattern_provider.md references an unknown item expatternprovider:ex_pattern_provider_part in its item_ids frontmatter
[08Jun2026 11:32:32.895] [Render thread/WARN] [guideme.indices.ItemIndex/]: Page expatternprovider:epp_intro/extended_pattern_terminal.md references an unknown item expatternprovider:ex_pattern_access_part in its item_ids frontmatter
[08Jun2026 11:32:32.895] [Render thread/WARN] [guideme.indices.ItemIndex/]: Page expatternprovider:epp_intro/extended_pattern_terminal.md references an unknown item expatternprovider:wireless_ex_pat in its item_ids frontmatter
[08Jun2026 11:32:32.895] [Render thread/WARN] [guideme.indices.ItemIndex/]: Page expatternprovider:epp_intro/crystal_fixer.md references an unknown item expatternprovider:crystal_fixer in its item_ids frontmatter
[08Jun2026 11:32:32.895] [Render thread/WARN] [guideme.indices.ItemIndex/]: Page advanced_ae:aae_intro/import_export_bus.md references an unknown item advanced_ae:import_export_bus_part in its item_ids frontmatter
[08Jun2026 11:32:32.895] [Render thread/WARN] [guideme.indices.ItemIndex/]: Page expatternprovider:epp_intro/assembler_matrix.md references an unknown item expatternprovider:assembler_matrix_frame in its item_ids frontmatter
[08Jun2026 11:32:32.895] [Render thread/WARN] [guideme.indices.ItemIndex/]: Page expatternprovider:epp_intro/assembler_matrix.md references an unknown item expatternprovider:assembler_matrix_wall in its item_ids frontmatter
[08Jun2026 11:32:32.895] [Render thread/WARN] [guideme.indices.ItemIndex/]: Page expatternprovider:epp_intro/assembler_matrix.md references an unknown item expatternprovider:assembler_matrix_glass in its item_ids frontmatter
[08Jun2026 11:32:32.895] [Render thread/WARN] [guideme.indices.ItemIndex/]: Page expatternprovider:epp_intro/assembler_matrix.md references an unknown item expatternprovider:assembler_matrix_pattern in its item_ids frontmatter
[08Jun2026 11:32:32.895] [Render thread/WARN] [guideme.indices.ItemIndex/]: Page expatternprovider:epp_intro/assembler_matrix.md references an unknown item expatternprovider:assembler_matrix_crafter in its item_ids frontmatter
[08Jun2026 11:32:32.895] [Render thread/WARN] [guideme.indices.ItemIndex/]: Page expatternprovider:epp_intro/assembler_matrix.md references an unknown item expatternprovider:assembler_matrix_speed in its item_ids frontmatter
[08Jun2026 11:32:32.895] [Render thread/WARN] [guideme.indices.ItemIndex/]: Page advanced_ae:aae_intro/quantum_armor.md references an unknown item advanced_ae:quantum_helmet in its item_ids frontmatter
[08Jun2026 11:32:32.895] [Render thread/WARN] [guideme.indices.ItemIndex/]: Page advanced_ae:aae_intro/quantum_armor.md references an unknown item advanced_ae:quantum_chestplate in its item_ids frontmatter
[08Jun2026 11:32:32.895] [Render thread/WARN] [guideme.indices.ItemIndex/]: Page advanced_ae:aae_intro/quantum_armor.md references an unknown item advanced_ae:quantum_leggings in its item_ids frontmatter
[08Jun2026 11:32:32.895] [Render thread/WARN] [guideme.indices.ItemIndex/]: Page advanced_ae:aae_intro/quantum_armor.md references an unknown item advanced_ae:quantum_boots in its item_ids frontmatter
[08Jun2026 11:32:32.895] [Render thread/WARN] [guideme.indices.ItemIndex/]: Page advanced_ae:aae_intro/quantum_armor.md references an unknown item advanced_ae:quantum_upgrade_base in its item_ids frontmatter
[08Jun2026 11:32:32.895] [Render thread/WARN] [guideme.indices.ItemIndex/]: Page advanced_ae:aae_intro/quantum_armor.md references an unknown item advanced_ae:walk_speed_card in its item_ids frontmatter
[08Jun2026 11:32:32.895] [Render thread/WARN] [guideme.indices.ItemIndex/]: Page advanced_ae:aae_intro/quantum_armor.md references an unknown item advanced_ae:sprint_speed_card in its item_ids frontmatter
[08Jun2026 11:32:32.895] [Render thread/WARN] [guideme.indices.ItemIndex/]: Page advanced_ae:aae_intro/quantum_armor.md references an unknown item advanced_ae:step_assist_card in its item_ids frontmatter
[08Jun2026 11:32:32.895] [Render thread/WARN] [guideme.indices.ItemIndex/]: Page advanced_ae:aae_intro/quantum_armor.md references an unknown item advanced_ae:jump_height_card in its item_ids frontmatter
[08Jun2026 11:32:32.895] [Render thread/WARN] [guideme.indices.ItemIndex/]: Page advanced_ae:aae_intro/quantum_armor.md references an unknown item advanced_ae:lava_immunity_card in its item_ids frontmatter
[08Jun2026 11:32:32.895] [Render thread/WARN] [guideme.indices.ItemIndex/]: Page advanced_ae:aae_intro/quantum_armor.md references an unknown item advanced_ae:flight_card in its item_ids frontmatter
[08Jun2026 11:32:32.895] [Render thread/WARN] [guideme.indices.ItemIndex/]: Page advanced_ae:aae_intro/quantum_armor.md references an unknown item advanced_ae:water_breathing_card in its item_ids frontmatter
[08Jun2026 11:32:32.895] [Render thread/WARN] [guideme.indices.ItemIndex/]: Page advanced_ae:aae_intro/quantum_armor.md references an unknown item advanced_ae:auto_feeding_card in its item_ids frontmatter
[08Jun2026 11:32:32.895] [Render thread/WARN] [guideme.indices.ItemIndex/]: Page advanced_ae:aae_intro/quantum_armor.md references an unknown item advanced_ae:auto_stock_card in its item_ids frontmatter
[08Jun2026 11:32:32.895] [Render thread/WARN] [guideme.indices.ItemIndex/]: Page advanced_ae:aae_intro/quantum_armor.md references an unknown item advanced_ae:magnet_card in its item_ids frontmatter
[08Jun2026 11:32:32.895] [Render thread/WARN] [guideme.indices.ItemIndex/]: Page advanced_ae:aae_intro/quantum_armor.md references an unknown item advanced_ae:hp_buffer_card in its item_ids frontmatter
[08Jun2026 11:32:32.895] [Render thread/WARN] [guideme.indices.ItemIndex/]: Page advanced_ae:aae_intro/quantum_armor.md references an unknown item advanced_ae:evasion_card in its item_ids frontmatter
[08Jun2026 11:32:32.895] [Render thread/WARN] [guideme.indices.ItemIndex/]: Page advanced_ae:aae_intro/quantum_armor.md references an unknown item advanced_ae:regeneration_card in its item_ids frontmatter
[08Jun2026 11:32:32.895] [Render thread/WARN] [guideme.indices.ItemIndex/]: Page advanced_ae:aae_intro/quantum_armor.md references an unknown item advanced_ae:strength_card in its item_ids frontmatter
[08Jun2026 11:32:32.895] [Render thread/WARN] [guideme.indices.ItemIndex/]: Page advanced_ae:aae_intro/quantum_armor.md references an unknown item advanced_ae:attack_speed_card in its item_ids frontmatter
[08Jun2026 11:32:32.895] [Render thread/WARN] [guideme.indices.ItemIndex/]: Page advanced_ae:aae_intro/quantum_armor.md references an unknown item advanced_ae:luck_card in its item_ids frontmatter
[08Jun2026 11:32:32.895] [Render thread/WARN] [guideme.indices.ItemIndex/]: Page advanced_ae:aae_intro/quantum_armor.md references an unknown item advanced_ae:reach_card in its item_ids frontmatter
[08Jun2026 11:32:32.895] [Render thread/WARN] [guideme.indices.ItemIndex/]: Page advanced_ae:aae_intro/quantum_armor.md references an unknown item advanced_ae:swim_speed_card in its item_ids frontmatter
[08Jun2026 11:32:32.895] [Render thread/WARN] [guideme.indices.ItemIndex/]: Page advanced_ae:aae_intro/quantum_armor.md references an unknown item advanced_ae:night_vision_card in its item_ids frontmatter
[08Jun2026 11:32:32.895] [Render thread/WARN] [guideme.indices.ItemIndex/]: Page advanced_ae:aae_intro/quantum_armor.md references an unknown item advanced_ae:flight_drift_card in its item_ids frontmatter
[08Jun2026 11:32:32.895] [Render thread/WARN] [guideme.indices.ItemIndex/]: Page advanced_ae:aae_intro/quantum_armor.md references an unknown item advanced_ae:recharging_card in its item_ids frontmatter
[08Jun2026 11:32:32.895] [Render thread/WARN] [guideme.indices.ItemIndex/]: Page advanced_ae:aae_intro/quantum_armor.md references an unknown item advanced_ae:portable_workbench_card in its item_ids frontmatter
[08Jun2026 11:32:32.895] [Render thread/WARN] [guideme.indices.ItemIndex/]: Page advanced_ae:aae_intro/quantum_armor.md references an unknown item advanced_ae:pick_craft_card in its item_ids frontmatter
[08Jun2026 11:32:32.895] [Render thread/WARN] [guideme.indices.ItemIndex/]: Page expatternprovider:epp_intro/extended_io_port.md references an unknown item expatternprovider:ex_io_port in its item_ids frontmatter
[08Jun2026 11:32:32.895] [Render thread/WARN] [guideme.indices.ItemIndex/]: Page expatternprovider:epp_intro/ingredient_buffer.md references an unknown item expatternprovider:ingredient_buffer in its item_ids frontmatter
[08Jun2026 11:32:32.895] [Render thread/WARN] [guideme.indices.ItemIndex/]: Page expatternprovider:epp_intro/packing_tape.md references an unknown item expatternprovider:me_packing_tape in its item_ids frontmatter
[08Jun2026 11:32:32.895] [Render thread/WARN] [guideme.indices.ItemIndex/]: Page expatternprovider:epp_intro/packing_tape.md references an unknown item expatternprovider:package in its item_ids frontmatter
[08Jun2026 11:32:32.896] [Render thread/WARN] [guideme.indices.ItemIndex/]: Page advanced_ae:aae_intro/quantum_crafter.md references an unknown item advanced_ae:quantum_crafter in its item_ids frontmatter
[08Jun2026 11:32:32.896] [Render thread/WARN] [guideme.indices.ItemIndex/]: Page advanced_ae:aae_intro/reaction_chamber.md references an unknown item advanced_ae:reaction_chamber in its item_ids frontmatter
[08Jun2026 11:32:32.896] [Render thread/WARN] [guideme.indices.ItemIndex/]: Page expatternprovider:epp_intro/mod_export_bus.md references an unknown item expatternprovider:mod_export_bus in its item_ids frontmatter
[08Jun2026 11:32:32.896] [Render thread/WARN] [guideme.indices.ItemIndex/]: Page expatternprovider:epp_intro/mod_storage_bus.md references an unknown item expatternprovider:mod_storage_bus in its item_ids frontmatter
[08Jun2026 11:32:32.896] [Render thread/WARN] [guideme.indices.ItemIndex/]: Page expatternprovider:epp_intro/precise_export_bus.md references an unknown item expatternprovider:precise_export_bus in its item_ids frontmatter
[08Jun2026 11:32:32.896] [Render thread/WARN] [guideme.indices.ItemIndex/]: Page expatternprovider:epp_intro/active_formation_plane.md references an unknown item expatternprovider:active_formation_plane in its item_ids frontmatter
[08Jun2026 11:32:32.896] [Render thread/WARN] [guideme.indices.ItemIndex/]: Page expatternprovider:epp_intro/circuit_cutter.md references an unknown item expatternprovider:circuit_cutter in its item_ids frontmatter
[08Jun2026 11:32:32.896] [Render thread/WARN] [guideme.indices.ItemIndex/]: Page expatternprovider:epp_intro/extended_inscriber.md references an unknown item expatternprovider:ex_inscriber in its item_ids frontmatter
[08Jun2026 11:32:32.896] [Render thread/WARN] [guideme.indices.ItemIndex/]: Page expatternprovider:epp_intro/caner.md references an unknown item expatternprovider:caner in its item_ids frontmatter
[08Jun2026 11:32:32.896] [Render thread/WARN] [guideme.indices.ItemIndex/]: Page expatternprovider:epp_intro/infinity_cell.md references an unknown item expatternprovider:infinity_cell in its item_ids frontmatter
[08Jun2026 11:32:32.896] [Render thread/WARN] [guideme.indices.ItemIndex/]: Page advanced_ae:aae_intro/quantum_computer.md references an unknown item advanced_ae:quantum_unit in its item_ids frontmatter
[08Jun2026 11:32:32.896] [Render thread/WARN] [guideme.indices.ItemIndex/]: Page advanced_ae:aae_intro/quantum_computer.md references an unknown item advanced_ae:quantum_core in its item_ids frontmatter
[08Jun2026 11:32:32.896] [Render thread/WARN] [guideme.indices.ItemIndex/]: Page advanced_ae:aae_intro/quantum_computer.md references an unknown item advanced_ae:quantum_structure in its item_ids frontmatter
[08Jun2026 11:32:32.897] [Render thread/WARN] [guideme.indices.ItemIndex/]: Page advanced_ae:aae_intro/quantum_computer.md references an unknown item advanced_ae:quantum_accelerator in its item_ids frontmatter
[08Jun2026 11:32:32.897] [Render thread/WARN] [guideme.indices.ItemIndex/]: Page advanced_ae:aae_intro/quantum_computer.md references an unknown item advanced_ae:quantum_multi_threader in its item_ids frontmatter
[08Jun2026 11:32:32.897] [Render thread/WARN] [guideme.indices.ItemIndex/]: Page advanced_ae:aae_intro/quantum_computer.md references an unknown item advanced_ae:quantum_storage_128 in its item_ids frontmatter
[08Jun2026 11:32:32.897] [Render thread/WARN] [guideme.indices.ItemIndex/]: Page advanced_ae:aae_intro/quantum_computer.md references an unknown item advanced_ae:quantum_storage_256 in its item_ids frontmatter
[08Jun2026 11:32:32.897] [Render thread/WARN] [guideme.indices.ItemIndex/]: Page advanced_ae:aae_intro/quantum_computer.md references an unknown item advanced_ae:data_entangler in its item_ids frontmatter
[08Jun2026 11:32:32.897] [Render thread/WARN] [guideme.indices.ItemIndex/]: Page expatternprovider:epp_intro/extended_io_bus.md references an unknown item expatternprovider:ex_import_bus_part in its item_ids frontmatter
[08Jun2026 11:32:32.897] [Render thread/WARN] [guideme.indices.ItemIndex/]: Page expatternprovider:epp_intro/extended_io_bus.md references an unknown item expatternprovider:ex_export_bus_part in its item_ids frontmatter
[08Jun2026 11:32:32.897] [Render thread/WARN] [guideme.indices.ItemIndex/]: Page ae2:ae2insertexportcard-index.md references an unknown item ae2insertexportcard:export_card in its item_ids frontmatter
[08Jun2026 11:32:32.897] [Render thread/WARN] [guideme.indices.ItemIndex/]: Page ae2:ae2insertexportcard-index.md references an unknown item ae2insertexportcard:insert_card in its item_ids frontmatter
[08Jun2026 11:32:32.897] [Render thread/WARN] [guideme.indices.ItemIndex/]: Page expatternprovider:epp_intro/threshold_level_emitter.md references an unknown item expatternprovider:threshold_level_emitter in its item_ids frontmatter
[08Jun2026 11:32:32.897] [Render thread/WARN] [guideme.indices.ItemIndex/]: Page expatternprovider:epp_intro/extended_drive.md references an unknown item expatternprovider:ex_drive in its item_ids frontmatter
[08Jun2026 11:32:32.897] [Render thread/WARN] [guideme.indices.ItemIndex/]: Page expatternprovider:epp_intro/extended_modecular_assembler.md references an unknown item expatternprovider:ex_molecular_assembler in its item_ids frontmatter
[08Jun2026 11:32:32.900] [Render thread/ERROR] [guideme.internal.util.NavigationUtil/]: Couldn't find icon expatternprovider:threshold_level_emitter for icon of page expatternprovider:epp_intro/threshold_level_emitter.md (from file/中微子的多用途汉化材质包.zip)
[08Jun2026 11:32:32.900] [Render thread/ERROR] [guideme.internal.util.NavigationUtil/]: Couldn't find icon expatternprovider:ex_io_port for icon of page expatternprovider:epp_intro/extended_io_port.md (from file/中微子的多用途汉化材质包.zip)
[08Jun2026 11:32:32.900] [Render thread/ERROR] [guideme.internal.util.NavigationUtil/]: Couldn't find icon advanced_ae:adv_pattern_provider_upgrade for icon of page advanced_ae:aae_intro/app_upgrade_items.md (from file/中微子的多用途汉化材质包.zip)
[08Jun2026 11:32:32.900] [Render thread/ERROR] [guideme.internal.util.NavigationUtil/]: Couldn't find icon advanced_ae:throughput_monitor for icon of page advanced_ae:aae_intro/throughput_monitor.md (from file/中微子的多用途汉化材质包.zip)
[08Jun2026 11:32:32.901] [Render thread/ERROR] [guideme.internal.util.NavigationUtil/]: Couldn't find icon advanced_ae:adv_pattern_provider for icon of page advanced_ae:aae_intro/advanced_pattern_provider.md (from file/中微子的多用途汉化材质包.zip)
[08Jun2026 11:32:32.901] [Render thread/ERROR] [guideme.internal.util.NavigationUtil/]: Couldn't find icon advanced_ae:stock_export_bus_part for icon of page advanced_ae:aae_intro/stock_export_bus.md (from file/中微子的多用途汉化材质包.zip)
[08Jun2026 11:32:32.901] [Render thread/ERROR] [guideme.internal.util.NavigationUtil/]: Couldn't find icon advanced_ae:adv_pattern_provider_upgrade for icon of page advanced_ae:aae_intro/app_upgrade_items.md (from file/中微子的多用途汉化材质包.zip)
[08Jun2026 11:32:32.901] [Render thread/ERROR] [guideme.internal.util.NavigationUtil/]: Couldn't find icon advanced_ae:adv_pattern_encoder for icon of page advanced_ae:aae_intro/advanced_pattern_encoder.md (from file/中微子的多用途汉化材质包.zip)
[08Jun2026 11:32:32.901] [Render thread/ERROR] [guideme.internal.util.NavigationUtil/]: Couldn't find icon advanced_ae:import_export_bus_part for icon of page advanced_ae:aae_intro/import_export_bus.md (from file/中微子的多用途汉化材质包.zip)
[08Jun2026 11:32:32.901] [Render thread/ERROR] [guideme.internal.util.NavigationUtil/]: Couldn't find icon advanced_ae:quantum_helmet for icon of page advanced_ae:aae_intro/quantum_armor.md (from file/中微子的多用途汉化材质包.zip)
[08Jun2026 11:32:32.901] [Render thread/ERROR] [guideme.internal.util.NavigationUtil/]: Couldn't find icon advanced_ae:quantum_crafter for icon of page advanced_ae:aae_intro/quantum_crafter.md (from file/中微子的多用途汉化材质包.zip)
[08Jun2026 11:32:32.901] [Render thread/ERROR] [guideme.internal.util.NavigationUtil/]: Couldn't find icon advanced_ae:reaction_chamber for icon of page advanced_ae:aae_intro/reaction_chamber.md (from file/中微子的多用途汉化材质包.zip)
[08Jun2026 11:32:32.901] [Render thread/ERROR] [guideme.internal.util.NavigationUtil/]: Couldn't find icon advanced_ae:quantum_core for icon of page advanced_ae:aae_intro/quantum_computer.md (from file/中微子的多用途汉化材质包.zip)
[08Jun2026 11:32:32.901] [Render thread/ERROR] [guideme.navigation.NavigationTree/]: Pages [appliedcreate:andesite_pattern_provider.md (from mod_resources), appliedcreate:brass_pattern_provider.md (from mod_resources)] had unknown navigation parent appliedcreate:ae2guide/index.md
[08Jun2026 11:32:32.901] [Render thread/ERROR] [guideme.internal.util.NavigationUtil/]: Couldn't find icon advanced_ae:stock_export_bus_part for icon of page advanced_ae:aae_intro/stock_export_bus.md (from file/中微子的多用途汉化材质包.zip)
[08Jun2026 11:32:32.901] [Render thread/ERROR] [guideme.internal.util.NavigationUtil/]: Couldn't find icon expatternprovider:ex_pattern_provider for icon of page expatternprovider:epp_intro/extended_pattern_provider.md (from file/中微子的多用途汉化材质包.zip)
[08Jun2026 11:32:32.901] [Render thread/ERROR] [guideme.internal.util.NavigationUtil/]: Couldn't find icon advanced_ae:adv_pattern_provider for icon of page advanced_ae:aae_intro/advanced_pattern_provider.md (from file/中微子的多用途汉化材质包.zip)
[08Jun2026 11:32:32.901] [Render thread/ERROR] [guideme.internal.util.NavigationUtil/]: Couldn't find icon expatternprovider:active_formation_plane for icon of page expatternprovider:epp_intro/active_formation_plane.md (from file/中微子的多用途汉化材质包.zip)
[08Jun2026 11:32:32.901] [Render thread/ERROR] [guideme.internal.util.NavigationUtil/]: Couldn't find icon expatternprovider:mod_export_bus for icon of page expatternprovider:epp_intro/mod_export_bus.md (from file/中微子的多用途汉化材质包.zip)
[08Jun2026 11:32:32.901] [Render thread/ERROR] [guideme.internal.util.NavigationUtil/]: Couldn't find icon expatternprovider:ex_drive for icon of page expatternprovider:epp_intro/extended_drive.md (from file/中微子的多用途汉化材质包.zip)
[08Jun2026 11:32:32.902] [Render thread/ERROR] [guideme.internal.util.NavigationUtil/]: Couldn't find icon ae2insertexportcard:export_card for icon of page ae2:ae2insertexportcard-index.md (from file/中微子的多用途汉化材质包.zip)
[08Jun2026 11:32:32.902] [Render thread/ERROR] [guideme.internal.util.NavigationUtil/]: Couldn't find icon expatternprovider:circuit_cutter for icon of page expatternprovider:epp_intro/circuit_cutter.md (from file/中微子的多用途汉化材质包.zip)
[08Jun2026 11:32:32.902] [Render thread/ERROR] [guideme.internal.util.NavigationUtil/]: Couldn't find icon expatternprovider:ex_charger for icon of page expatternprovider:epp_intro/extended_charger.md (from file/中微子的多用途汉化材质包.zip)
[08Jun2026 11:32:32.902] [Render thread/ERROR] [guideme.internal.util.NavigationUtil/]: Couldn't find icon expatternprovider:precise_storage_bus for icon of page expatternprovider:epp_intro/precise_storage_bus.md (from file/中微子的多用途汉化材质包.zip)
[08Jun2026 11:32:32.902] [Render thread/ERROR] [guideme.internal.util.NavigationUtil/]: Couldn't find icon expatternprovider:oversize_interface for icon of page expatternprovider:epp_intro/oversize_interface.md (from file/中微子的多用途汉化材质包.zip)
[08Jun2026 11:32:32.902] [Render thread/ERROR] [guideme.internal.util.NavigationUtil/]: Couldn't find icon expatternprovider:ex_interface for icon of page expatternprovider:epp_intro/extended_interface.md (from file/中微子的多用途汉化材质包.zip)
[08Jun2026 11:32:32.902] [Render thread/ERROR] [guideme.internal.util.NavigationUtil/]: Couldn't find icon expatternprovider:pattern_modifier for icon of page expatternprovider:epp_intro/pattern_modifier.md (from file/中微子的多用途汉化材质包.zip)
[08Jun2026 11:32:32.902] [Render thread/ERROR] [guideme.internal.util.NavigationUtil/]: Couldn't find icon expatternprovider:ex_pattern_provider for icon of page expatternprovider:epp_intro/extended_pattern_provider.md (from file/中微子的多用途汉化材质包.zip)
[08Jun2026 11:32:32.902] [Render thread/ERROR] [guideme.internal.util.NavigationUtil/]: Couldn't find icon expatternprovider:ex_pattern_access_part for icon of page expatternprovider:epp_intro/extended_pattern_terminal.md (from file/中微子的多用途汉化材质包.zip)
[08Jun2026 11:32:32.903] [Render thread/ERROR] [guideme.internal.util.NavigationUtil/]: Couldn't find icon expatternprovider:crystal_fixer for icon of page expatternprovider:epp_intro/crystal_fixer.md (from file/中微子的多用途汉化材质包.zip)
[08Jun2026 11:32:32.903] [Render thread/ERROR] [guideme.internal.util.NavigationUtil/]: Couldn't find icon expatternprovider:assembler_matrix_frame for icon of page expatternprovider:epp_intro/assembler_matrix.md (from file/中微子的多用途汉化材质包.zip)
[08Jun2026 11:32:32.903] [Render thread/ERROR] [guideme.internal.util.NavigationUtil/]: Couldn't find icon expatternprovider:ex_io_port for icon of page expatternprovider:epp_intro/extended_io_port.md (from file/中微子的多用途汉化材质包.zip)
[08Jun2026 11:32:32.903] [Render thread/ERROR] [guideme.internal.util.NavigationUtil/]: Couldn't find icon expatternprovider:ingredient_buffer for icon of page expatternprovider:epp_intro/ingredient_buffer.md (from file/中微子的多用途汉化材质包.zip)
[08Jun2026 11:32:32.903] [Render thread/ERROR] [guideme.internal.util.NavigationUtil/]: Couldn't find icon expatternprovider:me_packing_tape for icon of page expatternprovider:epp_intro/packing_tape.md (from file/中微子的多用途汉化材质包.zip)
[08Jun2026 11:32:32.903] [Render thread/ERROR] [guideme.internal.util.NavigationUtil/]: Couldn't find icon expatternprovider:mod_export_bus for icon of page expatternprovider:epp_intro/mod_export_bus.md (from file/中微子的多用途汉化材质包.zip)
[08Jun2026 11:32:32.903] [Render thread/ERROR] [guideme.internal.util.NavigationUtil/]: Couldn't find icon expatternprovider:mod_storage_bus for icon of page expatternprovider:epp_intro/mod_storage_bus.md (from file/中微子的多用途汉化材质包.zip)
[08Jun2026 11:32:32.903] [Render thread/ERROR] [guideme.internal.util.NavigationUtil/]: Couldn't find icon expatternprovider:precise_export_bus for icon of page expatternprovider:epp_intro/precise_export_bus.md (from file/中微子的多用途汉化材质包.zip)
[08Jun2026 11:32:32.903] [Render thread/ERROR] [guideme.internal.util.NavigationUtil/]: Couldn't find icon expatternprovider:active_formation_plane for icon of page expatternprovider:epp_intro/active_formation_plane.md (from file/中微子的多用途汉化材质包.zip)
[08Jun2026 11:32:32.903] [Render thread/ERROR] [guideme.internal.util.NavigationUtil/]: Couldn't find icon expatternprovider:circuit_cutter for icon of page expatternprovider:epp_intro/circuit_cutter.md (from file/中微子的多用途汉化材质包.zip)
[08Jun2026 11:32:32.903] [Render thread/ERROR] [guideme.internal.util.NavigationUtil/]: Couldn't find icon expatternprovider:ex_inscriber for icon of page expatternprovider:epp_intro/extended_inscriber.md (from file/中微子的多用途汉化材质包.zip)
[08Jun2026 11:32:32.904] [Render thread/ERROR] [guideme.internal.util.NavigationUtil/]: Couldn't find icon expatternprovider:caner for icon of page expatternprovider:epp_intro/caner.md (from file/中微子的多用途汉化材质包.zip)
[08Jun2026 11:32:32.904] [Render thread/ERROR] [guideme.internal.util.NavigationUtil/]: Couldn't find icon expatternprovider:infinity_cell for icon of page expatternprovider:epp_intro/infinity_cell.md (from file/中微子的多用途汉化材质包.zip)
[08Jun2026 11:32:32.904] [Render thread/ERROR] [guideme.internal.util.NavigationUtil/]: Couldn't find icon expatternprovider:ex_import_bus_part for icon of page expatternprovider:epp_intro/extended_io_bus.md (from file/中微子的多用途汉化材质包.zip)
[08Jun2026 11:32:32.904] [Render thread/ERROR] [guideme.internal.util.NavigationUtil/]: Couldn't find icon expatternprovider:threshold_level_emitter for icon of page expatternprovider:epp_intro/threshold_level_emitter.md (from file/中微子的多用途汉化材质包.zip)
[08Jun2026 11:32:32.904] [Render thread/ERROR] [guideme.internal.util.NavigationUtil/]: Couldn't find icon expatternprovider:ex_drive for icon of page expatternprovider:epp_intro/extended_drive.md (from file/中微子的多用途汉化材质包.zip)
[08Jun2026 11:32:32.904] [Render thread/ERROR] [guideme.internal.util.NavigationUtil/]: Couldn't find icon expatternprovider:ex_molecular_assembler for icon of page expatternprovider:epp_intro/extended_modecular_assembler.md (from file/中微子的多用途汉化材质包.zip)
[08Jun2026 11:32:32.904] [Render thread/ERROR] [guideme.internal.util.NavigationUtil/]: Couldn't find icon expatternprovider:caner for icon of page expatternprovider:epp_intro/caner.md (from file/中微子的多用途汉化材质包.zip)
[08Jun2026 11:32:32.904] [Render thread/ERROR] [guideme.internal.util.NavigationUtil/]: Couldn't find icon advanced_ae:import_export_bus_part for icon of page advanced_ae:aae_intro/import_export_bus.md (from file/中微子的多用途汉化材质包.zip)
[08Jun2026 11:32:32.904] [Render thread/ERROR] [guideme.internal.util.NavigationUtil/]: Couldn't find icon expatternprovider:crystal_fixer for icon of page expatternprovider:epp_intro/crystal_fixer.md (from file/中微子的多用途汉化材质包.zip)
[08Jun2026 11:32:32.904] [Render thread/ERROR] [guideme.internal.util.NavigationUtil/]: Couldn't find icon expatternprovider:assembler_matrix_frame for icon of page expatternprovider:epp_intro/assembler_matrix.md (from file/中微子的多用途汉化材质包.zip)
[08Jun2026 11:32:32.904] [Render thread/ERROR] [guideme.internal.util.NavigationUtil/]: Couldn't find icon advanced_ae:quantum_core for icon of page advanced_ae:aae_intro/quantum_computer.md (from file/中微子的多用途汉化材质包.zip)
[08Jun2026 11:32:32.904] [Render thread/ERROR] [guideme.internal.util.NavigationUtil/]: Couldn't find icon expatternprovider:infinity_cell for icon of page expatternprovider:epp_intro/infinity_cell.md (from file/中微子的多用途汉化材质包.zip)
[08Jun2026 11:32:32.904] [Render thread/ERROR] [guideme.internal.util.NavigationUtil/]: Couldn't find icon expatternprovider:ingredient_buffer for icon of page expatternprovider:epp_intro/ingredient_buffer.md (from file/中微子的多用途汉化材质包.zip)
[08Jun2026 11:32:32.905] [Render thread/ERROR] [guideme.internal.util.NavigationUtil/]: Couldn't find icon advanced_ae:adv_pattern_encoder for icon of page advanced_ae:aae_intro/advanced_pattern_encoder.md (from file/中微子的多用途汉化材质包.zip)
[08Jun2026 11:32:32.905] [Render thread/ERROR] [guideme.internal.util.NavigationUtil/]: Couldn't find icon advanced_ae:quantum_helmet for icon of page advanced_ae:aae_intro/quantum_armor.md (from file/中微子的多用途汉化材质包.zip)
[08Jun2026 11:32:32.905] [Render thread/ERROR] [guideme.internal.util.NavigationUtil/]: Couldn't find icon expatternprovider:precise_storage_bus for icon of page expatternprovider:epp_intro/precise_storage_bus.md (from file/中微子的多用途汉化材质包.zip)
[08Jun2026 11:32:32.905] [Render thread/ERROR] [guideme.internal.util.NavigationUtil/]: Couldn't find icon expatternprovider:me_packing_tape for icon of page expatternprovider:epp_intro/packing_tape.md (from file/中微子的多用途汉化材质包.zip)
[08Jun2026 11:32:32.905] [Render thread/ERROR] [guideme.internal.util.NavigationUtil/]: Couldn't find icon expatternprovider:ex_inscriber for icon of page expatternprovider:epp_intro/extended_inscriber.md (from file/中微子的多用途汉化材质包.zip)
[08Jun2026 11:32:32.905] [Render thread/ERROR] [guideme.internal.util.NavigationUtil/]: Couldn't find icon expatternprovider:pattern_modifier for icon of page expatternprovider:epp_intro/pattern_modifier.md (from file/中微子的多用途汉化材质包.zip)
[08Jun2026 11:32:32.905] [Render thread/ERROR] [guideme.internal.util.NavigationUtil/]: Couldn't find icon expatternprovider:ex_charger for icon of page expatternprovider:epp_intro/extended_charger.md (from file/中微子的多用途汉化材质包.zip)
[08Jun2026 11:32:32.906] [Render thread/ERROR] [guideme.internal.util.NavigationUtil/]: Couldn't find icon expatternprovider:precise_export_bus for icon of page expatternprovider:epp_intro/precise_export_bus.md (from file/中微子的多用途汉化材质包.zip)
[08Jun2026 11:32:32.906] [Render thread/ERROR] [guideme.internal.util.NavigationUtil/]: Couldn't find icon advanced_ae:throughput_monitor for icon of page advanced_ae:aae_intro/throughput_monitor.md (from file/中微子的多用途汉化材质包.zip)
[08Jun2026 11:32:32.906] [Render thread/ERROR] [guideme.internal.util.NavigationUtil/]: Couldn't find icon expatternprovider:ex_import_bus_part for icon of page expatternprovider:epp_intro/extended_io_bus.md (from file/中微子的多用途汉化材质包.zip)
[08Jun2026 11:32:32.906] [Render thread/ERROR] [guideme.internal.util.NavigationUtil/]: Couldn't find icon expatternprovider:ex_molecular_assembler for icon of page expatternprovider:epp_intro/extended_modecular_assembler.md (from file/中微子的多用途汉化材质包.zip)
[08Jun2026 11:32:32.906] [Render thread/ERROR] [guideme.internal.util.NavigationUtil/]: Couldn't find icon advanced_ae:reaction_chamber for icon of page advanced_ae:aae_intro/reaction_chamber.md (from file/中微子的多用途汉化材质包.zip)
[08Jun2026 11:32:32.906] [Render thread/ERROR] [guideme.internal.util.NavigationUtil/]: Couldn't find icon expatternprovider:ex_interface for icon of page expatternprovider:epp_intro/extended_interface.md (from file/中微子的多用途汉化材质包.zip)
[08Jun2026 11:32:32.906] [Render thread/ERROR] [guideme.internal.util.NavigationUtil/]: Couldn't find icon expatternprovider:mod_storage_bus for icon of page expatternprovider:epp_intro/mod_storage_bus.md (from file/中微子的多用途汉化材质包.zip)
[08Jun2026 11:32:32.906] [Render thread/ERROR] [guideme.internal.util.NavigationUtil/]: Couldn't find icon expatternprovider:oversize_interface for icon of page expatternprovider:epp_intro/oversize_interface.md (from file/中微子的多用途汉化材质包.zip)
[08Jun2026 11:32:32.906] [Render thread/ERROR] [guideme.internal.util.NavigationUtil/]: Couldn't find icon expatternprovider:ex_pattern_access_part for icon of page expatternprovider:epp_intro/extended_pattern_terminal.md (from file/中微子的多用途汉化材质包.zip)
[08Jun2026 11:32:32.906] [Render thread/ERROR] [guideme.internal.util.NavigationUtil/]: Couldn't find icon advanced_ae:quantum_crafter for icon of page advanced_ae:aae_intro/quantum_crafter.md (from file/中微子的多用途汉化材质包.zip)
[08Jun2026 11:32:32.906] [Render thread/INFO] [net.minecraft.client.renderer.texture.TextureAtlas/]: Created: 128x64x0 guideme:textures/atlas/gui.png-atlas
[08Jun2026 11:32:33.187] [Render thread/INFO] [tconstruct/]: Loaded 3 armor models in 159.2707 ms
[08Jun2026 11:32:33.193] [Render thread/INFO] [Mantle/]: Finished loading 712 Faucet Fluids in 4.9845 ms
[08Jun2026 11:32:33.196] [Render thread/INFO] [Mantle/]: Finished loading 2 Channel fluids in 2.4055 ms
[08Jun2026 11:32:33.198] [Render thread/INFO] [net.minecraft.client.renderer.texture.TextureAtlas/]: Created: 256x256x0 jei:textures/atlas/gui.png-atlas
[08Jun2026 11:32:33.207] [Render thread/INFO] [net.minecraft.client.renderer.texture.TextureAtlas/]: Created: 512x256x0 mekanism:textures/atlas/robit.png-atlas
[08Jun2026 11:32:33.219] [Render thread/INFO] [net.minecraft.client.renderer.texture.TextureAtlas/]: Created: 256x256x0 moonlight:textures/atlas/map_markers.png-atlas
[08Jun2026 11:32:33.481] [Render thread/INFO] [flywheel/backend/shaders/]: Loaded 83 shader sources in 199.595 ms
[08Jun2026 11:32:33.487] [Render thread/INFO] [com.teampotato.redirector.Redirector/]: Redirecting dev/engine_room/flywheel/api/layout/UnsignedIntegerRepr
[08Jun2026 11:32:33.499] [Render thread/INFO] [com.teampotato.redirector.Redirector/]: Redirecting dev/engine_room/flywheel/backend/gl/shader/ShaderType
[08Jun2026 11:32:33.510] [Render thread/INFO] [com.teampotato.redirector.Redirector/]: Redirecting dev/engine_room/flywheel/backend/gl/GlNumericType
[08Jun2026 11:32:33.530] [Render thread/INFO] [com.teampotato.redirector.Redirector/]: Redirecting dev/engine_room/flywheel/backend/compile/ContextShader
[08Jun2026 11:32:33.678] [Render thread/INFO] [com.teampotato.redirector.Redirector/]: Redirecting oculus/org/antlr/v4/runtime/atn/ATNType
[08Jun2026 11:32:33.695] [Render thread/INFO] [com.teampotato.redirector.Redirector/]: Redirecting oculus/org/antlr/v4/runtime/atn/LexerActionType
[08Jun2026 11:32:33.705] [Render thread/INFO] [com.teampotato.redirector.Redirector/]: Redirecting io/github/douira/glsl_transformer/ast/node/Version
[08Jun2026 11:32:33.726] [Render thread/INFO] [com.teampotato.redirector.Redirector/]: Redirecting oculus/org/antlr/v4/runtime/atn/PredictionMode
[08Jun2026 11:32:33.728] [Render thread/INFO] [com.teampotato.redirector.Redirector/]: Redirecting io/github/douira/glsl_transformer/parser/EnhancedParser$ParsingStrategy
[08Jun2026 11:32:33.731] [Render thread/INFO] [com.teampotato.redirector.Redirector/]: Redirecting io/github/douira/glsl_transformer/ast/transform/ASTParser$ASTCacheStrategy
[08Jun2026 11:32:33.759] [Render thread/INFO] [com.teampotato.redirector.Redirector/]: Redirecting oculus/org/antlr/v4/runtime/CodePointBuffer$Type
[08Jun2026 11:32:33.787] [Render thread/INFO] [com.teampotato.redirector.Redirector/]: Redirecting io/github/douira/glsl_transformer/util/Type
[08Jun2026 11:32:33.790] [Render thread/INFO] [com.teampotato.redirector.Redirector/]: Redirecting io/github/douira/glsl_transformer/util/Type$NumberType
[08Jun2026 11:32:33.802] [Render thread/INFO] [com.teampotato.redirector.Redirector/]: Redirecting io/github/douira/glsl_transformer/ast/node/expression/LiteralExpression$IntegerFormat
[08Jun2026 11:32:33.816] [Render thread/INFO] [com.teampotato.redirector.Redirector/]: Redirecting io/github/douira/glsl_transformer/ast/node/expression/unary/FunctionCallExpression$FunctionReferenceType
[08Jun2026 11:32:33.827] [Render thread/INFO] [com.teampotato.redirector.Redirector/]: Redirecting io/github/douira/glsl_transformer/ast/print/PrintType
[08Jun2026 11:32:33.838] [Render thread/INFO] [com.teampotato.redirector.Redirector/]: Redirecting dev/engine_room/flywheel/backend/gl/GlTextureUnit
[08Jun2026 11:32:34.020] [Render thread/INFO] [com.simibubi.create.Create/]: Loaded 57 train hat configurations.
[08Jun2026 11:32:34.044] [Render thread/INFO] [slimeknights.mantle.fluid.tooltip.FluidTooltipHandler/]: Loaded 18 fluid unit lists in 1.6304 ms
[08Jun2026 11:32:34.047] [Render thread/INFO] [Mantle/]: Finished loading 1204 Block entity fluids in 2.9569 ms
[08Jun2026 11:32:34.049] [Render thread/INFO] [Mantle/]: Finished loading 0 Block entity items in 1.7441 ms
[08Jun2026 11:32:34.052] [Render thread/INFO] [Mantle/]: Finished loading 964 Block entity items in 3.029 ms
[08Jun2026 11:32:34.169] [Render thread/INFO] [xaero.hud.minimap.MinimapLogs/]: Successfully reloaded the minimap shaders!
[08Jun2026 11:32:34.173] [Render thread/INFO] [de.keksuccino.fancymenu.util.resource.ResourceHandlers/]: [FANCYMENU] Reloading resources..
[08Jun2026 11:32:34.175] [Render thread/INFO] [de.keksuccino.fancymenu.util.resource.preload.ResourcePreLoader/]: [FANCYMENU] Pre-loading resources..
[08Jun2026 11:32:34.187] [Render thread/WARN] [flywheel/]: Flywheel backend fell back from 'irisflw:iris_instancing' to 'flywheel:instancing'
[08Jun2026 11:32:34.195] [Render thread/INFO] [de.keksuccino.fancymenu.customization.layer.ScreenCustomizationLayerHandler/]: [FANCYMENU] Minecraft resource reload: FINISHED
[08Jun2026 11:32:34.195] [Render thread/INFO] [snownee.kiwi.Kiwi/]: Canceling Microsoft telemetry
[08Jun2026 11:32:34.203] [Render thread/INFO] [com.cupboard.Cupboard/]: Loaded config for: smoothchunk.json
[08Jun2026 11:32:34.211] [Render thread/INFO] [de.keksuccino.fancymenu.customization.layer.ScreenCustomizationLayerHandler/]: [FANCYMENU] ScreenCustomizationLayer registered: title_screen
[08Jun2026 11:32:34.247] [Render thread/INFO] [Oculus/]: Creating pipeline for dimension NamespacedId{namespace='minecraft', name='overworld'}
[08Jun2026 11:32:34.420] [Render thread/INFO] [com.teampotato.redirector.Redirector/]: Redirecting org/anti_ad/mc/ipnext/inventory/ContainerType
[08Jun2026 11:32:34.444] [Render thread/INFO] [com.teampotato.redirector.Redirector/]: Redirecting org/anti_ad/mc/ipnext/config/SortingMethod
[08Jun2026 11:32:34.447] [Render thread/INFO] [com.teampotato.redirector.Redirector/]: Redirecting org/anti_ad/mc/ipnext/config/CreativeMenuSortOrder
[08Jun2026 11:32:34.454] [Render thread/INFO] [com.teampotato.redirector.Redirector/]: Redirecting org/anti_ad/mc/ipnext/config/ContinuousCraftingCheckboxValue
[08Jun2026 11:32:34.454] [Render thread/INFO] [com.teampotato.redirector.Redirector/]: Redirecting org/anti_ad/mc/ipnext/config/PostAction
[08Jun2026 11:32:34.455] [Render thread/INFO] [com.teampotato.redirector.Redirector/]: Redirecting org/anti_ad/mc/ipnext/config/SortingMethodIndividual
[08Jun2026 11:32:34.460] [Render thread/INFO] [com.teampotato.redirector.Redirector/]: Redirecting org/anti_ad/mc/ipnext/config/SwitchType
[08Jun2026 11:32:34.464] [Render thread/INFO] [com.teampotato.redirector.Redirector/]: Redirecting org/anti_ad/mc/ipnext/config/ThresholdUnit
[08Jun2026 11:32:34.464] [Render thread/INFO] [com.teampotato.redirector.Redirector/]: Redirecting org/anti_ad/mc/ipnext/config/AutoRefillNbtMatchType
[08Jun2026 11:32:34.465] [Render thread/INFO] [com.teampotato.redirector.Redirector/]: Redirecting org/anti_ad/mc/ipnext/config/ToolReplaceVisualNotification
[08Jun2026 11:32:34.472] [Render thread/INFO] [com.teampotato.redirector.Redirector/]: Redirecting org/anti_ad/mc/ipnext/config/DiffCalculatorType
[08Jun2026 11:32:34.481] [Render thread/INFO] [com.teampotato.redirector.Redirector/]: Redirecting org/anti_ad/mc/ipnext/integration/MergePriority
[08Jun2026 11:32:34.553] [Render thread/INFO] [com.teampotato.redirector.Redirector/]: Redirecting com/corosus/watut/PlayerStatus$PlayerGuiState
[08Jun2026 11:32:34.773] [Realms Notification Availability checker #1/INFO] [com.teampotato.redirector.Redirector/]: Redirecting com/mojang/realmsclient/client/RealmsClient$CompatibleVersionResponse
[08Jun2026 11:32:35.211] [Render thread/INFO] [com.teampotato.redirector.Redirector/]: Redirecting net/minecraft/world/phys/HitResult$Type
[08Jun2026 11:32:36.195] [Render thread/INFO] [com.teampotato.redirector.Redirector/]: Redirecting me/jellysquid/mods/sodium/client/gui/console/message/MessageLevel
[08Jun2026 11:32:36.230] [Render thread/INFO] [de.keksuccino.fancymenu.customization.layer.ScreenCustomizationLayerHandler/]: [FANCYMENU] ScreenCustomizationLayer registered: xaero.common.gui.GuiWidgetUpdateAll
[08Jun2026 11:32:36.238] [Render thread/ERROR] [de.keksuccino.fancymenu.util.event.acara.EventHandler/]: ##################################
[08Jun2026 11:32:36.238] [Render thread/ERROR] [de.keksuccino.fancymenu.util.event.acara.EventHandler/]: [ACARA] Failed to notify event listener!
[08Jun2026 11:32:36.238] [Render thread/ERROR] [de.keksuccino.fancymenu.util.event.acara.EventHandler/]: [ACARA] Event Type: de.keksuccino.fancymenu.events.screen.RenderScreenEvent$Post
[08Jun2026 11:32:36.239] [Render thread/ERROR] [de.keksuccino.fancymenu.util.event.acara.EventHandler/]: [ACARA] Listener Parent Class Name: de.keksuccino.fancymenu.customization.layer.ScreenCustomizationLayer
[08Jun2026 11:32:36.239] [Render thread/ERROR] [de.keksuccino.fancymenu.util.event.acara.EventHandler/]: [ACARA] Listener Method Name In Parent Class: onRenderPost
[08Jun2026 11:32:36.239] [Render thread/ERROR] [de.keksuccino.fancymenu.util.event.acara.EventHandler/]: ##################################
[08Jun2026 11:32:36.241] [Render thread/WARN] [ModernFix/]: Game took 127.476 seconds to start
[08Jun2026 11:32:43.486] [Render thread/INFO] [com.teampotato.redirector.Redirector/]: Redirecting yalter/mousetweaks/MouseButton
[08Jun2026 11:32:43.503] [Render thread/INFO] [com.teampotato.redirector.Redirector/]: Redirecting org/anti_ad/mc/ipnext/profiles/config/ProfileSlotId
[08Jun2026 11:32:43.515] [Render thread/INFO] [com.teampotato.redirector.Redirector/]: Redirecting com/mojang/blaze3d/audio/Library$Pool
[08Jun2026 11:32:45.425] [Render thread/INFO] [com.teampotato.redirector.Redirector/]: Redirecting net/mehvahdjukaar/supplementaries/client/cannon/ShootingMode
[08Jun2026 11:32:45.839] [Render thread/INFO] [com.teampotato.redirector.Redirector/]: Redirecting de/keksuccino/fancymenu/util/rendering/ui/contextmenu/v2/ContextMenu$SubMenuOpeningSide
[08Jun2026 11:32:45.843] [Render thread/INFO] [com.teampotato.redirector.Redirector/]: Redirecting de/keksuccino/fancymenu/util/cycle/CommonCycles$CycleEnabledDisabled
[08Jun2026 11:32:45.874] [Render thread/INFO] [com.teampotato.redirector.Redirector/]: Redirecting de/keksuccino/fancymenu/util/rendering/ui/menubar/v2/MenuBar$Side
[08Jun2026 11:32:45.916] [Render thread/INFO] [com.teampotato.redirector.Redirector/]: Redirecting de/keksuccino/fancymenu/customization/overlay/DebugOverlay$LinePosition
[08Jun2026 11:32:45.926] [Render thread/INFO] [com.teampotato.redirector.Redirector/]: Redirecting de/keksuccino/fancymenu/util/rendering/ui/tooltip/Tooltip$TooltipTextAlignment
